ISO-10303-21;
HEADER;
FILE_DESCRIPTION((''),'2;1');
FILE_NAME('GRAINGER-6HY48','2025-07-15T02:01:59',('Administrator'),(''),
'CREO PARAMETRIC BY PTC INC, 2020414','CREO PARAMETRIC BY PTC INC, 2020414','');
FILE_SCHEMA(('AUTOMOTIVE_DESIGN { 1 0 10303 214 1 1 1 1 }'));
ENDSEC;
DATA;
#120=DIRECTION('',(-9.999999994272E-1,3.354164227955E-5,4.539582437688E-6));
#121=VECTOR('',#120,1.230241168512E-3);
#122=CARTESIAN_POINT('',(7.591038772688E-2,-1.968504549242E-2,
-2.586277146231E-9));
#123=LINE('',#122,#121);
#124=DRAUGHTING_PRE_DEFINED_CURVE_FONT('continuous');
#125=CURVE_STYLE('',#124,POSITIVE_LENGTH_MEASURE(2.E-2),#117);
#126=PRESENTATION_STYLE_ASSIGNMENT((#125));
#127=STYLED_ITEM('',(#126),#123);
#128=CARTESIAN_POINT('',(8.083164834712E-2,1.968493220640E-2,
6.431696611035E-9));
#129=CARTESIAN_POINT('',(8.073571495541E-2,1.968493220640E-2,
-1.206708025468E-3));
#130=CARTESIAN_POINT('',(8.054328983484E-2,1.946240026813E-2,
-3.623867073383E-3));
#131=CARTESIAN_POINT('',(8.025388748962E-2,1.846658016055E-2,
-7.138399139843E-3));
#132=CARTESIAN_POINT('',(7.996352035568E-2,1.683312013066E-2,
-1.041827181714E-2));
#133=CARTESIAN_POINT('',(7.967675377252E-2,1.465534669829E-2,
-1.330888012055E-2));
#134=CARTESIAN_POINT('',(7.938570661288E-2,1.194621318937E-2,
-1.578890417902E-2));
#135=CARTESIAN_POINT('',(7.909503532577E-2,8.827597869800E-3,
-1.772111227864E-2));
#136=CARTESIAN_POINT('',(7.880468644683E-2,5.410576582653E-3,
-1.904417561770E-2));
#137=CARTESIAN_POINT('',(7.851503887316E-2,1.816966766208E-3,
-1.971374215938E-2));
#138=CARTESIAN_POINT('',(7.822586688927E-2,-1.832351636163E-3,
-1.971203798585E-2));
#139=CARTESIAN_POINT('',(7.793695799061E-2,-5.416235470947E-3,
-1.904164307766E-2));
#140=CARTESIAN_POINT('',(7.764805456865E-2,-8.816166043645E-3,
-1.772538712916E-2));
#141=CARTESIAN_POINT('',(7.735894526838E-2,-1.192010267410E-2,
-1.580728100523E-2));
#142=CARTESIAN_POINT('',(7.706888123838E-2,-1.462523764514E-2,
-1.334138175419E-2));
#143=CARTESIAN_POINT('',(7.678214015755E-2,-1.680975052930E-2,
-1.045642512302E-2));
#144=CARTESIAN_POINT('',(7.649115960541E-2,-1.845409930425E-2,
-7.172782583379E-3));
#145=CARTESIAN_POINT('',(7.620036476765E-2,-1.945969697717E-2,
-3.644204165851E-3));
#146=CARTESIAN_POINT('',(7.600719800064E-2,-1.968504549242E-2,
-1.214026762634E-3));
#147=CARTESIAN_POINT('',(7.591038772688E-2,-1.968504549242E-2,
-2.586277146231E-9));
#149=CURVE_STYLE('',#124,POSITIVE_LENGTH_MEASURE(2.E-2),#117);
#150=PRESENTATION_STYLE_ASSIGNMENT((#149));
#151=STYLED_ITEM('',(#150),#148);
#152=DIRECTION('',(9.999999915774E-1,-1.296833686219E-4,5.233880939915E-6));
#153=VECTOR('',#152,1.230241476926E-3);
#154=CARTESIAN_POINT('',(7.960140688056E-2,1.968509174826E-2,
-7.240806540532E-12));
#155=LINE('',#154,#153);
#156=CURVE_STYLE('',#124,POSITIVE_LENGTH_MEASURE(2.E-2),#117);
#157=PRESENTATION_STYLE_ASSIGNMENT((#156));
#158=STYLED_ITEM('',(#157),#155);
#159=CARTESIAN_POINT('',(7.468014655908E-2,-1.968500422811E-2,
2.998504056469E-9));
#160=CARTESIAN_POINT('',(7.477630377478E-2,-1.968500422811E-2,
-1.206696257533E-3));
#161=CARTESIAN_POINT('',(7.496842541871E-2,-1.946236584556E-2,
-3.623880381074E-3));
#162=CARTESIAN_POINT('',(7.525795002161E-2,-1.846658604372E-2,
-7.138405443967E-3));
#163=CARTESIAN_POINT('',(7.554828445313E-2,-1.683311304554E-2,
-1.041827978015E-2));
#164=CARTESIAN_POINT('',(7.583505967359E-2,-1.465534239235E-2,
-1.330888524301E-2));
#165=CARTESIAN_POINT('',(7.612610430949E-2,-1.194620896201E-2,
-1.578890712095E-2));
#166=CARTESIAN_POINT('',(7.641677607538E-2,-8.827595100760E-3,
-1.772111353684E-2));
#167=CARTESIAN_POINT('',(7.670712462881E-2,-5.410575463507E-3,
-1.904417582452E-2));
#168=CARTESIAN_POINT('',(7.699677213834E-2,-1.816967034002E-3,
-1.971374205688E-2));
#169=CARTESIAN_POINT('',(7.728594399492E-2,1.832349818723E-3,
-1.971203802583E-2));
#170=CARTESIAN_POINT('',(7.757485267178E-2,5.416231426200E-3,
-1.904164409656E-2));
#171=CARTESIAN_POINT('',(7.786375615055E-2,8.816161166354E-3,
-1.772538951977E-2));
#172=CARTESIAN_POINT('',(7.815286476661E-2,1.192009735302E-2,
-1.580728478651E-2));
#173=CARTESIAN_POINT('',(7.844293090855E-2,1.462523235758E-2,
-1.334138795870E-2));
#174=CARTESIAN_POINT('',(7.872966345301E-2,1.680974387178E-2,
-1.045643281508E-2));
#175=CARTESIAN_POINT('',(7.902067550629E-2,1.845410177689E-2,
-7.172792993965E-3));
#176=CARTESIAN_POINT('',(7.931135307290E-2,1.945967441941E-2,
-3.644204546025E-3));
#177=CARTESIAN_POINT('',(7.950481234662E-2,1.968509174826E-2,
-1.214044185891E-3));
#178=CARTESIAN_POINT('',(7.960140688056E-2,1.968509174826E-2,
-7.240806540532E-12));
#180=CURVE_STYLE('',#124,POSITIVE_LENGTH_MEASURE(2.E-2),#117);
#181=PRESENTATION_STYLE_ASSIGNMENT((#180));
#182=STYLED_ITEM('',(#181),#179);
#183=CARTESIAN_POINT('',(7.591038772688E-2,-1.968504549242E-2,
-2.586277146231E-9));
#184=CARTESIAN_POINT('',(7.581416220892E-2,-1.968504549242E-2,
1.206688611365E-3));
#185=CARTESIAN_POINT('',(7.562216592951E-2,-1.946234769191E-2,
3.623876083499E-3));
#186=CARTESIAN_POINT('',(7.533259122282E-2,-1.846659424830E-2,
7.138396725589E-3));
#187=CARTESIAN_POINT('',(7.504227027299E-2,-1.683311635586E-2,
1.041827246404E-2));
#188=CARTESIAN_POINT('',(7.475549131487E-2,-1.465534770974E-2,
1.330887994721E-2));
#189=CARTESIAN_POINT('',(7.446444747097E-2,-1.194621291836E-2,
1.578890422547E-2));
#190=CARTESIAN_POINT('',(7.417377529583E-2,-8.827597942404E-3,
1.772111226617E-2));
#191=CARTESIAN_POINT('',(7.388342665329E-2,-5.410576563253E-3,
1.904417562114E-2));
#192=CARTESIAN_POINT('',(7.359377902208E-2,-1.816966771202E-3,
1.971374215808E-2));
#193=CARTESIAN_POINT('',(7.330460703194E-2,1.832351636743E-3,
1.971203798758E-2));
#194=CARTESIAN_POINT('',(7.301569821580E-2,5.416235473625E-3,
1.904164307202E-2));
#195=CARTESIAN_POINT('',(7.272679447002E-2,8.816166032354E-3,
1.772538714997E-2));
#196=CARTESIAN_POINT('',(7.243768638251E-2,1.192010271659E-2,
1.580728092763E-2));
#197=CARTESIAN_POINT('',(7.214761782530E-2,1.462523748649E-2,
1.334138204380E-2));
#198=CARTESIAN_POINT('',(7.186089364056E-2,1.680975112140E-2,
1.045642404218E-2));
#199=CARTESIAN_POINT('',(7.156985003124E-2,1.845409709449E-2,
7.172786617133E-3));
#200=CARTESIAN_POINT('',(7.127929052615E-2,1.945970522408E-2,
3.644189111674E-3));
#201=CARTESIAN_POINT('',(7.108553824346E-2,1.968502772280E-2,
1.214059199879E-3));
#202=CARTESIAN_POINT('',(7.098912852771E-2,1.968502772280E-2,
3.148209721657E-9));
#204=CURVE_STYLE('',#124,POSITIVE_LENGTH_MEASURE(2.E-2),#117);
#205=PRESENTATION_STYLE_ASSIGNMENT((#204));
#206=STYLED_ITEM('',(#205),#203);
#207=CARTESIAN_POINT('',(6.975888702668E-2,1.968497027494E-2,
-4.180130872992E-9));
#208=CARTESIAN_POINT('',(6.985485177664E-2,1.968497027494E-2,
1.206710433861E-3));
#209=CARTESIAN_POINT('',(7.004725475806E-2,1.946238158975E-2,
3.623873826589E-3));
#210=CARTESIAN_POINT('',(7.033666625681E-2,1.846658191298E-2,
7.138406883132E-3));
#211=CARTESIAN_POINT('',(7.062703093708E-2,1.683311464369E-2,
1.041827845893E-2));
#212=CARTESIAN_POINT('',(7.091379799660E-2,1.465534311055E-2,
1.330888426969E-2));
#213=CARTESIAN_POINT('',(7.120484487020E-2,1.194620963203E-2,
1.578890667950E-2));
#214=CARTESIAN_POINT('',(7.149551604561E-2,8.827595799450E-3,
1.772111317591E-2));
#215=CARTESIAN_POINT('',(7.178586477020E-2,5.410576069547E-3,
1.904417568167E-2));
#216=CARTESIAN_POINT('',(7.207551228205E-2,1.816967119112E-3,
1.971374207757E-2));
#217=CARTESIAN_POINT('',(7.236468417201E-2,-1.832350119425E-3,
1.971203802638E-2));
#218=CARTESIAN_POINT('',(7.265359292326E-2,-5.416232293410E-3,
1.904164388923E-2));
#219=CARTESIAN_POINT('',(7.294249629909E-2,-8.816162070787E-3,
1.772538901910E-2));
#220=CARTESIAN_POINT('',(7.323160531962E-2,-1.192009797343E-2,
1.580728445710E-2));
#221=CARTESIAN_POINT('',(7.352166977566E-2,-1.462523180898E-2,
1.334138763690E-2));
#222=CARTESIAN_POINT('',(7.380840856744E-2,-1.680974706427E-2,
1.045643265865E-2));
#223=CARTESIAN_POINT('',(7.409939733654E-2,-1.845409095005E-2,
7.172791697403E-3));
#224=CARTESIAN_POINT('',(7.439016168942E-2,-1.945971502177E-2,
3.644208634619E-3));
#225=CARTESIAN_POINT('',(7.458340498481E-2,-1.968500422811E-2,
1.214035505917E-3));
#226=CARTESIAN_POINT('',(7.468014655908E-2,-1.968500422811E-2,
2.998504056469E-9));
#228=CURVE_STYLE('',#124,POSITIVE_LENGTH_MEASURE(2.E-2),#117);
#229=PRESENTATION_STYLE_ASSIGNMENT((#228));
#230=STYLED_ITEM('',(#229),#227);
#231=DIRECTION('',(-9.999999769810E-1,-2.144810626065E-4,5.988225435206E-6));
#232=VECTOR('',#231,1.230156453480E-3);
#233=CARTESIAN_POINT('',(6.606786894321E-2,-1.968494040352E-2,
-6.155799700405E-9));
#234=LINE('',#233,#232);
#235=CURVE_STYLE('',#124,POSITIVE_LENGTH_MEASURE(2.E-2),#117);
#236=PRESENTATION_STYLE_ASSIGNMENT((#235));
#237=STYLED_ITEM('',(#236),#234);
#238=CARTESIAN_POINT('',(7.098912852771E-2,1.968502772280E-2,
3.148209721657E-9));
#239=CARTESIAN_POINT('',(7.089330114830E-2,1.968502772280E-2,
-1.206719732210E-3));
#240=CARTESIAN_POINT('',(7.070072101165E-2,1.946235593882E-2,
-3.623861640265E-3));
#241=CARTESIAN_POINT('',(7.041138097107E-2,1.846659203855E-2,
-7.138400595642E-3));
#242=CARTESIAN_POINT('',(7.012099714266E-2,1.683311694796E-2,
-1.041827142706E-2));
#243=CARTESIAN_POINT('',(6.983423503277E-2,1.465534755108E-2,
-1.330888022507E-2));
#244=CARTESIAN_POINT('',(6.954318667450E-2,1.194621296089E-2,
-1.578890415102E-2));
#245=CARTESIAN_POINT('',(6.925251570865E-2,8.827597930936E-3,
-1.772111228613E-2));
#246=CARTESIAN_POINT('',(6.896216674332E-2,5.410576566594E-3,
-1.904417561572E-2));
#247=CARTESIAN_POINT('',(6.867251919396E-2,1.816966769307E-3,
-1.971374215979E-2));
#248=CARTESIAN_POINT('',(6.838334719922E-2,-1.832351632505E-3,
-1.971203798616E-2));
#249=CARTESIAN_POINT('',(6.809443831962E-2,-5.416235488682E-3,
-1.904164307598E-2));
#250=CARTESIAN_POINT('',(6.780553483225E-2,-8.816165976365E-3,
-1.772538713557E-2));
#251=CARTESIAN_POINT('',(6.751642577455E-2,-1.192010292549E-2,
-1.580728098128E-2));
#252=CARTESIAN_POINT('',(6.722636083971E-2,-1.462523670687E-2,
-1.334138184358E-2));
#253=CARTESIAN_POINT('',(6.693962313570E-2,-1.680975403096E-2,
-1.045642478940E-2));
#254=CARTESIAN_POINT('',(6.664862998110E-2,-1.845408623585E-2,
-7.172783828460E-3));
#255=CARTESIAN_POINT('',(6.635788217639E-2,-1.945974574909E-2,
-3.644199519146E-3));
#256=CARTESIAN_POINT('',(6.616459838956E-2,-1.968494040352E-2,
-1.214036774892E-3));
#257=CARTESIAN_POINT('',(6.606786894321E-2,-1.968494040352E-2,
-6.155799700405E-9));
#259=CURVE_STYLE('',#124,POSITIVE_LENGTH_MEASURE(2.E-2),#117);
#260=PRESENTATION_STYLE_ASSIGNMENT((#259));
#261=STYLED_ITEM('',(#260),#258);
#262=DIRECTION('',(9.999999988920E-1,4.669640896318E-5,5.956830898941E-6));
#263=VECTOR('',#262,1.230241502399E-3);
#264=CARTESIAN_POINT('',(6.975888702668E-2,1.968497027494E-2,
-4.180130872992E-9));
#265=LINE('',#264,#263);
#266=CURVE_STYLE('',#124,POSITIVE_LENGTH_MEASURE(2.E-2),#117);
#267=PRESENTATION_STYLE_ASSIGNMENT((#266));
#268=STYLED_ITEM('',(#267),#265);
#269=CARTESIAN_POINT('',(6.729836735674E-2,-1.114611738593E-8,
-1.968496940602E-2));
#270=CARTESIAN_POINT('',(6.738964345161E-2,1.145266925225E-3,
-1.968496940602E-2));
#271=CARTESIAN_POINT('',(6.757151332140E-2,3.435824792256E-3,
-1.948466221567E-2));
#272=CARTESIAN_POINT('',(6.784508182262E-2,6.767109873835E-3,
-1.859196874563E-2));
#273=CARTESIAN_POINT('',(6.811843822662E-2,9.892730436496E-3,
-1.713444725187E-2));
#274=CARTESIAN_POINT('',(6.839184630311E-2,1.271773637458E-2,
-1.515633204726E-2));
#275=CARTESIAN_POINT('',(6.866523969601E-2,1.515633099540E-2,
-1.271773805149E-2));
#276=CARTESIAN_POINT('',(6.893863346178E-2,1.713444673906E-2,
-9.892730300790E-3));
#277=CARTESIAN_POINT('',(6.921204740424E-2,1.859196872977E-2,
-6.767114141818E-3));
#278=CARTESIAN_POINT('',(6.948540032793E-2,1.948466179976E-2,
-3.435810581919E-3));
#279=CARTESIAN_POINT('',(6.966780681465E-2,1.968497027494E-2,
-1.145297873248E-3));
#280=CARTESIAN_POINT('',(6.975888702668E-2,1.968497027494E-2,
-4.180130872992E-9));
#282=CURVE_STYLE('',#124,POSITIVE_LENGTH_MEASURE(2.E-2),#117);
#283=PRESENTATION_STYLE_ASSIGNMENT((#282));
#284=STYLED_ITEM('',(#283),#281);
#285=CARTESIAN_POINT('',(6.483771251804E-2,-1.968520424879E-2,
1.210654463604E-9));
#286=CARTESIAN_POINT('',(6.492862923855E-2,-1.968520424879E-2,
-1.145301831758E-3));
#287=CARTESIAN_POINT('',(6.511106093218E-2,-1.948455452850E-2,
-3.435798078830E-3));
#288=CARTESIAN_POINT('',(6.538440326626E-2,-1.859200148407E-2,
-6.767105089566E-3));
#289=CARTESIAN_POINT('',(6.565782075683E-2,-1.713444356619E-2,
-9.892722490241E-3));
#290=CARTESIAN_POINT('',(6.593121174318E-2,-1.515633586308E-2,
-1.271773516567E-2));
#291=CARTESIAN_POINT('',(6.620461483836E-2,-1.271773482888E-2,
-1.515633382027E-2));
#292=CARTESIAN_POINT('',(6.647798975293E-2,-9.892721828363E-3,
-1.713445137231E-2));
#293=CARTESIAN_POINT('',(6.675147153096E-2,-6.767108108228E-3,
-1.859197228257E-2));
#294=CARTESIAN_POINT('',(6.702457278766E-2,-3.435786695058E-3,
-1.948466351781E-2));
#295=CARTESIAN_POINT('',(6.720760449671E-2,-1.145326393028E-3,
-1.968496940602E-2));
#296=CARTESIAN_POINT('',(6.729836735674E-2,-1.114611738593E-8,
-1.968496940602E-2));
#298=CURVE_STYLE('',#124,POSITIVE_LENGTH_MEASURE(2.E-2),#117);
#299=PRESENTATION_STYLE_ASSIGNMENT((#298));
#300=STYLED_ITEM('',(#299),#297);
#301=CARTESIAN_POINT('',(5.991645944770E-2,1.968499500342E-2,
-8.864228928400E-9));
#302=CARTESIAN_POINT('',(6.001287880967E-2,1.968499500342E-2,
1.206669734847E-3));
#303=CARTESIAN_POINT('',(6.020448139698E-2,1.946237001671E-2,
3.623893423067E-3));
#304=CARTESIAN_POINT('',(6.049421461099E-2,1.846658475064E-2,
7.138402431739E-3));
#305=CARTESIAN_POINT('',(6.078449313183E-2,1.683311323234E-2,
1.041828089327E-2));
#306=CARTESIAN_POINT('',(6.107128335886E-2,1.465534191639E-2,
1.330888545518E-2));
#307=CARTESIAN_POINT('',(6.136232397779E-2,1.194620853825E-2,
1.578890751443E-2));
#308=CARTESIAN_POINT('',(6.165299683342E-2,8.827594449106E-3,
1.772111388661E-2));
#309=CARTESIAN_POINT('',(6.194334515153E-2,5.410574125507E-3,
1.904417620826E-2));
#310=CARTESIAN_POINT('',(6.223299267793E-2,1.816966344813E-3,
1.971374207415E-2));
#311=CARTESIAN_POINT('',(6.252216453614E-2,-1.832350572492E-3,
1.971203802012E-2));
#312=CARTESIAN_POINT('',(6.281107325423E-2,-5.416233378826E-3,
1.904164357642E-2));
#313=CARTESIAN_POINT('',(6.309997694960E-2,-8.816162698061E-3,
1.772538873433E-2));
#314=CARTESIAN_POINT('',(6.338908458727E-2,-1.192009787548E-2,
1.580728416974E-2));
#315=CARTESIAN_POINT('',(6.367915425586E-2,-1.462523469762E-2,
1.334138671473E-2));
#316=CARTESIAN_POINT('',(6.396587390032E-2,-1.680974095704E-2,
1.045643077466E-2));
#317=CARTESIAN_POINT('',(6.425693396925E-2,-1.845411616805E-2,
7.172794237305E-3));
#318=CARTESIAN_POINT('',(6.454743217502E-2,-1.945962234864E-2,
3.644194978033E-3));
#319=CARTESIAN_POINT('',(6.474133761391E-2,-1.968520424879E-2,
1.214062499959E-3));
#320=CARTESIAN_POINT('',(6.483771251804E-2,-1.968520424879E-2,
1.210654463604E-9));
#322=CURVE_STYLE('',#124,POSITIVE_LENGTH_MEASURE(2.E-2),#117);
#323=PRESENTATION_STYLE_ASSIGNMENT((#322));
#324=STYLED_ITEM('',(#323),#321);
#325=CARTESIAN_POINT('',(6.606786894321E-2,-1.968494040352E-2,
-6.155799700405E-9));
#326=CARTESIAN_POINT('',(6.597172376443E-2,-1.968494040352E-2,
1.206691445662E-3));
#327=CARTESIAN_POINT('',(6.577960854057E-2,-1.946239646383E-2,
3.623874768098E-3));
#328=CARTESIAN_POINT('',(6.549008164049E-2,-1.846658117991E-2,
7.138397078050E-3));
#329=CARTESIAN_POINT('',(6.519974788093E-2,-1.683311985753E-2,
1.041827236959E-2));
#330=CARTESIAN_POINT('',(6.491297235515E-2,-1.465534677148E-2,
1.330887997252E-2));
#331=CARTESIAN_POINT('',(6.462192759160E-2,-1.194621316975E-2,
1.578890421869E-2));
#332=CARTESIAN_POINT('',(6.433125566273E-2,-8.827597875120E-3,
1.772111226800E-2));
#333=CARTESIAN_POINT('',(6.404090695478E-2,-5.410576581003E-3,
1.904417562060E-2));
#334=CARTESIAN_POINT('',(6.375125933892E-2,-1.816966767488E-3,
1.971374215840E-2));
#335=CARTESIAN_POINT('',(6.346208735280E-2,1.832351639635E-3,
1.971203798685E-2));
#336=CARTESIAN_POINT('',(6.317317850522E-2,5.416235458343E-3,
1.904164307462E-2));
#337=CARTESIAN_POINT('',(6.288427488118E-2,8.816166090593E-3,
1.772538714030E-2));
#338=CARTESIAN_POINT('',(6.259516633814E-2,1.192010249892E-2,
1.580728096371E-2));
#339=CARTESIAN_POINT('',(6.230509948132E-2,1.462523829893E-2,
1.334138190915E-2));
#340=CARTESIAN_POINT('',(6.201836895057E-2,1.680974808930E-2,
1.045642454472E-2));
#341=CARTESIAN_POINT('',(6.172734902492E-2,1.845410841045E-2,
7.172784741617E-3));
#342=CARTESIAN_POINT('',(6.143670113114E-2,1.945966299237E-2,
3.644196111197E-3));
#343=CARTESIAN_POINT('',(6.124316876254E-2,1.968511871948E-2,
1.214044118003E-3));
#344=CARTESIAN_POINT('',(6.114660805582E-2,1.968511871948E-2,
6.616518202620E-11));
#346=CURVE_STYLE('',#124,POSITIVE_LENGTH_MEASURE(2.E-2),#117);
#347=PRESENTATION_STYLE_ASSIGNMENT((#346));
#348=STYLED_ITEM('',(#347),#345);
#349=CARTESIAN_POINT('',(9.251968551414E-2,-1.516506572595E-2,
-4.245146510467E-3));
#350=CARTESIAN_POINT('',(9.244691237357E-2,-1.546839650421E-2,
-3.317412149844E-3));
#351=CARTESIAN_POINT('',(9.230172177090E-2,-1.590380344742E-2,
-1.398930438328E-3));
#352=CARTESIAN_POINT('',(9.208372195632E-2,-1.601487162375E-2,
1.569640932283E-3));
#353=CARTESIAN_POINT('',(9.186600969411E-2,-1.557291332926E-2,
4.527629653747E-3));
#354=CARTESIAN_POINT('',(9.164908040695E-2,-1.458743127669E-2,
7.369581226792E-3));
#355=CARTESIAN_POINT('',(9.143202236961E-2,-1.308744841831E-2,
9.997447764852E-3));
#356=CARTESIAN_POINT('',(9.121562030077E-2,-1.111779568074E-2,
1.231954856008E-2));
#357=CARTESIAN_POINT('',(9.099958726842E-2,-8.741610092379E-3,
1.425220986129E-2));
#358=CARTESIAN_POINT('',(9.078363936224E-2,-6.038386309416E-3,
1.572497989770E-2));
#359=CARTESIAN_POINT('',(9.056870302901E-2,-3.093883695883E-3,
1.668458634384E-2));
#360=CARTESIAN_POINT('',(9.042506874338E-2,-1.035805811314E-3,
1.695735877822E-2));
#361=CARTESIAN_POINT('',(9.035356886912E-2,2.524818259905E-9,
1.699863924987E-2));
#363=CURVE_STYLE('',#124,POSITIVE_LENGTH_MEASURE(2.E-2),#117);
#364=PRESENTATION_STYLE_ASSIGNMENT((#363));
#365=STYLED_ITEM('',(#364),#362);
#366=CARTESIAN_POINT('',(9.251970371927E-2,-1.015233984315E-2,
-1.015233678872E-2));
#367=CARTESIAN_POINT('',(9.251970371927E-2,-1.085432090275E-2,
-9.673293586748E-3));
#368=CARTESIAN_POINT('',(9.251967638539E-2,-1.216388524181E-2,
-8.598871241252E-3));
#369=CARTESIAN_POINT('',(9.251968730846E-2,-1.387426699832E-2,
-6.596662444139E-3));
#370=CARTESIAN_POINT('',(9.251968551414E-2,-1.477457679879E-2,
-5.066885400075E-3));
#371=CARTESIAN_POINT('',(9.251968551414E-2,-1.516506572595E-2,
-4.245146510467E-3));
#373=CURVE_STYLE('',#124,POSITIVE_LENGTH_MEASURE(2.E-2),#117);
#374=PRESENTATION_STYLE_ASSIGNMENT((#373));
#375=STYLED_ITEM('',(#374),#372);
#376=CARTESIAN_POINT('',(6.422251055622E-2,-7.000429195333E-9,
-1.435738962666E-2));
#377=CARTESIAN_POINT('',(6.433154804071E-2,9.996906798236E-4,
-1.435712160930E-2));
#378=CARTESIAN_POINT('',(6.455002639418E-2,3.001736006597E-3,
-1.414845066038E-2));
#379=CARTESIAN_POINT('',(6.487874829262E-2,5.883914732869E-3,
-1.321309708080E-2));
#380=CARTESIAN_POINT('',(6.520785852822E-2,8.508015730179E-3,
-1.169342860636E-2));
#381=CARTESIAN_POINT('',(6.553197069435E-2,1.073051843766E-2,
-9.697340120255E-3));
#382=CARTESIAN_POINT('',(6.586462834482E-2,1.253570242360E-2,
-7.219517520460E-3));
#383=CARTESIAN_POINT('',(6.619496212601E-2,1.376724544262E-2,
-4.434715087635E-3));
#384=CARTESIAN_POINT('',(6.652544176171E-2,1.439111503375E-2,
-1.453768984940E-3));
#385=CARTESIAN_POINT('',(6.685511496487E-2,1.437692081895E-2,
1.584826606508E-3));
#386=CARTESIAN_POINT('',(6.718432864661E-2,1.372938634928E-2,
4.549001523885E-3));
#387=CARTESIAN_POINT('',(6.751316782056E-2,1.247998866312E-2,
7.310041931662E-3));
#388=CARTESIAN_POINT('',(6.784194651972E-2,1.068313741236E-2,
9.749590411618E-3));
#389=CARTESIAN_POINT('',(6.817055125832E-2,8.419298652696E-3,
1.176185588680E-2));
#390=CARTESIAN_POINT('',(6.850168128411E-2,5.763692140226E-3,
1.326497997161E-2));
#391=CARTESIAN_POINT('',(6.882770344428E-2,2.898165497307E-3,
1.416850297419E-2));
#392=CARTESIAN_POINT('',(6.915689017518E-2,-1.211007239712E-4,
1.446473431304E-2));
#393=CARTESIAN_POINT('',(6.948879635529E-2,-3.160424726653E-3,
1.411570417806E-2));
#394=CARTESIAN_POINT('',(6.981967950494E-2,-6.049226079850E-3,
1.313845225270E-2));
#395=CARTESIAN_POINT('',(7.014929291517E-2,-8.659420594358E-3,
1.158473474519E-2));
#396=CARTESIAN_POINT('',(7.047801095176E-2,-1.088364975521E-2,
9.527178542097E-3));
#397=CARTESIAN_POINT('',(7.080841174050E-2,-1.263499631582E-2,
7.036746479154E-3));
#398=CARTESIAN_POINT('',(7.113436079330E-2,-1.381722058113E-2,
4.274989835084E-3));
#399=CARTESIAN_POINT('',(7.146728610928E-2,-1.441131921524E-2,
1.264784290005E-3));
#400=CARTESIAN_POINT('',(7.179910845174E-2,-1.435325407271E-2,
-1.793521497649E-3));
#401=CARTESIAN_POINT('',(7.213028573412E-2,-1.365700848389E-2,
-4.765154822433E-3));
#402=CARTESIAN_POINT('',(7.246037985934E-2,-1.235781975487E-2,
-7.516150557724E-3));
#403=CARTESIAN_POINT('',(7.278951937119E-2,-1.051793498765E-2,
-9.927998165839E-3));
#404=CARTESIAN_POINT('',(7.311784456165E-2,-8.221672523990E-3,
-1.189851112263E-2));
#405=CARTESIAN_POINT('',(7.344555826146E-2,-5.571306506491E-3,
-1.334602492971E-2));
#406=CARTESIAN_POINT('',(7.377274628455E-2,-2.682942015329E-3,
-1.421230888220E-2));
#407=CARTESIAN_POINT('',(7.410144646104E-2,3.363030411572E-4,
-1.445854672653E-2));
#408=CARTESIAN_POINT('',(7.442690729353E-2,3.310848206437E-3,
-1.407618340325E-2));
#409=CARTESIAN_POINT('',(7.475243439317E-2,6.144981986285E-3,
-1.309292229679E-2));
#410=CARTESIAN_POINT('',(7.508300520207E-2,8.752101546405E-3,
-1.151649666621E-2));
#411=CARTESIAN_POINT('',(7.541248916472E-2,1.096277864487E-2,
-9.434334711585E-3));
#412=CARTESIAN_POINT('',(7.574122090907E-2,1.268672406764E-2,
-6.943543308425E-3));
#413=CARTESIAN_POINT('',(7.606873084968E-2,1.385303031121E-2,
-4.159255167573E-3));
#414=CARTESIAN_POINT('',(7.639863365987E-2,1.441502752238E-2,
-1.171516293945E-3));
#415=CARTESIAN_POINT('',(7.672450175147E-2,1.434606880057E-2,
1.830939030293E-3));
#416=CARTESIAN_POINT('',(7.705534481063E-2,1.364662305603E-2,
4.798558414016E-3));
#417=CARTESIAN_POINT('',(7.738683995257E-2,1.233341729745E-2,
7.557669433349E-3));
#418=CARTESIAN_POINT('',(7.771693252415E-2,1.047897359259E-2,
9.969347286423E-3));
#419=CARTESIAN_POINT('',(7.804586166002E-2,8.170530941077E-3,
1.193402980306E-2));
#420=CARTESIAN_POINT('',(7.837367790164E-2,5.512909522387E-3,
1.337086901693E-2));
#421=CARTESIAN_POINT('',(7.870095827607E-2,2.619628658029E-3,
1.422306831883E-2));
#422=CARTESIAN_POINT('',(7.902819232318E-2,-3.868085654738E-4,
1.445703335391E-2));
#423=CARTESIAN_POINT('',(7.935575918599E-2,-3.379615424493E-3,
1.406267704413E-2));
#424=CARTESIAN_POINT('',(7.968464125158E-2,-6.236947719919E-3,
1.305040269231E-2));
#425=CARTESIAN_POINT('',(8.001359856038E-2,-8.818524637302E-3,
1.146160298936E-2));
#426=CARTESIAN_POINT('',(8.033890317723E-2,-1.099346907045E-2,
9.398127583035E-3));
#427=CARTESIAN_POINT('',(8.067088426222E-2,-1.272658460877E-2,
6.876875602941E-3));
#428=CARTESIAN_POINT('',(8.100082540850E-2,-1.388120781561E-2,
4.063170084221E-3));
#429=CARTESIAN_POINT('',(8.132993285900E-2,-1.442234950088E-2,
1.079156607445E-3));
#430=CARTESIAN_POINT('',(8.165720933856E-2,-1.433280837475E-2,
-1.935785115181E-3));
#431=CARTESIAN_POINT('',(8.198541768918E-2,-1.361619509013E-2,
-4.874328859451E-3));
#432=CARTESIAN_POINT('',(8.231089076365E-2,-1.231666475355E-2,
-7.577487586291E-3));
#433=CARTESIAN_POINT('',(8.263798898931E-2,-1.048055789441E-2,
-9.968044790803E-3));
#434=CARTESIAN_POINT('',(8.296920779002E-2,-8.155794031474E-3,
-1.194659987632E-2));
#435=CARTESIAN_POINT('',(8.329900242827E-2,-5.478458262289E-3,
-1.338608882611E-2));
#436=CARTESIAN_POINT('',(8.362868178488E-2,-2.561275170036E-3,
-1.423505012813E-2));
#437=CARTESIAN_POINT('',(8.395780532338E-2,4.639402110214E-4,
-1.445617356320E-2));
#438=CARTESIAN_POINT('',(8.428665877903E-2,3.466344952089E-3,
-1.404198170699E-2));
#439=CARTESIAN_POINT('',(8.461531993678E-2,6.314772218983E-3,
-1.301179029193E-2));
#440=CARTESIAN_POINT('',(8.494407602299E-2,8.886752071318E-3,
-1.141085564768E-2));
#441=CARTESIAN_POINT('',(8.527324140228E-2,1.107318347777E-2,
-9.307219585953E-3));
#442=CARTESIAN_POINT('',(8.560409420185E-2,1.277570379701E-2,
-6.777928168903E-3));
#443=CARTESIAN_POINT('',(8.592913317849E-2,1.389824782552E-2,
-4.000491467586E-3));
#444=CARTESIAN_POINT('',(8.626113398521E-2,1.443231976482E-2,
-9.879892942140E-4));
#445=CARTESIAN_POINT('',(8.659241325404E-2,1.431690126899E-2,
2.063717007797E-3));
#446=CARTESIAN_POINT('',(8.692303616325E-2,1.356592231366E-2,
5.016732605035E-3));
#447=CARTESIAN_POINT('',(8.725199606186E-2,1.222179446229E-2,
7.734183484087E-3));
#448=CARTESIAN_POINT('',(8.758137789814E-2,1.033874048196E-2,
1.011534837141E-2));
#449=CARTESIAN_POINT('',(8.790996437095E-2,8.004879802178E-3,
1.204480115044E-2));
#450=CARTESIAN_POINT('',(8.823740096182E-2,5.331998586601E-3,
1.344577105269E-2));
#451=CARTESIAN_POINT('',(8.857094825490E-2,2.370738910009E-3,
1.427078258063E-2));
#452=CARTESIAN_POINT('',(8.890218702647E-2,-6.775079202712E-4,
1.444894748674E-2));
#453=CARTESIAN_POINT('',(8.923310811725E-2,-3.691880776408E-3,
1.398526055364E-2));
#454=CARTESIAN_POINT('',(8.956295189550E-2,-6.533070273940E-3,
1.290411777934E-2));
#455=CARTESIAN_POINT('',(8.989205976785E-2,-9.080504151289E-3,
1.125785847936E-2));
#456=CARTESIAN_POINT('',(9.022046573583E-2,-1.122437693343E-2,
9.121171116149E-3));
#457=CARTESIAN_POINT('',(9.054854956931E-2,-1.287444951723E-2,
6.587976887436E-3));
#458=CARTESIAN_POINT('',(9.087617281574E-2,-1.396394287088E-2,
3.771687660419E-3));
#459=CARTESIAN_POINT('',(9.120671871785E-2,-1.444199829530E-2,
7.634250446529E-4));
#460=CARTESIAN_POINT('',(9.152999042230E-2,-1.429068912011E-2,
-2.212116433937E-3));
#461=CARTESIAN_POINT('',(9.185936254202E-2,-1.351783288481E-2,
-5.147064482357E-3));
#462=CARTESIAN_POINT('',(9.218963774082E-2,-1.214132174658E-2,
-7.862082111109E-3));
#463=CARTESIAN_POINT('',(9.240961104219E-2,-1.086550795317E-2,
-9.438812353490E-3));
#464=CARTESIAN_POINT('',(9.251970371927E-2,-1.015233984315E-2,
-1.015233678872E-2));
#466=CURVE_STYLE('',#124,POSITIVE_LENGTH_MEASURE(2.E-2),#117);
#467=PRESENTATION_STYLE_ASSIGNMENT((#466));
#468=STYLED_ITEM('',(#467),#465);
#469=DIRECTION('',(-4.999972179560E-1,6.739041172070E-7,8.660270099921E-1));
#470=VECTOR('',#469,6.151747829911E-3);
#471=CARTESIAN_POINT('',(6.729836735674E-2,-1.114611738593E-8,
-1.968496940602E-2));
#472=LINE('',#471,#470);
#473=CURVE_STYLE('',#124,POSITIVE_LENGTH_MEASURE(2.E-2),#117);
#474=PRESENTATION_STYLE_ASSIGNMENT((#473));
#475=STYLED_ITEM('',(#474),#472);
#476=CARTESIAN_POINT('',(8.570057644810E-2,-1.967403480064E-2,
6.579372046152E-4));
#477=CARTESIAN_POINT('',(8.560541024808E-2,-1.963412640837E-2,
1.851300421080E-3));
#478=CARTESIAN_POINT('',(8.541530956271E-2,-1.933625176569E-2,
4.234420279189E-3));
#479=CARTESIAN_POINT('',(8.512891182996E-2,-1.824579668274E-2,
7.679022046611E-3));
#480=CARTESIAN_POINT('',(8.484159168753E-2,-1.653757929347E-2,
1.087718597665E-2));
#481=CARTESIAN_POINT('',(8.455782192973E-2,-1.430730948632E-2,
1.367872863714E-2));
#482=CARTESIAN_POINT('',(8.427015619957E-2,-1.157042216199E-2,
1.606317163473E-2));
#483=CARTESIAN_POINT('',(8.398258463134E-2,-8.443222713879E-3,
1.790480128110E-2));
#484=CARTESIAN_POINT('',(8.369536005294E-2,-5.037103096295E-3,
1.914384461115E-2));
#485=CARTESIAN_POINT('',(8.340879201865E-2,-1.470369068621E-3,
1.974023791264E-2));
#486=CARTESIAN_POINT('',(8.312268841262E-2,2.139386139585E-3,
1.967870710896E-2));
#487=CARTESIAN_POINT('',(8.283682833801E-2,5.675040704268E-3,
1.896364484304E-2));
#488=CARTESIAN_POINT('',(8.255098050849E-2,9.021968384689E-3,
1.761893640205E-2));
#489=CARTESIAN_POINT('',(8.226487400114E-2,1.207273474526E-2,
1.568791712423E-2));
#490=CARTESIAN_POINT('',(8.197806086325E-2,1.472588428082E-2,
1.322661940903E-2));
#491=CARTESIAN_POINT('',(8.169423193756E-2,1.686885171854E-2,
1.035661639231E-2));
#492=CARTESIAN_POINT('',(8.140615566604E-2,1.848023167833E-2,
7.098504960950E-3));
#493=CARTESIAN_POINT('',(8.111864924934E-2,1.946456275330E-2,
3.605097140621E-3));
#494=CARTESIAN_POINT('',(8.092712358881E-2,1.968493220640E-2,
1.200957971045E-3));
#495=CARTESIAN_POINT('',(8.083164834712E-2,1.968493220640E-2,
6.431696611035E-9));
#497=CURVE_STYLE('',#124,POSITIVE_LENGTH_MEASURE(2.E-2),#117);
#498=PRESENTATION_STYLE_ASSIGNMENT((#497));
#499=STYLED_ITEM('',(#498),#496);
#500=CARTESIAN_POINT('',(8.452267430145E-2,-1.968496523579E-2,
4.808118431976E-9));
#501=CARTESIAN_POINT('',(8.462070819241E-2,-1.968496523579E-2,
-1.233503886482E-3));
#502=CARTESIAN_POINT('',(8.481715890205E-2,-1.945251131089E-2,
-3.700489540367E-3));
#503=CARTESIAN_POINT('',(8.511157398007E-2,-1.841818057783E-2,
-7.270684767207E-3));
#504=CARTESIAN_POINT('',(8.540614670186E-2,-1.673488704650E-2,
-1.058475251408E-2));
#505=CARTESIAN_POINT('',(8.560230525101E-2,-1.521947387346E-2,
-1.254547935663E-2));
#506=CARTESIAN_POINT('',(8.570061450316E-2,-1.437683765677E-2,
-1.344642102051E-2));
#508=CURVE_STYLE('',#124,POSITIVE_LENGTH_MEASURE(2.E-2),#117);
#509=PRESENTATION_STYLE_ASSIGNMENT((#508));
#510=STYLED_ITEM('',(#509),#507);
#511=CARTESIAN_POINT('',(7.960140688056E-2,1.968509174826E-2,
-7.240806540532E-12));
#512=CARTESIAN_POINT('',(7.969741861490E-2,1.968509174826E-2,
1.206719280133E-3));
#513=CARTESIAN_POINT('',(7.988975481536E-2,1.946232227966E-2,
3.623898098181E-3));
#514=CARTESIAN_POINT('',(8.017919569568E-2,1.846658016181E-2,
7.138454267219E-3));
#515=CARTESIAN_POINT('',(8.046955443526E-2,1.683307581037E-2,
1.041833658547E-2));
#516=CARTESIAN_POINT('',(8.075632518447E-2,1.465528533328E-2,
1.330895182916E-2));
#517=CARTESIAN_POINT('',(8.104737414462E-2,1.194611262398E-2,
1.578898202198E-2));
#518=CARTESIAN_POINT('',(8.133804710513E-2,8.827468062961E-3,
1.772117823085E-2));
#519=CARTESIAN_POINT('',(8.162839759663E-2,5.410416599684E-3,
1.904422243704E-2));
#520=CARTESIAN_POINT('',(8.191804679122E-2,1.816780657917E-3,
1.971376056425E-2));
#521=CARTESIAN_POINT('',(8.220722039940E-2,-1.832558247261E-3,
1.971202000054E-2));
#522=CARTESIAN_POINT('',(8.249613070927E-2,-5.416453217299E-3,
1.904158227817E-2));
#523=CARTESIAN_POINT('',(8.278503572026E-2,-8.816383902774E-3,
1.772527982574E-2));
#524=CARTESIAN_POINT('',(8.307414543082E-2,-1.192031141303E-2,
1.580712541335E-2));
#525=CARTESIAN_POINT('',(8.336421526902E-2,-1.462543286821E-2,
1.334117009099E-2));
#526=CARTESIAN_POINT('',(8.365094507093E-2,-1.680991953306E-2,
1.045615810848E-2));
#527=CARTESIAN_POINT('',(8.394197417060E-2,-1.845419643006E-2,
7.172503970499E-3));
#528=CARTESIAN_POINT('',(8.423257781647E-2,-1.945976648288E-2,
3.643972547393E-3));
#529=CARTESIAN_POINT('',(8.442619364274E-2,-1.968496523579E-2,
1.213970001186E-3));
#530=CARTESIAN_POINT('',(8.452267430145E-2,-1.968496523579E-2,
4.808118431976E-9));
#532=CURVE_STYLE('',#124,POSITIVE_LENGTH_MEASURE(2.E-2),#117);
#533=PRESENTATION_STYLE_ASSIGNMENT((#532));
#534=STYLED_ITEM('',(#533),#531);
#535=CARTESIAN_POINT('',(9.251964792444E-2,1.516504633852E-2,
-4.245137292691E-3));
#536=CARTESIAN_POINT('',(9.251964792444E-2,1.477394536065E-2,
-5.067678585756E-3));
#537=CARTESIAN_POINT('',(9.251969900250E-2,1.387308569864E-2,
-6.598635195837E-3));
#538=CARTESIAN_POINT('',(9.251969184079E-2,1.216213635272E-2,
-8.600412127217E-3));
#539=CARTESIAN_POINT('',(9.251965986063E-2,1.085344255109E-2,
-9.673772998501E-3));
#540=CARTESIAN_POINT('',(9.251965986063E-2,1.015231533706E-2,
-1.015231143249E-2));
#542=CURVE_STYLE('',#124,POSITIVE_LENGTH_MEASURE(2.E-2),#117);
#543=PRESENTATION_STYLE_ASSIGNMENT((#542));
#544=STYLED_ITEM('',(#543),#541);
#545=CARTESIAN_POINT('',(8.947003531851E-2,4.230838471874E-9,
-1.750869298765E-2));
#546=CARTESIAN_POINT('',(8.961375068135E-2,1.068874503395E-3,
-1.742571888423E-2));
#547=CARTESIAN_POINT('',(8.990063233872E-2,3.179939709853E-3,
-1.706378586346E-2));
#548=CARTESIAN_POINT('',(9.033344901126E-2,6.158779785658E-3,
-1.595982408086E-2));
#549=CARTESIAN_POINT('',(9.076721772260E-2,8.854144263324E-3,
-1.434298759342E-2));
#550=CARTESIAN_POINT('',(9.120309787045E-2,1.117627528074E-2,
-1.227847780704E-2));
#551=CARTESIAN_POINT('',(9.163995746940E-2,1.305289519851E-2,
-9.846656930914E-3));
#552=CARTESIAN_POINT('',(9.207913983871E-2,1.442656968878E-2,
-7.138444332089E-3));
#553=CARTESIAN_POINT('',(9.237234603636E-2,1.498127113490E-2,
-5.217129875215E-3));
#554=CARTESIAN_POINT('',(9.251964792444E-2,1.516504633852E-2,
-4.245137292691E-3));
#556=CURVE_STYLE('',#124,POSITIVE_LENGTH_MEASURE(2.E-2),#117);
#557=PRESENTATION_STYLE_ASSIGNMENT((#556));
#558=STYLED_ITEM('',(#557),#555);
#559=CARTESIAN_POINT('',(8.570057644810E-2,-1.967403480064E-2,
6.579372046152E-4));
#560=CARTESIAN_POINT('',(8.583842025842E-2,-1.963303200004E-2,
-4.970747105612E-4));
#561=CARTESIAN_POINT('',(8.611357815404E-2,-1.934753102505E-2,
-2.789678930578E-3));
#562=CARTESIAN_POINT('',(8.652897006355E-2,-1.832828556890E-2,
-6.069461055432E-3));
#563=CARTESIAN_POINT('',(8.694466399652E-2,-1.676090625137E-2,
-9.088825605301E-3));
#564=CARTESIAN_POINT('',(8.736287795802E-2,-1.469966134538E-2,
-1.175948117315E-2));
#565=CARTESIAN_POINT('',(8.778152261237E-2,-1.222126977946E-2,
-1.399756298984E-2));
#566=CARTESIAN_POINT('',(8.820180196711E-2,-9.412570786291E-3,
-1.573896391517E-2));
#567=CARTESIAN_POINT('',(8.862337518925E-2,-6.365264595913E-3,
-1.693819141349E-2));
#568=CARTESIAN_POINT('',(8.904626171919E-2,-3.188101963458E-3,
-1.756265162825E-2));
#569=CARTESIAN_POINT('',(8.932837034924E-2,-1.053616421216E-3,
-1.759048329579E-2));
#570=CARTESIAN_POINT('',(8.947003531851E-2,4.230838471874E-9,
-1.750869298765E-2));
#572=CURVE_STYLE('',#124,POSITIVE_LENGTH_MEASURE(2.E-2),#117);
#573=PRESENTATION_STYLE_ASSIGNMENT((#572));
#574=STYLED_ITEM('',(#573),#571);
#575=DIRECTION('',(-4.999981057282E-1,9.849744976550E-7,-8.660264974394E-1));
#576=VECTOR('',#575,6.151743158017E-3);
#577=CARTESIAN_POINT('',(6.176172396019E-2,8.091824347321E-9,
-1.435738009071E-2));
#578=LINE('',#577,#576);
#579=CURVE_STYLE('',#124,POSITIVE_LENGTH_MEASURE(2.E-2),#117);
#580=PRESENTATION_STYLE_ASSIGNMENT((#579));
#581=STYLED_ITEM('',(#580),#578);
#582=CARTESIAN_POINT('',(9.251965986063E-2,1.015231533706E-2,
-1.015231143249E-2));
#583=CARTESIAN_POINT('',(9.241179790501E-2,9.451024950339E-3,
-1.085322589030E-2));
#584=CARTESIAN_POINT('',(9.219420729381E-2,7.898889474383E-3,
-1.211381572970E-2));
#585=CARTESIAN_POINT('',(9.186646526581E-2,5.209379325636E-3,
-1.349394819610E-2));
#586=CARTESIAN_POINT('',(9.153723529603E-2,2.279711705603E-3,
-1.427978477935E-2));
#587=CARTESIAN_POINT('',(9.121397267507E-2,-6.950052741276E-4,
-1.444627744474E-2));
#588=CARTESIAN_POINT('',(9.087943844051E-2,-3.741734332932E-3,
-1.397522302186E-2));
#589=CARTESIAN_POINT('',(9.054872156825E-2,-6.586072333146E-3,
-1.287719624937E-2));
#590=CARTESIAN_POINT('',(9.021840661110E-2,-9.135144709463E-3,
-1.121397953001E-2));
#591=CARTESIAN_POINT('',(8.988982602001E-2,-1.126952865923E-2,
-9.065284038328E-3));
#592=CARTESIAN_POINT('',(8.956271866241E-2,-1.290246003628E-2,
-6.531488796836E-3));
#593=CARTESIAN_POINT('',(8.923668940764E-2,-1.397358239382E-2,
-3.724708471347E-3));
#594=CARTESIAN_POINT('',(8.891134083807E-2,-1.444108670695E-2,
-7.630006230758E-4));
#595=CARTESIAN_POINT('',(8.858629690555E-2,-1.428786824310E-2,
2.228194801810E-3));
#596=CARTESIAN_POINT('',(8.826097905667E-2,-1.352243018123E-2,
5.126379919485E-3));
#597=CARTESIAN_POINT('',(8.793478876562E-2,-1.217144742289E-2,
7.812375688607E-3));
#598=CARTESIAN_POINT('',(8.760708284716E-2,-1.028157641807E-2,
1.016683199355E-2));
#599=CARTESIAN_POINT('',(8.728662484928E-2,-8.002082501626E-3,
1.204468364723E-2));
#600=CARTESIAN_POINT('',(8.695815630581E-2,-5.320981336254E-3,
1.344909152439E-2));
#601=CARTESIAN_POINT('',(8.663035639625E-2,-2.410815398295E-3,
1.426009658379E-2));
#602=CARTESIAN_POINT('',(8.630263619967E-2,6.034124603511E-4,
1.445015506620E-2));
#603=CARTESIAN_POINT('',(8.597605709508E-2,3.580850529762E-3,
1.401126162642E-2));
#604=CARTESIAN_POINT('',(8.564864882195E-2,6.410617663970E-3,
1.296460063886E-2));
#605=CARTESIAN_POINT('',(8.532152184505E-2,8.958060965100E-3,
1.135257953112E-2));
#606=CARTESIAN_POINT('',(8.499575839834E-2,1.111098800219E-2,
9.260076383942E-3));
#607=CARTESIAN_POINT('',(8.466165264482E-2,1.282175477191E-2,
6.700032818926E-3));
#608=CARTESIAN_POINT('',(8.433110425163E-2,1.393811976908E-2,
3.864574910144E-3));
#609=CARTESIAN_POINT('',(8.400116599685E-2,1.443739928439E-2,
8.655484651894E-4));
#610=CARTESIAN_POINT('',(8.367294262403E-2,1.430131474980E-2,
-2.156434414761E-3));
#611=CARTESIAN_POINT('',(8.334604380450E-2,1.354295054321E-2,
-5.072119768920E-3));
#612=CARTESIAN_POINT('',(8.302011217061E-2,1.220282216831E-2,
-7.759729343082E-3));
#613=CARTESIAN_POINT('',(8.269479806137E-2,1.034094109536E-2,
-1.010948987220E-2));
#614=CARTESIAN_POINT('',(8.236966193779E-2,8.035135160190E-3,
-1.202259705287E-2));
#615=CARTESIAN_POINT('',(8.204435994169E-2,5.384462130290E-3,
-1.342199128797E-2));
#616=CARTESIAN_POINT('',(8.171731613780E-2,2.485413451718E-3,
-1.424762757498E-2));
#617=CARTESIAN_POINT('',(8.139157848299E-2,-5.090035818029E-4,
-1.444983063882E-2));
#618=CARTESIAN_POINT('',(8.107002936127E-2,-3.444295986260E-3,
-1.404511864772E-2));
#619=CARTESIAN_POINT('',(8.074101692430E-2,-6.297979053611E-3,
-1.302061697697E-2));
#620=CARTESIAN_POINT('',(8.041332796154E-2,-8.863637627374E-3,
-1.142749998157E-2));
#621=CARTESIAN_POINT('',(8.008575086119E-2,-1.104310188434E-2,
-9.338978161696E-3));
#622=CARTESIAN_POINT('',(7.975930752059E-2,-1.273616436799E-2,
-6.851787564307E-3));
#623=CARTESIAN_POINT('',(7.943122007376E-2,-1.388214303889E-2,
-4.054351222924E-3));
#624=CARTESIAN_POINT('',(7.910537159334E-2,-1.442011175675E-2,
-1.099907387119E-3));
#625=CARTESIAN_POINT('',(7.877720727842E-2,-1.433622415797E-2,
1.923402117656E-3));
#626=CARTESIAN_POINT('',(7.844400369231E-2,-1.360821144441E-2,
4.906652355500E-3));
#627=CARTESIAN_POINT('',(7.811351140070E-2,-1.227751131494E-2,
7.647223203511E-3));
#628=CARTESIAN_POINT('',(7.778389440617E-2,-1.040861089108E-2,
1.004186904885E-2));
#629=CARTESIAN_POINT('',(7.745593943412E-2,-8.094178377634E-3,
1.198543260807E-2));
#630=CARTESIAN_POINT('',(7.712922172398E-2,-5.436581863286E-3,
1.340110533479E-2));
#631=CARTESIAN_POINT('',(7.680338755229E-2,-2.552005680909E-3,
1.423379559387E-2));
#632=CARTESIAN_POINT('',(7.647812448378E-2,4.371639182614E-4,
1.445498742608E-2));
#633=CARTESIAN_POINT('',(7.615288019710E-2,3.407368938080E-3,
1.405348010657E-2));
#634=CARTESIAN_POINT('',(7.582759703310E-2,6.231947774252E-3,
1.305042280444E-2));
#635=CARTESIAN_POINT('',(7.549961370459E-2,8.808585743756E-3,
1.147024736726E-2));
#636=CARTESIAN_POINT('',(7.517608655364E-2,1.097088484241E-2,
9.417762439089E-3));
#637=CARTESIAN_POINT('',(7.485260624024E-2,1.267134466348E-2,
6.969985833680E-3));
#638=CARTESIAN_POINT('',(7.452392738912E-2,1.384712648916E-2,
4.178283591480E-3));
#639=CARTESIAN_POINT('',(7.419615334349E-2,1.441134306121E-2,
1.210575541426E-3));
#640=CARTESIAN_POINT('',(7.386878050885E-2,1.434895131070E-2,
-1.805251968281E-3));
#641=CARTESIAN_POINT('',(7.354240670073E-2,1.366606326340E-2,
-4.735070394764E-3));
#642=CARTESIAN_POINT('',(7.321357857294E-2,1.237810662891E-2,
-7.477455188762E-3));
#643=CARTESIAN_POINT('',(7.288909438295E-2,1.057630427839E-2,
-9.864182803881E-3));
#644=CARTESIAN_POINT('',(7.255859125844E-2,8.277879011740E-3,
-1.186311033890E-2));
#645=CARTESIAN_POINT('',(7.222628140570E-2,5.594265412909E-3,
-1.333920606405E-2));
#646=CARTESIAN_POINT('',(7.189585194235E-2,2.677212332218E-3,
-1.421460494688E-2));
#647=CARTESIAN_POINT('',(7.156656442089E-2,-3.478565908479E-4,
-1.445873116544E-2));
#648=CARTESIAN_POINT('',(7.123885672941E-2,-3.342564974767E-3,
-1.407051800714E-2));
#649=CARTESIAN_POINT('',(7.091230396785E-2,-6.182375314632E-3,
-1.307406019670E-2));
#650=CARTESIAN_POINT('',(7.058655326852E-2,-8.747483449875E-3,
-1.151492644385E-2));
#651=CARTESIAN_POINT('',(7.026132981789E-2,-1.093357911595E-2,
-9.465096093026E-3));
#652=CARTESIAN_POINT('',(6.993595691671E-2,-1.265007226465E-2,
-7.006670150197E-3));
#653=CARTESIAN_POINT('',(6.961068175887E-2,-1.382439863571E-2,
-4.248579940697E-3));
#654=CARTESIAN_POINT('',(6.928173882649E-2,-1.440523910356E-2,
-1.273831539682E-3));
#655=CARTESIAN_POINT('',(6.896044965212E-2,-1.436010579039E-2,
1.686905076212E-3));
#656=CARTESIAN_POINT('',(6.863504394025E-2,-1.370696166250E-2,
4.612867855307E-3));
#657=CARTESIAN_POINT('',(6.830672747693E-2,-1.244819839976E-2,
7.364601516256E-3));
#658=CARTESIAN_POINT('',(6.797889307388E-2,-1.064546390221E-2,
9.789365558859E-3));
#659=CARTESIAN_POINT('',(6.765175698863E-2,-8.384632690209E-3,
1.178287765274E-2));
#660=CARTESIAN_POINT('',(6.732519550493E-2,-5.764850189082E-3,
1.326516814855E-2));
#661=CARTESIAN_POINT('',(6.699636875078E-2,-2.873990474314E-3,
1.417230470202E-2));
#662=CARTESIAN_POINT('',(6.667256233416E-2,9.605874826451E-5,
1.446242536094E-2));
#663=CARTESIAN_POINT('',(6.633996535494E-2,3.142346843353E-3,
1.412125921934E-2));
#664=CARTESIAN_POINT('',(6.600849246008E-2,6.037210825653E-3,
1.314386632922E-2));
#665=CARTESIAN_POINT('',(6.567814537027E-2,8.654755002055E-3,
1.158930897605E-2));
#666=CARTESIAN_POINT('',(6.534918928971E-2,1.087971908798E-2,
9.529468748487E-3));
#667=CARTESIAN_POINT('',(6.502169975704E-2,1.261931261519E-2,
7.063591111196E-3));
#668=CARTESIAN_POINT('',(6.469529419078E-2,1.380791253316E-2,
4.300388354537E-3));
#669=CARTESIAN_POINT('',(6.436961943191E-2,1.439704263612E-2,
1.357492145874E-3));
#670=CARTESIAN_POINT('',(6.404442331059E-2,1.436787554972E-2,
-1.638845902099E-3));
#671=CARTESIAN_POINT('',(6.371895926422E-2,1.372098366689E-2,
-4.567296855842E-3));
#672=CARTESIAN_POINT('',(6.339353282394E-2,1.248530108536E-2,
-7.300414021661E-3));
#673=CARTESIAN_POINT('',(6.306415995037E-2,1.068515958495E-2,
-9.743275970954E-3));
#674=CARTESIAN_POINT('',(6.274450669294E-2,8.487793090007E-3,
-1.170584108465E-2));
#675=CARTESIAN_POINT('',(6.241749816594E-2,5.879604293413E-3,
-1.321371473240E-2));
#676=CARTESIAN_POINT('',(6.208968711694E-2,3.006050226993E-3,
-1.414735564867E-2));
#677=CARTESIAN_POINT('',(6.187107108971E-2,1.002337285851E-3,
-1.435711136785E-2));
#678=CARTESIAN_POINT('',(6.176172396019E-2,8.091824347321E-9,
-1.435738009071E-2));
#680=CURVE_STYLE('',#124,POSITIVE_LENGTH_MEASURE(2.E-2),#117);
#681=PRESENTATION_STYLE_ASSIGNMENT((#680));
#682=STYLED_ITEM('',(#681),#679);
#683=CARTESIAN_POINT('',(9.251968503937E-2,0.E0,0.E0));
#684=DIRECTION('',(1.E0,0.E0,0.E0));
#685=DIRECTION('',(0.E0,0.E0,1.E0));
#686=AXIS2_PLACEMENT_3D('',#683,#684,#685);
#688=CURVE_STYLE('',#124,POSITIVE_LENGTH_MEASURE(2.E-2),#117);
#689=PRESENTATION_STYLE_ASSIGNMENT((#688));
#690=STYLED_ITEM('',(#689),#687);
#691=CARTESIAN_POINT('',(9.251968503937E-2,0.E0,0.E0));
#692=DIRECTION('',(1.E0,0.E0,0.E0));
#693=DIRECTION('',(0.E0,9.629816895411E-1,-2.695668110295E-1));
#694=AXIS2_PLACEMENT_3D('',#691,#692,#693);
#696=CURVE_STYLE('',#124,POSITIVE_LENGTH_MEASURE(2.E-2),#117);
#697=PRESENTATION_STYLE_ASSIGNMENT((#696));
#698=STYLED_ITEM('',(#697),#695);
#699=CARTESIAN_POINT('',(9.251970371927E-2,-1.015233984315E-2,
-1.015233678872E-2));
#700=CARTESIAN_POINT('',(9.251970371927E-2,-9.477770563438E-3,
-1.082724310824E-2));
#701=CARTESIAN_POINT('',(9.251967637463E-2,-8.026754597475E-3,
-1.201458120312E-2));
#702=CARTESIAN_POINT('',(9.251968734610E-2,-5.522532152401E-3,
-1.335377277860E-2));
#703=CARTESIAN_POINT('',(9.251968447719E-2,-2.815203703081E-3,
-1.417277722315E-2));
#704=CARTESIAN_POINT('',(9.251968498134E-2,1.168590832205E-7,
-1.445001587994E-2));
#705=CARTESIAN_POINT('',(9.251968583365E-2,2.815437981447E-3,
-1.417274299274E-2));
#706=CARTESIAN_POINT('',(9.251968192029E-2,5.522651666818E-3,
-1.335365343392E-2));
#707=CARTESIAN_POINT('',(9.251969672143E-2,8.027014351376E-3,
-1.201469070762E-2));
#708=CARTESIAN_POINT('',(9.251965986063E-2,9.477424820682E-3,
-1.082684017169E-2));
#709=CARTESIAN_POINT('',(9.251965986063E-2,1.015231533706E-2,
-1.015231143249E-2));
#711=CURVE_STYLE('',#124,POSITIVE_LENGTH_MEASURE(2.E-2),#117);
#712=PRESENTATION_STYLE_ASSIGNMENT((#711));
#713=STYLED_ITEM('',(#712),#710);
#714=DIRECTION('',(8.660254038158E-1,-1.009436515298E-6,-4.999999999446E-1));
#715=VECTOR('',#714,2.501215507894E-3);
#716=CARTESIAN_POINT('',(9.035356886912E-2,2.524818259905E-9,
1.699863924987E-2));
#717=LINE('',#716,#715);
#718=CURVE_STYLE('',#124,POSITIVE_LENGTH_MEASURE(2.E-2),#117);
#719=PRESENTATION_STYLE_ASSIGNMENT((#718));
#720=STYLED_ITEM('',(#719),#717);
#721=CARTESIAN_POINT('',(8.666259875853E-2,-1.737513775945E-10,
-1.912962164092E-2));
#722=CARTESIAN_POINT('',(8.673806974493E-2,1.228143544279E-3,
-1.908604844660E-2));
#723=CARTESIAN_POINT('',(8.688918727803E-2,3.672997098556E-3,
-1.876172421477E-2));
#724=CARTESIAN_POINT('',(8.711734898076E-2,7.174924267443E-3,
-1.757871542236E-2));
#725=CARTESIAN_POINT('',(8.734571067764E-2,1.036131573913E-2,
-1.574978683929E-2));
#726=CARTESIAN_POINT('',(8.757280336302E-2,1.310282781985E-2,
-1.337291381433E-2));
#727=CARTESIAN_POINT('',(8.780358688952E-2,1.535197214275E-2,
-1.048397828667E-2));
#728=CARTESIAN_POINT('',(8.803373334214E-2,1.697517912366E-2,
-7.242308434804E-3));
#729=CARTESIAN_POINT('',(8.826412344127E-2,1.793034488928E-2,
-3.768535779476E-3));
#730=CARTESIAN_POINT('',(8.849444087880E-2,1.818695755640E-2,
-2.022359704860E-4));
#731=CARTESIAN_POINT('',(8.872484303318E-2,1.774653990802E-2,
3.321023461920E-3));
#732=CARTESIAN_POINT('',(8.895571661250E-2,1.663225715089E-2,
6.672183999327E-3));
#733=CARTESIAN_POINT('',(8.918703693475E-2,1.489426334993E-2,
9.724637840125E-3));
#734=CARTESIAN_POINT('',(8.941973084609E-2,1.259238282685E-2,
1.236932102355E-2));
#735=CARTESIAN_POINT('',(8.965002460343E-2,9.866882806858E-3,
1.447535315524E-2));
#736=CARTESIAN_POINT('',(8.988452586244E-2,6.749395108016E-3,
1.602162158565E-2));
#737=CARTESIAN_POINT('',(9.011912190156E-2,3.408891898040E-3,
1.690781692318E-2));
#738=CARTESIAN_POINT('',(9.027556031603E-2,1.130101149658E-3,
1.704367750900E-2));
#739=CARTESIAN_POINT('',(9.035356886912E-2,2.524818259905E-9,
1.699863924987E-2));
#741=CURVE_STYLE('',#124,POSITIVE_LENGTH_MEASURE(2.E-2),#117);
#742=PRESENTATION_STYLE_ASSIGNMENT((#741));
#743=STYLED_ITEM('',(#742),#740);
#744=CARTESIAN_POINT('',(8.570061450316E-2,-1.437683765677E-2,
-1.344642102051E-2));
#745=CARTESIAN_POINT('',(8.576461866577E-2,-1.361838378689E-2,
-1.420325800180E-2));
#746=CARTESIAN_POINT('',(8.589235193730E-2,-1.198092945808E-2,
-1.558965713505E-2));
#747=CARTESIAN_POINT('',(8.608453515060E-2,-9.230709043799E-3,
-1.723406504783E-2));
#748=CARTESIAN_POINT('',(8.627690831118E-2,-6.261637483594E-3,
-1.840303043738E-2));
#749=CARTESIAN_POINT('',(8.646961890609E-2,-3.154659167884E-3,
-1.906842214518E-2));
#750=CARTESIAN_POINT('',(8.659820004181E-2,-1.047964208222E-3,
-1.916680225735E-2));
#751=CARTESIAN_POINT('',(8.666259875853E-2,-1.737513775945E-10,
-1.912962164092E-2));
#753=CURVE_STYLE('',#124,POSITIVE_LENGTH_MEASURE(2.E-2),#117);
#754=PRESENTATION_STYLE_ASSIGNMENT((#753));
#755=STYLED_ITEM('',(#754),#752);
#756=CARTESIAN_POINT('',(8.570058737178E-2,0.E0,0.E0));
#757=DIRECTION('',(1.E0,0.E0,0.E0));
#758=DIRECTION('',(0.E0,-1.E0,0.E0));
#759=AXIS2_PLACEMENT_3D('',#756,#757,#758);
#761=CURVE_STYLE('',#124,POSITIVE_LENGTH_MEASURE(2.E-2),#117);
#762=PRESENTATION_STYLE_ASSIGNMENT((#761));
#763=STYLED_ITEM('',(#762),#760);
#764=CARTESIAN_POINT('',(8.570058737178E-2,0.E0,0.E0));
#765=DIRECTION('',(1.E0,0.E0,0.E0));
#766=DIRECTION('',(0.E0,-9.994412866012E-1,3.342326490636E-2));
#767=AXIS2_PLACEMENT_3D('',#764,#765,#766);
#769=CURVE_STYLE('',#124,POSITIVE_LENGTH_MEASURE(2.E-2),#117);
#770=PRESENTATION_STYLE_ASSIGNMENT((#769));
#771=STYLED_ITEM('',(#770),#768);
#772=DIRECTION('',(-9.999999999737E-1,6.133101328906E-6,3.875162571141E-6));
#773=VECTOR('',#772,2.460786596093E-3);
#774=CARTESIAN_POINT('',(6.422251055622E-2,-7.000429195333E-9,
-1.435738962666E-2));
#775=LINE('',#774,#773);
#776=CURVE_STYLE('',#124,POSITIVE_LENGTH_MEASURE(2.E-2),#117);
#777=PRESENTATION_STYLE_ASSIGNMENT((#776));
#778=STYLED_ITEM('',(#777),#775);
#779=CARTESIAN_POINT('',(6.422251055622E-2,-7.000429195333E-9,
-1.435738962666E-2));
#780=CARTESIAN_POINT('',(6.411227465599E-2,-1.010353241272E-3,
-1.435680893885E-2));
#781=CARTESIAN_POINT('',(6.389216950613E-2,-3.026695241738E-3,
-1.414254441705E-2));
#782=CARTESIAN_POINT('',(6.356433759510E-2,-5.898449346618E-3,
-1.320462086041E-2));
#783=CARTESIAN_POINT('',(6.323688419429E-2,-8.509922715806E-3,
-1.169194307748E-2));
#784=CARTESIAN_POINT('',(6.291161578775E-2,-1.073766882542E-2,
-9.687468285197E-3));
#785=CARTESIAN_POINT('',(6.258128891145E-2,-1.252988814305E-2,
-7.225953316310E-3));
#786=CARTESIAN_POINT('',(6.225312559180E-2,-1.375539796072E-2,
-4.461827909011E-3));
#787=CARTESIAN_POINT('',(6.192705206516E-2,-1.438112447243E-2,
-1.522258508330E-3));
#788=CARTESIAN_POINT('',(6.160148952085E-2,-1.438431870029E-2,
1.476943530161E-3));
#789=CARTESIAN_POINT('',(6.127595000369E-2,-1.377163881199E-2,
4.414238097810E-3));
#790=CARTESIAN_POINT('',(6.094958495564E-2,-1.256002338834E-2,
7.166021412526E-3));
#791=CARTESIAN_POINT('',(6.062309673241E-2,-1.080635103413E-2,
9.611523120664E-3));
#792=CARTESIAN_POINT('',(6.029656938707E-2,-8.582792945164E-3,
1.163778697001E-2));
#793=CARTESIAN_POINT('',(5.996997924894E-2,-5.988513939207E-3,
1.316443746415E-2));
#794=CARTESIAN_POINT('',(5.964331569633E-2,-3.133506144642E-3,
1.411688396287E-2));
#795=CARTESIAN_POINT('',(5.931614519911E-2,-1.379202504564E-4,
1.446239620643E-2));
#796=CARTESIAN_POINT('',(5.898894327467E-2,2.863083943396E-3,
1.417449885991E-2));
#797=CARTESIAN_POINT('',(5.866061003056E-2,5.751553664846E-3,
1.327176203448E-2));
#798=CARTESIAN_POINT('',(5.833131567671E-2,8.392283965712E-3,
1.177733312670E-2));
#799=CARTESIAN_POINT('',(5.800220513393E-2,1.066704181538E-2,
9.770357584192E-3));
#800=CARTESIAN_POINT('',(5.767177661847E-2,1.247254738396E-2,
7.318642973394E-3));
#801=CARTESIAN_POINT('',(5.734444054867E-2,1.372244089023E-2,
4.572785429070E-3));
#802=CARTESIAN_POINT('',(5.701371559101E-2,1.437475162304E-2,
1.595624739335E-3));
#803=CARTESIAN_POINT('',(5.668284613346E-2,1.439215694872E-2,
-1.453865430959E-3));
#804=CARTESIAN_POINT('',(5.635338859253E-2,1.376744661070E-2,
-4.425230048089E-3));
#805=CARTESIAN_POINT('',(5.602542099838E-2,1.254943585469E-2,
-7.191146608508E-3));
#806=CARTESIAN_POINT('',(5.569764835439E-2,1.077933773510E-2,
-9.639053368449E-3));
#807=CARTESIAN_POINT('',(5.537104484347E-2,8.552203208312E-3,
-1.166270015229E-2));
#808=CARTESIAN_POINT('',(5.504436975582E-2,5.951793971992E-3,
-1.318057971266E-2));
#809=CARTESIAN_POINT('',(5.471241360238E-2,3.047758014265E-3,
-1.414112512276E-2));
#810=CARTESIAN_POINT('',(5.438292037894E-2,2.731928223986E-5,
-1.446181562481E-2));
#811=CARTESIAN_POINT('',(5.405336289578E-2,-2.993206147039E-3,
-1.415130838955E-2));
#812=CARTESIAN_POINT('',(5.372435709390E-2,-5.877326506891E-3,
-1.321354604487E-2));
#813=CARTESIAN_POINT('',(5.339600104722E-2,-8.498645045267E-3,
-1.170317807337E-2));
#814=CARTESIAN_POINT('',(5.306759925626E-2,-1.074727576051E-2,
-9.676575376944E-3));
#815=CARTESIAN_POINT('',(5.273969693197E-2,-1.252407252965E-2,
-7.233292347842E-3));
#816=CARTESIAN_POINT('',(5.241199824181E-2,-1.375219714442E-2,
-4.473587567399E-3));
#817=CARTESIAN_POINT('',(5.208438954226E-2,-1.438219763668E-2,
-1.521846738017E-3));
#818=CARTESIAN_POINT('',(5.175678074904E-2,-1.438394761877E-2,
1.498028106185E-3));
#819=CARTESIAN_POINT('',(5.142943715620E-2,-1.376048076681E-2,
4.448573445561E-3));
#820=CARTESIAN_POINT('',(5.110340837349E-2,-1.254302974475E-2,
7.196106270752E-3));
#821=CARTESIAN_POINT('',(5.077784079479E-2,-1.078879970076E-2,
9.628718272396E-3));
#822=CARTESIAN_POINT('',(5.045248251128E-2,-8.570897013381E-3,
1.164713085712E-2));
#823=CARTESIAN_POINT('',(5.012586773766E-2,-5.975548189919E-3,
1.316995037077E-2));
#824=CARTESIAN_POINT('',(4.979795786500E-2,-3.107508343429E-3,
1.412323829944E-2));
#825=CARTESIAN_POINT('',(4.947311073950E-2,-1.337428798316E-4,
1.446106861328E-2));
#826=CARTESIAN_POINT('',(4.914191260106E-2,2.905342836473E-3,
1.417072078910E-2));
#827=CARTESIAN_POINT('',(4.881100093717E-2,5.810554799131E-3,
1.324450907839E-2));
#828=CARTESIAN_POINT('',(4.848168666899E-2,8.447103177352E-3,
1.174008599739E-2));
#829=CARTESIAN_POINT('',(4.815460855610E-2,1.069470765200E-2,
9.732920719634E-3));
#830=CARTESIAN_POINT('',(4.782769122659E-2,1.248176365473E-2,
7.306668870380E-3));
#831=CARTESIAN_POINT('',(4.749973576444E-2,1.372524454520E-2,
4.552964928998E-3));
#832=CARTESIAN_POINT('',(4.717308595029E-2,1.437311155234E-2,
1.612550398959E-3));
#833=CARTESIAN_POINT('',(4.684434651402E-2,1.439177181568E-2,
-1.416162620974E-3));
#834=CARTESIAN_POINT('',(4.651690019708E-2,1.378658799989E-2,
-4.373088614885E-3));
#835=CARTESIAN_POINT('',(4.618805330244E-2,1.257141945328E-2,
-7.148757763113E-3));
#836=CARTESIAN_POINT('',(4.585868803983E-2,1.080433951722E-2,
-9.617290109354E-3));
#837=CARTESIAN_POINT('',(4.552925535453E-2,8.557357395728E-3,
-1.165856756941E-2));
#838=CARTESIAN_POINT('',(4.519911285427E-2,5.930207923884E-3,
-1.319382700789E-2));
#839=CARTESIAN_POINT('',(4.486924783325E-2,3.040805158897E-3,
-1.413861355748E-2));
#840=CARTESIAN_POINT('',(4.453954233152E-2,1.975563962171E-5,
-1.446503076150E-2));
#841=CARTESIAN_POINT('',(4.420991417713E-2,-3.001410885625E-3,
-1.414691165917E-2));
#842=CARTESIAN_POINT('',(4.388028637260E-2,-5.891428754908E-3,
-1.321101000890E-2));
#843=CARTESIAN_POINT('',(4.355046962534E-2,-8.520495880455E-3,
-1.168517782694E-2));
#844=CARTESIAN_POINT('',(4.322144468476E-2,-1.077146087637E-2,
-9.653883640724E-3));
#845=CARTESIAN_POINT('',(4.289213805301E-2,-1.254678141553E-2,
-7.192006657927E-3));
#846=CARTESIAN_POINT('',(4.256311716507E-2,-1.377208188319E-2,
-4.418948477579E-3));
#847=CARTESIAN_POINT('',(4.223603616016E-2,-1.438585475659E-2,
-1.467346044058E-3));
#848=CARTESIAN_POINT('',(4.190875698223E-2,-1.437962042611E-2,
1.547845546141E-3));
#849=CARTESIAN_POINT('',(4.158159945314E-2,-1.374558081539E-2,
4.496135656699E-3));
#850=CARTESIAN_POINT('',(4.125010007009E-2,-1.249757366096E-2,
7.283920182931E-3));
#851=CARTESIAN_POINT('',(4.092095488842E-2,-1.070014055191E-2,
9.728481773728E-3));
#852=CARTESIAN_POINT('',(4.059284231005E-2,-8.445037970523E-3,
1.174155204618E-2));
#853=CARTESIAN_POINT('',(4.026463132186E-2,-5.817050218987E-3,
1.324044935017E-2));
#854=CARTESIAN_POINT('',(3.993596051310E-2,-2.932714397982E-3,
1.416295429392E-2));
#855=CARTESIAN_POINT('',(3.960823800567E-2,7.327999455656E-5,
1.445993805183E-2));
#856=CARTESIAN_POINT('',(3.928374244627E-2,3.045412005741E-3,
1.413755574708E-2));
#857=CARTESIAN_POINT('',(3.895445576307E-2,5.929359081749E-3,
1.319148131229E-2));
#858=CARTESIAN_POINT('',(3.862743876377E-2,8.532844280206E-3,
1.167509969283E-2));
#859=CARTESIAN_POINT('',(3.830223669614E-2,1.075618329379E-2,
9.664877930815E-3));
#860=CARTESIAN_POINT('',(3.797665856842E-2,1.251896065496E-2,
7.238324468448E-3));
#861=CARTESIAN_POINT('',(3.765028942972E-2,1.374657196542E-2,
4.491847335917E-3));
#862=CARTESIAN_POINT('',(3.732267505896E-2,1.437965126479E-2,
1.540766086244E-3));
#863=CARTESIAN_POINT('',(3.699486569511E-2,1.438648838442E-2,
-1.480973363703E-3));
#864=CARTESIAN_POINT('',(3.666719065618E-2,1.376472808380E-2,
-4.435084931425E-3));
#865=CARTESIAN_POINT('',(3.633955542895E-2,1.254443058608E-2,
-7.197622952524E-3));
#866=CARTESIAN_POINT('',(3.601184735124E-2,1.077584973245E-2,
-9.644614473920E-3));
#867=CARTESIAN_POINT('',(3.568372078287E-2,8.535170143927E-3,
-1.167620032926E-2));
#868=CARTESIAN_POINT('',(3.535571682067E-2,5.921731945203E-3,
-1.319361198749E-2));
#869=CARTESIAN_POINT('',(3.502672581858E-2,3.040941897629E-3,
-1.414116592492E-2));
#870=CARTESIAN_POINT('',(3.469699380356E-2,1.985205819648E-5,
-1.446193442131E-2));
#871=CARTESIAN_POINT('',(3.436792825655E-2,-2.997577285348E-3,
-1.415095341433E-2));
#872=CARTESIAN_POINT('',(3.403750933253E-2,-5.891901310153E-3,
-1.320683796823E-2));
#873=CARTESIAN_POINT('',(3.371013785285E-2,-8.505579292493E-3,
-1.169874133386E-2));
#874=CARTESIAN_POINT('',(3.338002802339E-2,-1.076318594682E-2,
-9.660246832892E-3));
#875=CARTESIAN_POINT('',(3.305003917425E-2,-1.254736784379E-2,
-7.196860140206E-3));
#876=CARTESIAN_POINT('',(3.272104281508E-2,-1.376847924390E-2,
-4.421957522465E-3));
#877=CARTESIAN_POINT('',(3.239266250594E-2,-1.439044322732E-2,
-1.460155872192E-3));
#878=CARTESIAN_POINT('',(3.206402316201E-2,-1.437560234434E-2,
1.568409012249E-3));
#879=CARTESIAN_POINT('',(3.173683067786E-2,-1.373970374756E-2,
4.515592439580E-3));
#880=CARTESIAN_POINT('',(3.141000814308E-2,-1.250565253079E-2,
7.263249110691E-3));
#881=CARTESIAN_POINT('',(3.107808279113E-2,-1.070175884545E-2,
9.733510826845E-3));
#882=CARTESIAN_POINT('',(3.074856042340E-2,-8.430326738222E-3,
1.175002966151E-2));
#883=CARTESIAN_POINT('',(3.041944629240E-2,-5.795994446556E-3,
1.325234988782E-2));
#884=CARTESIAN_POINT('',(3.009109039039E-2,-2.910438643309E-3,
1.416495990755E-2));
#885=CARTESIAN_POINT('',(2.976354612506E-2,9.280541281497E-5,
1.446302498283E-2));
#886=CARTESIAN_POINT('',(2.943611247588E-2,3.091823925690E-3,
1.412616965589E-2));
#887=CARTESIAN_POINT('',(2.910926583053E-2,5.951228283801E-3,
1.318148058061E-2));
#888=CARTESIAN_POINT('',(2.878261833734E-2,8.550149065693E-3,
1.166172895608E-2));
#889=CARTESIAN_POINT('',(2.845615445845E-2,1.077900249587E-2,
9.642140373793E-3));
#890=CARTESIAN_POINT('',(2.812985639143E-2,1.253857487044E-2,
7.203085811930E-3));
#891=CARTESIAN_POINT('',(2.780375434203E-2,1.375761995064E-2,
4.457250755989E-3));
#892=CARTESIAN_POINT('',(2.747854797762E-2,1.437910084221E-2,
1.524994182437E-3));
#893=CARTESIAN_POINT('',(2.715298849179E-2,1.438632355071E-2,
-1.474194208894E-3));
#894=CARTESIAN_POINT('',(2.682674814833E-2,1.376967639017E-2,
-4.417256110483E-3));
#895=CARTESIAN_POINT('',(2.649907439661E-2,1.255494766533E-2,
-7.181170577697E-3));
#896=CARTESIAN_POINT('',(2.617001493876E-2,1.077918637353E-2,
-9.639977471388E-3));
#897=CARTESIAN_POINT('',(2.584462077155E-2,8.560893163512E-3,
-1.165662318789E-2));
#898=CARTESIAN_POINT('',(2.551288321979E-2,5.919984852374E-3,
-1.319864970667E-2));
#899=CARTESIAN_POINT('',(2.518088339658E-2,3.011876039966E-3,
-1.414693253760E-2));
#900=CARTESIAN_POINT('',(2.496177845756E-2,1.001689596194E-3,
-1.435670063857E-2));
#901=CARTESIAN_POINT('',(2.485248600528E-2,-1.226786953088E-8,
-1.435727635809E-2));
#903=CURVE_STYLE('',#124,POSITIVE_LENGTH_MEASURE(2.E-2),#117);
#904=PRESENTATION_STYLE_ASSIGNMENT((#903));
#905=STYLED_ITEM('',(#904),#902);
#906=CARTESIAN_POINT('',(2.239161598726E-2,1.116265225852E-8,
-1.435727105481E-2));
#907=CARTESIAN_POINT('',(2.250185188749E-2,1.010357403495E-3,
-1.435669036700E-2));
#908=CARTESIAN_POINT('',(2.272202538874E-2,3.026693310043E-3,
-1.414259944643E-2));
#909=CARTESIAN_POINT('',(2.304982982772E-2,5.898449864214E-3,
-1.320460611533E-2));
#910=CARTESIAN_POINT('',(2.337729058964E-2,8.509922577117E-3,
-1.169194702841E-2));
#911=CARTESIAN_POINT('',(2.370255702378E-2,1.073766886258E-2,
-9.687467226549E-3));
#912=CARTESIAN_POINT('',(2.403288442858E-2,1.252988813309E-2,
-7.225953599976E-3));
#913=CARTESIAN_POINT('',(2.436104760661E-2,1.375539796338E-2,
-4.461827833006E-3));
#914=CARTESIAN_POINT('',(2.468712117120E-2,1.438112447171E-2,
-1.522258528701E-3));
#915=CARTESIAN_POINT('',(2.501268370534E-2,1.438431870048E-2,
1.476943535612E-3));
#916=CARTESIAN_POINT('',(2.533822322523E-2,1.377163881194E-2,
4.414238096342E-3));
#917=CARTESIAN_POINT('',(2.566458827254E-2,1.256002338836E-2,
7.166021412913E-3));
#918=CARTESIAN_POINT('',(2.599107649597E-2,1.080635103412E-2,
9.611523120556E-3));
#919=CARTESIAN_POINT('',(2.631760384125E-2,8.582792945167E-3,
1.163778697004E-2));
#920=CARTESIAN_POINT('',(2.664419397940E-2,5.988513939209E-3,
1.316443746414E-2));
#921=CARTESIAN_POINT('',(2.697085753200E-2,3.133506144645E-3,
1.411688396287E-2));
#922=CARTESIAN_POINT('',(2.729802802922E-2,1.379202504595E-4,
1.446239620643E-2));
#923=CARTESIAN_POINT('',(2.762522995366E-2,-2.863083943392E-3,
1.417449885991E-2));
#924=CARTESIAN_POINT('',(2.795356319778E-2,-5.751553664841E-3,
1.327176203448E-2));
#925=CARTESIAN_POINT('',(2.828285755162E-2,-8.392283965708E-3,
1.177733312670E-2));
#926=CARTESIAN_POINT('',(2.861196809440E-2,-1.066704181538E-2,
9.770357584195E-3));
#927=CARTESIAN_POINT('',(2.894239660986E-2,-1.247254738395E-2,
7.318642973399E-3));
#928=CARTESIAN_POINT('',(2.926973267966E-2,-1.372244089023E-2,
4.572785429073E-3));
#929=CARTESIAN_POINT('',(2.960045763732E-2,-1.437475162304E-2,
1.595624739342E-3));
#930=CARTESIAN_POINT('',(2.993132709487E-2,-1.439215694872E-2,
-1.453865430954E-3));
#931=CARTESIAN_POINT('',(3.026078463580E-2,-1.376744661070E-2,
-4.425230048084E-3));
#932=CARTESIAN_POINT('',(3.058875222995E-2,-1.254943585469E-2,
-7.191146608506E-3));
#933=CARTESIAN_POINT('',(3.091652487393E-2,-1.077933773510E-2,
-9.639053368447E-3));
#934=CARTESIAN_POINT('',(3.124312838486E-2,-8.552203208312E-3,
-1.166270015229E-2));
#935=CARTESIAN_POINT('',(3.156980347251E-2,-5.951793971995E-3,
-1.318057971266E-2));
#936=CARTESIAN_POINT('',(3.190175962595E-2,-3.047758014268E-3,
-1.414112512276E-2));
#937=CARTESIAN_POINT('',(3.223125284938E-2,-2.731928224297E-5,
-1.446181562481E-2));
#938=CARTESIAN_POINT('',(3.256081033254E-2,2.993206147036E-3,
-1.415130838955E-2));
#939=CARTESIAN_POINT('',(3.288981613442E-2,5.877326506887E-3,
-1.321354604487E-2));
#940=CARTESIAN_POINT('',(3.321817218111E-2,8.498645045264E-3,
-1.170317807338E-2));
#941=CARTESIAN_POINT('',(3.354657397206E-2,1.074727576051E-2,
-9.676575376947E-3));
#942=CARTESIAN_POINT('',(3.387447629635E-2,1.252407252965E-2,
-7.233292347846E-3));
#943=CARTESIAN_POINT('',(3.420217498651E-2,1.375219714441E-2,
-4.473587567404E-3));
#944=CARTESIAN_POINT('',(3.452978368606E-2,1.438219763668E-2,
-1.521846738022E-3));
#945=CARTESIAN_POINT('',(3.485739247929E-2,1.438394761877E-2,
1.498028106180E-3));
#946=CARTESIAN_POINT('',(3.518473607212E-2,1.376048076681E-2,
4.448573445556E-3));
#947=CARTESIAN_POINT('',(3.551076485484E-2,1.254302974476E-2,
7.196106270748E-3));
#948=CARTESIAN_POINT('',(3.583633243353E-2,1.078879970077E-2,
9.628718272394E-3));
#949=CARTESIAN_POINT('',(3.616169071705E-2,8.570897013384E-3,
1.164713085712E-2));
#950=CARTESIAN_POINT('',(3.648830549066E-2,5.975548189925E-3,
1.316995037077E-2));
#951=CARTESIAN_POINT('',(3.681621536332E-2,3.107508343435E-3,
1.412323829944E-2));
#952=CARTESIAN_POINT('',(3.714106248882E-2,1.337428798373E-4,
1.446106861328E-2));
#953=CARTESIAN_POINT('',(3.747226062726E-2,-2.905342836462E-3,
1.417072078910E-2));
#954=CARTESIAN_POINT('',(3.780317229115E-2,-5.810554799124E-3,
1.324450907840E-2));
#955=CARTESIAN_POINT('',(3.813248655933E-2,-8.447103177346E-3,
1.174008599740E-2));
#956=CARTESIAN_POINT('',(3.845956467221E-2,-1.069470765199E-2,
9.732920719638E-3));
#957=CARTESIAN_POINT('',(3.878648200173E-2,-1.248176365473E-2,
7.306668870385E-3));
#958=CARTESIAN_POINT('',(3.911443746388E-2,-1.372524454520E-2,
4.552964929002E-3));
#959=CARTESIAN_POINT('',(3.944108727802E-2,-1.437311155234E-2,
1.612550398965E-3));
#960=CARTESIAN_POINT('',(3.976982671430E-2,-1.439177181568E-2,
-1.416162620969E-3));
#961=CARTESIAN_POINT('',(4.009727303124E-2,-1.378658799989E-2,
-4.373088614880E-3));
#962=CARTESIAN_POINT('',(4.042611992588E-2,-1.257141945328E-2,
-7.148757763108E-3));
#963=CARTESIAN_POINT('',(4.075548518849E-2,-1.080433951723E-2,
-9.617290109350E-3));
#964=CARTESIAN_POINT('',(4.108491787379E-2,-8.557357395732E-3,
-1.165856756941E-2));
#965=CARTESIAN_POINT('',(4.141506037405E-2,-5.930207923889E-3,
-1.319382700789E-2));
#966=CARTESIAN_POINT('',(4.174492539507E-2,-3.040805158902E-3,
-1.413861355748E-2));
#967=CARTESIAN_POINT('',(4.207463089680E-2,-1.975563962646E-5,
-1.446503076150E-2));
#968=CARTESIAN_POINT('',(4.240425905119E-2,3.001410885620E-3,
-1.414691165917E-2));
#969=CARTESIAN_POINT('',(4.273388685571E-2,5.891428754904E-3,
-1.321101000890E-2));
#970=CARTESIAN_POINT('',(4.306370360297E-2,8.520495880451E-3,
-1.168517782694E-2));
#971=CARTESIAN_POINT('',(4.339272854356E-2,1.077146087636E-2,
-9.653883640728E-3));
#972=CARTESIAN_POINT('',(4.372203517531E-2,1.254678141553E-2,
-7.192006657931E-3));
#973=CARTESIAN_POINT('',(4.405105606325E-2,1.377208188319E-2,
-4.418948477583E-3));
#974=CARTESIAN_POINT('',(4.437813706816E-2,1.438585475659E-2,
-1.467346044061E-3));
#975=CARTESIAN_POINT('',(4.470541624609E-2,1.437962042611E-2,
1.547845546139E-3));
#976=CARTESIAN_POINT('',(4.503257377517E-2,1.374558081539E-2,
4.496135656694E-3));
#977=CARTESIAN_POINT('',(4.536407315823E-2,1.249757366096E-2,
7.283920182926E-3));
#978=CARTESIAN_POINT('',(4.569321833990E-2,1.070014055191E-2,
9.728481773725E-3));
#979=CARTESIAN_POINT('',(4.602133091827E-2,8.445037970527E-3,
1.174155204618E-2));
#980=CARTESIAN_POINT('',(4.634954190646E-2,5.817050218991E-3,
1.324044935017E-2));
#981=CARTESIAN_POINT('',(4.667821271521E-2,2.932714397988E-3,
1.416295429392E-2));
#982=CARTESIAN_POINT('',(4.700593522265E-2,-7.327999455518E-5,
1.445993805183E-2));
#983=CARTESIAN_POINT('',(4.733043078205E-2,-3.045412005738E-3,
1.413755574708E-2));
#984=CARTESIAN_POINT('',(4.765971746526E-2,-5.929359081743E-3,
1.319148131229E-2));
#985=CARTESIAN_POINT('',(4.798673446455E-2,-8.532844280203E-3,
1.167509969283E-2));
#986=CARTESIAN_POINT('',(4.831193653218E-2,-1.075618329378E-2,
9.664877930817E-3));
#987=CARTESIAN_POINT('',(4.863751465990E-2,-1.251896065496E-2,
7.238324468451E-3));
#988=CARTESIAN_POINT('',(4.896388379860E-2,-1.374657196541E-2,
4.491847335920E-3));
#989=CARTESIAN_POINT('',(4.929149816936E-2,-1.437965126479E-2,
1.540766086248E-3));
#990=CARTESIAN_POINT('',(4.961930753322E-2,-1.438648838442E-2,
-1.480973363699E-3));
#991=CARTESIAN_POINT('',(4.994698257215E-2,-1.376472808380E-2,
-4.435084931422E-3));
#992=CARTESIAN_POINT('',(5.027461779938E-2,-1.254443058608E-2,
-7.197622952521E-3));
#993=CARTESIAN_POINT('',(5.060232587709E-2,-1.077584973245E-2,
-9.644614473919E-3));
#994=CARTESIAN_POINT('',(5.093045244545E-2,-8.535170143928E-3,
-1.167620032926E-2));
#995=CARTESIAN_POINT('',(5.125845640766E-2,-5.921731945205E-3,
-1.319361198749E-2));
#996=CARTESIAN_POINT('',(5.158744740974E-2,-3.040941897630E-3,
-1.414116592492E-2));
#997=CARTESIAN_POINT('',(5.191717942476E-2,-1.985205819847E-5,
-1.446193442132E-2));
#998=CARTESIAN_POINT('',(5.224624497177E-2,2.997577285346E-3,
-1.415095341433E-2));
#999=CARTESIAN_POINT('',(5.257666389580E-2,5.891901310151E-3,
-1.320683796824E-2));
#1000=CARTESIAN_POINT('',(5.290403537548E-2,8.505579292493E-3,
-1.169874133386E-2));
#1001=CARTESIAN_POINT('',(5.323414520494E-2,1.076318594681E-2,
-9.660246832895E-3));
#1002=CARTESIAN_POINT('',(5.356413405408E-2,1.254736784379E-2,
-7.196860140208E-3));
#1003=CARTESIAN_POINT('',(5.389313041325E-2,1.376847924389E-2,
-4.421957522468E-3));
#1004=CARTESIAN_POINT('',(5.422151072239E-2,1.439044322732E-2,
-1.460155872194E-3));
#1005=CARTESIAN_POINT('',(5.455015006632E-2,1.437560234434E-2,
1.568409012247E-3));
#1006=CARTESIAN_POINT('',(5.487734255047E-2,1.373970374756E-2,
4.515592439581E-3));
#1007=CARTESIAN_POINT('',(5.520416508525E-2,1.250565253079E-2,
7.263249110688E-3));
#1008=CARTESIAN_POINT('',(5.553609043720E-2,1.070175884545E-2,
9.733510826843E-3));
#1009=CARTESIAN_POINT('',(5.586561280493E-2,8.430326738224E-3,
1.175002966150E-2));
#1010=CARTESIAN_POINT('',(5.619472693593E-2,5.795994446558E-3,
1.325234988782E-2));
#1011=CARTESIAN_POINT('',(5.652308283795E-2,2.910438643311E-3,
1.416495990755E-2));
#1012=CARTESIAN_POINT('',(5.685062710328E-2,-9.280541281388E-5,
1.446302498283E-2));
#1013=CARTESIAN_POINT('',(5.717806075245E-2,-3.091823925688E-3,
1.412616965588E-2));
#1014=CARTESIAN_POINT('',(5.750490739780E-2,-5.951228283800E-3,
1.318148058062E-2));
#1015=CARTESIAN_POINT('',(5.783155489100E-2,-8.550149065693E-3,
1.166172895606E-2));
#1016=CARTESIAN_POINT('',(5.815801876986E-2,-1.077900249587E-2,
9.642140373886E-3));
#1017=CARTESIAN_POINT('',(5.848431683703E-2,-1.253857487046E-2,
7.203085811590E-3));
#1018=CARTESIAN_POINT('',(5.881041888586E-2,-1.375761995058E-2,
4.457250757271E-3));
#1019=CARTESIAN_POINT('',(5.913562525239E-2,-1.437910084245E-2,
1.524994177666E-3));
#1020=CARTESIAN_POINT('',(5.946118473031E-2,-1.438632354983E-2,
-1.474194191074E-3));
#1021=CARTESIAN_POINT('',(5.978742510328E-2,-1.376967639346E-2,
-4.417256176976E-3));
#1022=CARTESIAN_POINT('',(6.011509874490E-2,-1.255494765307E-2,
-7.181170329534E-3));
#1023=CARTESIAN_POINT('',(6.044415861364E-2,-1.077918641928E-2,
-9.639978397543E-3));
#1024=CARTESIAN_POINT('',(6.076955124743E-2,-8.560892992788E-3,
-1.165661973144E-2));
#1025=CARTESIAN_POINT('',(6.110129452197E-2,-5.919985489523E-3,
-1.319866260634E-2));
#1026=CARTESIAN_POINT('',(6.143327298747E-2,-3.011873662093E-3,
-1.414688439538E-2));
#1027=CARTESIAN_POINT('',(6.165243106520E-2,-1.001694719799E-3,
-1.435680437064E-2));
#1028=CARTESIAN_POINT('',(6.176172396019E-2,8.091824347321E-9,
-1.435738009071E-2));
#1030=CURVE_STYLE('',#124,POSITIVE_LENGTH_MEASURE(2.E-2),#117);
#1031=PRESENTATION_STYLE_ASSIGNMENT((#1030));
#1032=STYLED_ITEM('',(#1031),#1029);
#1033=DIRECTION('',(-9.999999999524E-1,9.521235017162E-6,2.155043966628E-6));
#1034=VECTOR('',#1033,2.460870018140E-3);
#1035=CARTESIAN_POINT('',(2.485248600528E-2,-1.226786953088E-8,
-1.435727635809E-2));
#1036=LINE('',#1035,#1034);
#1037=CURVE_STYLE('',#124,POSITIVE_LENGTH_MEASURE(2.E-2),#117);
#1038=PRESENTATION_STYLE_ASSIGNMENT((#1037));
#1039=STYLED_ITEM('',(#1038),#1036);
#1040=DIRECTION('',(-4.999971178274E-1,1.296975146167E-6,-8.660270678002E-1));
#1041=VECTOR('',#1040,6.151827127234E-3);
#1042=CARTESIAN_POINT('',(2.239161598726E-2,1.116265225852E-8,
-1.435727105481E-2));
#1043=LINE('',#1042,#1041);
#1044=CURVE_STYLE('',#124,POSITIVE_LENGTH_MEASURE(2.E-2),#117);
#1045=PRESENTATION_STYLE_ASSIGNMENT((#1044));
#1046=STYLED_ITEM('',(#1045),#1043);
#1047=DIRECTION('',(-9.999999303603E-1,3.729076290735E-4,1.480990318876E-5));
#1048=VECTOR('',#1047,1.230087422793E-3);
#1049=CARTESIAN_POINT('',(5.622527498323E-2,-1.968520381468E-2,
-1.508637533284E-9));
#1050=LINE('',#1049,#1048);
#1051=CURVE_STYLE('',#124,POSITIVE_LENGTH_MEASURE(2.E-2),#117);
#1052=PRESENTATION_STYLE_ASSIGNMENT((#1051));
#1053=STYLED_ITEM('',(#1052),#1050);
#1054=CARTESIAN_POINT('',(5.868586403426E-2,1.415113447409E-8,
-1.968495267099E-2));
#1055=CARTESIAN_POINT('',(5.859434586783E-2,-1.145240988230E-3,
-1.968495267099E-2));
#1056=CARTESIAN_POINT('',(5.841286139285E-2,-3.435826327972E-3,
-1.948467128327E-2));
#1057=CARTESIAN_POINT('',(5.813913822010E-2,-6.767097482859E-3,
-1.859197020909E-2));
#1058=CARTESIAN_POINT('',(5.786582325624E-2,-9.892724667926E-3,
-1.713445191134E-2));
#1059=CARTESIAN_POINT('',(5.759240300172E-2,-1.271773406164E-2,
-1.515633375747E-2));
#1060=CARTESIAN_POINT('',(5.731901445251E-2,-1.515633605871E-2,
-1.271773490619E-2));
#1061=CARTESIAN_POINT('',(5.704561062225E-2,-1.713444352256E-2,
-9.892723624738E-3));
#1062=CARTESIAN_POINT('',(5.677222996100E-2,-1.859200144312E-2,
-6.767100845418E-3));
#1063=CARTESIAN_POINT('',(5.649875315283E-2,-1.948455472537E-2,
-3.435813949924E-3));
#1064=CARTESIAN_POINT('',(5.631665550319E-2,-1.968520381468E-2,
-1.145267640216E-3));
#1065=CARTESIAN_POINT('',(5.622527498323E-2,-1.968520381468E-2,
-1.508637533284E-9));
#1067=CURVE_STYLE('',#124,POSITIVE_LENGTH_MEASURE(2.E-2),#117);
#1068=PRESENTATION_STYLE_ASSIGNMENT((#1067));
#1069=STYLED_ITEM('',(#1068),#1066);
#1070=CARTESIAN_POINT('',(6.114660805582E-2,1.968511871948E-2,
6.616518202620E-11));
#1071=CARTESIAN_POINT('',(6.105551587119E-2,1.968511871948E-2,
-1.145289033987E-3));
#1072=CARTESIAN_POINT('',(6.087324063781E-2,1.948459422222E-2,
-3.435804017471E-3));
#1073=CARTESIAN_POINT('',(6.059983538518E-2,1.859199085004E-2,
-6.767103500980E-3));
#1074=CARTESIAN_POINT('',(6.032643487844E-2,1.713444640858E-2,
-9.892722905944E-3));
#1075=CARTESIAN_POINT('',(6.005303887534E-2,1.515633512757E-2,
-1.271773509145E-2));
#1076=CARTESIAN_POINT('',(5.977963886334E-2,1.271773492855E-2,
-1.515633370147E-2));
#1077=CARTESIAN_POINT('',(5.950625663280E-2,9.892722165218E-3,
-1.713445192173E-2));
#1078=CARTESIAN_POINT('',(5.923280103545E-2,6.767106661144E-3,
-1.859197020369E-2));
#1079=CARTESIAN_POINT('',(5.895960237199E-2,3.435792146536E-3,
-1.948467128394E-2));
#1080=CARTESIAN_POINT('',(5.877681296053E-2,1.145314637634E-3,
-1.968495267099E-2));
#1081=CARTESIAN_POINT('',(5.868586403426E-2,1.415113447409E-8,
-1.968495267099E-2));
#1083=CURVE_STYLE('',#124,POSITIVE_LENGTH_MEASURE(2.E-2),#117);
#1084=PRESENTATION_STYLE_ASSIGNMENT((#1083));
#1085=STYLED_ITEM('',(#1084),#1082);
#1086=DIRECTION('',(9.999999949165E-1,1.005700064389E-4,7.259605876972E-6));
#1087=VECTOR('',#1086,1.230148614370E-3);
#1088=CARTESIAN_POINT('',(5.991645944770E-2,1.968499500342E-2,
-8.864228928400E-9));
#1089=LINE('',#1088,#1087);
#1090=CURVE_STYLE('',#124,POSITIVE_LENGTH_MEASURE(2.E-2),#117);
#1091=PRESENTATION_STYLE_ASSIGNMENT((#1090));
#1092=STYLED_ITEM('',(#1091),#1089);
#1093=CARTESIAN_POINT('',(5.499518764610E-2,-1.968474510570E-2,
1.670883811199E-8));
#1094=CARTESIAN_POINT('',(5.509112541234E-2,-1.968474510570E-2,
-1.206700199013E-3));
#1095=CARTESIAN_POINT('',(5.528345059872E-2,-1.946248602640E-2,
-3.623879093965E-3));
#1096=CARTESIAN_POINT('',(5.557289339602E-2,-1.846655367761E-2,
-7.138406273665E-3));
#1097=CARTESIAN_POINT('',(5.586324975333E-2,-1.683312143087E-2,
-1.041828007155E-2));
#1098=CARTESIAN_POINT('',(5.615001910119E-2,-1.465533974250E-2,
-1.330888563231E-2));
#1099=CARTESIAN_POINT('',(5.644106529892E-2,-1.194620931369E-2,
-1.578890732131E-2));
#1100=CARTESIAN_POINT('',(5.673173667683E-2,-8.827594268875E-3,
-1.772111391621E-2));
#1101=CARTESIAN_POINT('',(5.702208536718E-2,-5.410574458879E-3,
-1.904417608971E-2));
#1102=CARTESIAN_POINT('',(5.731173276752E-2,-1.816966995674E-3,
-1.971374200607E-2));
#1103=CARTESIAN_POINT('',(5.760090461901E-2,1.832349905473E-3,
-1.971203807865E-2));
#1104=CARTESIAN_POINT('',(5.788981345769E-2,5.416232689390E-3,
-1.904164378287E-2));
#1105=CARTESIAN_POINT('',(5.817871665143E-2,8.816161936455E-3,
-1.772538904078E-2));
#1106=CARTESIAN_POINT('',(5.846782619454E-2,1.192009793323E-2,
-1.580728456705E-2));
#1107=CARTESIAN_POINT('',(5.875788873176E-2,1.462523183624E-2,
-1.334138737747E-2));
#1108=CARTESIAN_POINT('',(5.904463474136E-2,1.680974732083E-2,-1.045643323E-2));
#1109=CARTESIAN_POINT('',(5.933559651482E-2,1.845408986480E-2,
-7.172789722536E-3));
#1110=CARTESIAN_POINT('',(5.962646169920E-2,1.945971938868E-2,
-3.644215236020E-3));
#1111=CARTESIAN_POINT('',(5.981945417066E-2,1.968499500342E-2,
-1.214020131395E-3));
#1112=CARTESIAN_POINT('',(5.991645944770E-2,1.968499500342E-2,
-8.864228928400E-9));
#1114=CURVE_STYLE('',#124,POSITIVE_LENGTH_MEASURE(2.E-2),#117);
#1115=PRESENTATION_STYLE_ASSIGNMENT((#1114));
#1116=STYLED_ITEM('',(#1115),#1113);
#1117=CARTESIAN_POINT('',(5.622527498323E-2,-1.968520381468E-2,
-1.508637533284E-9));
#1118=CARTESIAN_POINT('',(5.612899372621E-2,-1.968520381468E-2,
1.206685242893E-3));
#1119=CARTESIAN_POINT('',(5.593718648082E-2,-1.946227421429E-2,
3.623877646813E-3));
#1120=CARTESIAN_POINT('',(5.564753579687E-2,-1.846661393657E-2,
7.138396306700E-3));
#1121=CARTESIAN_POINT('',(5.535723520508E-2,-1.683311108041E-2,
1.041827257628E-2));
#1122=CARTESIAN_POINT('',(5.507045079206E-2,-1.465534912329E-2,
1.330887991714E-2));
#1123=CARTESIAN_POINT('',(5.477940840973E-2,-1.194621253961E-2,
1.578890423354E-2));
#1124=CARTESIAN_POINT('',(5.448873584323E-2,-8.827598043864E-3,
1.772111226399E-2));
#1125=CARTESIAN_POINT('',(5.419838730455E-2,-5.410576536168E-3,
1.904417562178E-2));
#1126=CARTESIAN_POINT('',(5.390873964928E-2,-1.816966778084E-3,
1.971374215768E-2));
#1127=CARTESIAN_POINT('',(5.361956765153E-2,1.832351637185E-3,
1.971203798856E-2));
#1128=CARTESIAN_POINT('',(5.333065888988E-2,5.416235478738E-3,
1.904164306851E-2));
#1129=CARTESIAN_POINT('',(5.304175493375E-2,8.816166011460E-3,
1.772538716304E-2));
#1130=CARTESIAN_POINT('',(5.275264763314E-2,1.192010279505E-2,
1.580728087886E-2));
#1131=CARTESIAN_POINT('',(5.246257613867E-2,1.462523719353E-2,
1.334138222580E-2));
#1132=CARTESIAN_POINT('',(5.217586291607E-2,1.680975221477E-2,
1.045642336296E-2));
#1133=CARTESIAN_POINT('',(5.188477839548E-2,1.845409301396E-2,
7.172789152021E-3));
#1134=CARTESIAN_POINT('',(5.159437157333E-2,1.945972045284E-2,
3.644179651346E-3));
#1135=CARTESIAN_POINT('',(5.140023941033E-2,1.968499490937E-2,
1.214079584053E-3));
#1136=CARTESIAN_POINT('',(5.130402285267E-2,1.968499490937E-2,
8.208919433973E-9));
#1138=CURVE_STYLE('',#124,POSITIVE_LENGTH_MEASURE(2.E-2),#117);
#1139=PRESENTATION_STYLE_ASSIGNMENT((#1138));
#1140=STYLED_ITEM('',(#1139),#1137);
#1141=CARTESIAN_POINT('',(5.007393145162E-2,1.968511119273E-2,
-4.311905639146E-9));
#1142=CARTESIAN_POINT('',(5.016959613019E-2,1.968511119273E-2,
1.206734132799E-3));
#1143=CARTESIAN_POINT('',(5.036231576837E-2,1.946231619781E-2,
3.623862909514E-3));
#1144=CARTESIAN_POINT('',(5.065160003613E-2,1.846659925574E-2,
7.138410362192E-3));
#1145=CARTESIAN_POINT('',(5.094199883988E-2,1.683310952773E-2,
1.041827839990E-2));
#1146=CARTESIAN_POINT('',(5.122875677495E-2,1.465534365858E-2,
1.330888518765E-2));
#1147=CARTESIAN_POINT('',(5.151980599284E-2,1.194620951910E-2,
1.578890640765E-2));
#1148=CARTESIAN_POINT('',(5.181047652995E-2,8.827595967113E-3,
1.772111314559E-2));
#1149=CARTESIAN_POINT('',(5.210082537321E-2,5.410576823124E-3,
1.904417542153E-2));
#1150=CARTESIAN_POINT('',(5.239047281819E-2,1.816968132015E-3,
1.971374195632E-2));
#1151=CARTESIAN_POINT('',(5.267964468099E-2,-1.832348379339E-3,
1.971203816792E-2));
#1152=CARTESIAN_POINT('',(5.296855338230E-2,-5.416230901110E-3,
1.904164431462E-2));
#1153=CARTESIAN_POINT('',(5.325745702130E-2,-8.816160771058E-3,
1.772538962470E-2));
#1154=CARTESIAN_POINT('',(5.354656516723E-2,-1.192009799223E-2,
1.580728487845E-2));
#1155=CARTESIAN_POINT('',(5.383663306431E-2,-1.462522923775E-2,
1.334138820878E-2));
#1156=CARTESIAN_POINT('',(5.412335910536E-2,-1.680975530092E-2,
1.045643217299E-2));
#1157=CARTESIAN_POINT('',(5.441439532996E-2,-1.845405828055E-2,
7.172796759954E-3));
#1158=CARTESIAN_POINT('',(5.470498247043E-2,-1.945983524560E-2,
3.644194574881E-3));
#1159=CARTESIAN_POINT('',(5.489866685580E-2,-1.968474510570E-2,
1.214066964330E-3));
#1160=CARTESIAN_POINT('',(5.499518764610E-2,-1.968474510570E-2,
1.670883811199E-8));
#1162=CURVE_STYLE('',#124,POSITIVE_LENGTH_MEASURE(2.E-2),#117);
#1163=PRESENTATION_STYLE_ASSIGNMENT((#1162));
#1164=STYLED_ITEM('',(#1163),#1161);
#1165=CARTESIAN_POINT('',(4.515267433417E-2,-1.968510138392E-2,
4.847909878290E-9));
#1166=CARTESIAN_POINT('',(4.524907536321E-2,-1.968510138392E-2,
-1.206675175372E-3));
#1167=CARTESIAN_POINT('',(4.544071295698E-2,-1.946232068452E-2,
-3.623890737271E-3));
#1168=CARTESIAN_POINT('',(4.573043212134E-2,-1.846659792004E-2,
-7.138403255215E-3));
#1169=CARTESIAN_POINT('',(4.602071434555E-2,-1.683310997438E-2,
-1.041828005902E-2));
#1170=CARTESIAN_POINT('',(4.630750345901E-2,-1.465534421774E-2,
-1.330888402480E-2));
#1171=CARTESIAN_POINT('',(4.659854443365E-2,-1.194620905082E-2,
-1.578890696308E-2));
#1172=CARTESIAN_POINT('',(4.688921717332E-2,-8.827595819411E-3,
-1.772111319274E-2));
#1173=CARTESIAN_POINT('',(4.717956551022E-2,-5.410575559145E-3,
-1.904417583481E-2));
#1174=CARTESIAN_POINT('',(4.746921310926E-2,-1.816966836964E-3,
-1.971374210288E-2));
#1175=CARTESIAN_POINT('',(4.775838504541E-2,1.832350956478E-3,
-1.971203800034E-2));
#1176=CARTESIAN_POINT('',(4.804729372443E-2,5.416233637728E-3,
-1.904164350577E-2));
#1177=CARTESIAN_POINT('',(4.833619753424E-2,8.816162973580E-3,
-1.772538855456E-2));
#1178=CARTESIAN_POINT('',(4.862530472844E-2,1.192009781314E-2,
-1.580728431355E-2));
#1179=CARTESIAN_POINT('',(4.891537582548E-2,1.462523351192E-2,
-1.334138719388E-2));
#1180=CARTESIAN_POINT('',(4.920209003721E-2,1.680974340710E-2,
-1.045643129415E-2));
#1181=CARTESIAN_POINT('',(4.949317015933E-2,1.845410405612E-2,
-7.172797308249E-3));
#1182=CARTESIAN_POINT('',(4.978359346741E-2,1.945966540999E-2,
-3.644189728654E-3));
#1183=CARTESIAN_POINT('',(4.997768541190E-2,1.968511119273E-2,
-1.214076193184E-3));
#1184=CARTESIAN_POINT('',(5.007393145162E-2,1.968511119273E-2,
-4.311905639146E-9));
#1186=CURVE_STYLE('',#124,POSITIVE_LENGTH_MEASURE(2.E-2),#117);
#1187=PRESENTATION_STYLE_ASSIGNMENT((#1186));
#1188=STYLED_ITEM('',(#1187),#1185);
#1189=DIRECTION('',(-9.999999572873E-1,-2.917424258794E-4,1.765541961546E-5));
#1190=VECTOR('',#1189,1.230090090893E-3);
#1191=CARTESIAN_POINT('',(4.638276437252E-2,-1.968474251445E-2,
-1.686984684124E-8));
#1192=LINE('',#1191,#1190);
#1193=CURVE_STYLE('',#124,POSITIVE_LENGTH_MEASURE(2.E-2),#117);
#1194=PRESENTATION_STYLE_ASSIGNMENT((#1193));
#1195=STYLED_ITEM('',(#1194),#1192);
#1196=CARTESIAN_POINT('',(5.130402285267E-2,1.968499490937E-2,
8.208919433973E-9));
#1197=CARTESIAN_POINT('',(5.120838746463E-2,1.968499490937E-2,
-1.206729902408E-3));
#1198=CARTESIAN_POINT('',(5.101562331034E-2,1.946237116758E-2,
-3.623856920260E-3));
#1199=CARTESIAN_POINT('',(5.072635723083E-2,1.846658795801E-2,
-7.138401860364E-3));
#1200=CARTESIAN_POINT('',(5.043595358460E-2,1.683311804134E-2,
-1.041827108818E-2));
#1201=CARTESIAN_POINT('',(5.014919678490E-2,1.465534725810E-2,
-1.330888031587E-2));
#1202=CARTESIAN_POINT('',(4.985814700373E-2,1.194621303944E-2,
-1.578890412669E-2));
#1203=CARTESIAN_POINT('',(4.956747641926E-2,8.827597909726E-3,
-1.772111229264E-2));
#1204=CARTESIAN_POINT('',(4.927712735129E-2,5.410576572884E-3,
-1.904417561402E-2));
#1205=CARTESIAN_POINT('',(4.898747983111E-2,1.816966765357E-3,
-1.971374216008E-2));
#1206=CARTESIAN_POINT('',(4.869830782230E-2,-1.832351622993E-3,
-1.971203798672E-2));
#1207=CARTESIAN_POINT('',(4.840939896982E-2,-5.416235522780E-3,
-1.904164307348E-2));
#1208=CARTESIAN_POINT('',(4.812049538806E-2,-8.816165849484E-3,
-1.772538714500E-2));
#1209=CARTESIAN_POINT('',(4.783138668078E-2,-1.192010339891E-2,
-1.580728094607E-2));
#1210=CARTESIAN_POINT('',(4.754132043864E-2,-1.462523494005E-2,
-1.334138197499E-2));
#1211=CARTESIAN_POINT('',(4.725458761340E-2,-1.680976062482E-2,
-1.045642429896E-2));
#1212=CARTESIAN_POINT('',(4.696357625102E-2,-1.845406162722E-2,
-7.172785658814E-3));
#1213=CARTESIAN_POINT('',(4.667289639866E-2,-1.945983758973E-2,
-3.644192688170E-3));
#1214=CARTESIAN_POINT('',(4.647944354409E-2,-1.968474251445E-2,
-1.214051493600E-3));
#1215=CARTESIAN_POINT('',(4.638276437252E-2,-1.968474251445E-2,
-1.686984684124E-8));
#1217=CURVE_STYLE('',#124,POSITIVE_LENGTH_MEASURE(2.E-2),#117);
#1218=PRESENTATION_STYLE_ASSIGNMENT((#1217));
#1219=STYLED_ITEM('',(#1218),#1216);
#1220=DIRECTION('',(9.999999954800E-1,-9.453229086522E-5,1.017877615101E-5));
#1221=VECTOR('',#1220,1.230091406605E-3);
#1222=CARTESIAN_POINT('',(5.007393145162E-2,1.968511119273E-2,
-4.311905639146E-9));
#1223=LINE('',#1222,#1221);
#1224=CURVE_STYLE('',#124,POSITIVE_LENGTH_MEASURE(2.E-2),#117);
#1225=PRESENTATION_STYLE_ASSIGNMENT((#1224));
#1226=STYLED_ITEM('',(#1225),#1223);
#1227=CARTESIAN_POINT('',(4.638276437252E-2,-1.968474251445E-2,
-1.686984684124E-8));
#1228=CARTESIAN_POINT('',(4.628666916486E-2,-1.968474251445E-2,
1.206684712086E-3));
#1229=CARTESIAN_POINT('',(4.609457623855E-2,-1.946248830447E-2,
3.623877893161E-3));
#1230=CARTESIAN_POINT('',(4.580504037655E-2,-1.846655657128E-2,
7.138396240692E-3));
#1231=CARTESIAN_POINT('',(4.551470901833E-2,-1.683312645139E-2,
1.041827259396E-2));
#1232=CARTESIAN_POINT('',(4.522793284909E-2,-1.465534500466E-2,
1.330887991240E-2));
#1233=CARTESIAN_POINT('',(4.493688825805E-2,-1.194621364317E-2,
1.578890423479E-2));
#1234=CARTESIAN_POINT('',(4.464621628258E-2,-8.827597748252E-3,
1.772111226371E-2));
#1235=CARTESIAN_POINT('',(4.435586758850E-2,-5.410576615050E-3,
1.904417562166E-2));
#1236=CARTESIAN_POINT('',(4.406621996375E-2,-1.816966758166E-3,
1.971374215845E-2));
#1237=CARTESIAN_POINT('',(4.377704799931E-2,1.832351636397E-3,
1.971203798559E-2));
#1238=CARTESIAN_POINT('',(4.348813907393E-2,5.416235461972E-3,
1.904164307961E-2));
#1239=CARTESIAN_POINT('',(4.319923573940E-2,8.816166079311E-3,
1.772538712161E-2));
#1240=CARTESIAN_POINT('',(4.291012611610E-2,1.192010254041E-2,
1.580728103349E-2));
#1241=CARTESIAN_POINT('',(4.262006329081E-2,1.462523814423E-2,
1.334138164871E-2));
#1242=CARTESIAN_POINT('',(4.233331771418E-2,1.680974866662E-2,
1.045642551668E-2));
#1243=CARTESIAN_POINT('',(4.204235394052E-2,1.845410625585E-2,
7.172781114232E-3));
#1244=CARTESIAN_POINT('',(4.175149648467E-2,1.945967103344E-2,
3.644209648783E-3));
#1245=CARTESIAN_POINT('',(4.155848551359E-2,1.968510139337E-2,
1.214014948558E-3));
#1246=CARTESIAN_POINT('',(4.146149888868E-2,1.968510139337E-2,
4.847909875633E-9));
#1248=CURVE_STYLE('',#124,POSITIVE_LENGTH_MEASURE(2.E-2),#117);
#1249=PRESENTATION_STYLE_ASSIGNMENT((#1248));
#1250=STYLED_ITEM('',(#1249),#1247);
#1251=CARTESIAN_POINT('',(4.023140884745E-2,1.96847425E-2,-1.686984683202E-8));
#1252=CARTESIAN_POINT('',(4.032750429981E-2,1.96847425E-2,1.206687782297E-3));
#1253=CARTESIAN_POINT('',(4.051959761962E-2,1.946248715497E-2,
3.623885730893E-3));
#1254=CARTESIAN_POINT('',(4.080913368433E-2,1.846655281168E-2,
7.138406095145E-3));
#1255=CARTESIAN_POINT('',(4.109946501753E-2,1.683312102874E-2,
1.041828122796E-2));
#1256=CARTESIAN_POINT('',(4.138624106799E-2,1.465533906113E-2,
1.330888628845E-2));
#1257=CARTESIAN_POINT('',(4.167728550878E-2,1.194620815700E-2,
1.578890825376E-2));
#1258=CARTESIAN_POINT('',(4.196795737936E-2,8.827592819073E-3,
1.772111464380E-2));
#1259=CARTESIAN_POINT('',(4.225830597881E-2,5.410572447604E-3,
1.904417671424E-2));
#1260=CARTESIAN_POINT('',(4.254795346149E-2,1.816964299E-3,1.971374224504E-2));
#1261=CARTESIAN_POINT('',(4.283712525056E-2,-1.832351931945E-3,
1.971203786537E-2));
#1262=CARTESIAN_POINT('',(4.312603408167E-2,-5.416234521592E-3,
1.904164322291E-2));
#1263=CARTESIAN_POINT('',(4.341493720873E-2,-8.816162859529E-3,
1.772538857034E-2));
#1264=CARTESIAN_POINT('',(4.370404670027E-2,-1.192009831127E-2,
1.580728407277E-2));
#1265=CARTESIAN_POINT('',(4.399410933503E-2,-1.462523290323E-2,
1.334138718346E-2));
#1266=CARTESIAN_POINT('',(4.428085478896E-2,-1.680974379301E-2,
1.045643327539E-2));
#1267=CARTESIAN_POINT('',(4.457181858238E-2,-1.845410308666E-2,
7.172789449250E-3));
#1268=CARTESIAN_POINT('',(4.486267622476E-2,-1.945967006982E-2,
3.644216178936E-3));
#1269=CARTESIAN_POINT('',(4.505568750649E-2,-1.968510138392E-2,
1.214017485036E-3));
#1270=CARTESIAN_POINT('',(4.515267433417E-2,-1.968510138392E-2,
4.847909878290E-9));
#1272=CURVE_STYLE('',#124,POSITIVE_LENGTH_MEASURE(2.E-2),#117);
#1273=PRESENTATION_STYLE_ASSIGNMENT((#1272));
#1274=STYLED_ITEM('',(#1273),#1271);
#1275=CARTESIAN_POINT('',(3.531015037937E-2,-1.968499491580E-2,
8.208919473334E-9));
#1276=CARTESIAN_POINT('',(3.540578597315E-2,-1.968499491580E-2,
-1.206732499707E-3));
#1277=CARTESIAN_POINT('',(3.559855044767E-2,-1.946237016742E-2,
-3.623863561022E-3));
#1278=CARTESIAN_POINT('',(3.588781668166E-2,-1.846658488568E-2,
-7.138409950886E-3));
#1279=CARTESIAN_POINT('',(3.617822034292E-2,-1.683311335585E-2,
-1.041827857252E-2));
#1280=CARTESIAN_POINT('',(3.646497701333E-2,-1.465534230918E-2,
-1.330888556659E-2));
#1281=CARTESIAN_POINT('',(3.675602661970E-2,-1.194620898437E-2,
-1.578890703425E-2));
#1282=CARTESIAN_POINT('',(3.704669705375E-2,-8.827595094482E-3,
-1.772111356007E-2));
#1283=CARTESIAN_POINT('',(3.733704596403E-2,-5.410575466261E-3,
-1.904417581833E-2));
#1284=CARTESIAN_POINT('',(3.762669337801E-2,-1.816967029267E-3,
-1.971374205842E-2));
#1285=CARTESIAN_POINT('',(3.791586525996E-2,1.832349802534E-3,
-1.971203802585E-2));
#1286=CARTESIAN_POINT('',(3.820477393086E-2,5.416231486218E-3,
-1.904164409494E-2));
#1287=CARTESIAN_POINT('',(3.849367740810E-2,8.816160942468E-3,
-1.772538952622E-2));
#1288=CARTESIAN_POINT('',(3.878278603627E-2,1.192009818854E-2,
-1.580728476234E-2));
#1289=CARTESIAN_POINT('',(3.907285213131E-2,1.462522923937E-2,
-1.334138804894E-2));
#1290=CARTESIAN_POINT('',(3.935958485123E-2,1.680975550908E-2,
-1.045643247828E-2));
#1291=CARTESIAN_POINT('',(3.965059624957E-2,1.845405834590E-2,
-7.172794250919E-3));
#1292=CARTESIAN_POINT('',(3.994127626048E-2,1.945983650609E-2,
-3.644199855010E-3));
#1293=CARTESIAN_POINT('',(4.013472945269E-2,1.96847425E-2,-1.214054293624E-3));
#1294=CARTESIAN_POINT('',(4.023140884745E-2,1.96847425E-2,-1.686984683202E-8));
#1296=CURVE_STYLE('',#124,POSITIVE_LENGTH_MEASURE(2.E-2),#117);
#1297=PRESENTATION_STYLE_ASSIGNMENT((#1296));
#1298=STYLED_ITEM('',(#1297),#1295);
#1299=DIRECTION('',(-9.999999954809E-1,9.452279465711E-5,1.017877616334E-5));
#1300=VECTOR('',#1299,1.230091405901E-3);
#1301=CARTESIAN_POINT('',(3.654024177971E-2,-1.968511118748E-2,
-4.311905607779E-9));
#1302=LINE('',#1301,#1300);
#1303=CURVE_STYLE('',#124,POSITIVE_LENGTH_MEASURE(2.E-2),#117);
#1304=PRESENTATION_STYLE_ASSIGNMENT((#1303));
#1305=STYLED_ITEM('',(#1304),#1302);
#1306=CARTESIAN_POINT('',(4.146149888868E-2,1.968510139337E-2,
4.847909875633E-9));
#1307=CARTESIAN_POINT('',(4.136509808478E-2,1.968510139337E-2,
-1.206672359043E-3));
#1308=CARTESIAN_POINT('',(4.117346084186E-2,1.946232174818E-2,
-3.623883626228E-3));
#1309=CARTESIAN_POINT('',(4.088374182987E-2,1.846660119990E-2,
-7.138394704521E-3));
#1310=CARTESIAN_POINT('',(4.059345954652E-2,1.683311449318E-2,
-1.041827300558E-2));
#1311=CARTESIAN_POINT('',(4.030667022776E-2,1.465534820885E-2,
-1.330887980211E-2));
#1312=CARTESIAN_POINT('',(4.001562915993E-2,1.194621278461E-2,
-1.578890426436E-2));
#1313=CARTESIAN_POINT('',(3.972495624118E-2,8.827597978312E-3,
-1.772111225574E-2));
#1314=CARTESIAN_POINT('',(3.943460779699E-2,5.410576553376E-3,
-1.904417562398E-2));
#1315=CARTESIAN_POINT('',(3.914496011599E-2,1.816966774804E-3,
-1.971374215716E-2));
#1316=CARTESIAN_POINT('',(3.885578812664E-2,-1.832351641273E-3,
-1.971203798843E-2));
#1317=CARTESIAN_POINT('',(3.856687935713E-2,-5.416235459104E-3,
-1.904164306954E-2));
#1318=CARTESIAN_POINT('',(3.827797542402E-2,-8.816166085907E-3,
-1.772538715907E-2));
#1319=CARTESIAN_POINT('',(3.798886803922E-2,-1.192010251690E-2,
-1.580728089373E-2));
#1320=CARTESIAN_POINT('',(3.769879685851E-2,-1.462523823169E-2,
-1.334138217030E-2));
#1321=CARTESIAN_POINT('',(3.741208246505E-2,-1.680974834027E-2,
-1.045642357009E-2));
#1322=CARTESIAN_POINT('',(3.712100231412E-2,-1.845410747380E-2,
-7.172788379012E-3));
#1323=CARTESIAN_POINT('',(3.683057918416E-2,-1.945966648798E-2,
-3.644182536253E-3));
#1324=CARTESIAN_POINT('',(3.663648759554E-2,-1.968511118748E-2,
-1.214073367941E-3));
#1325=CARTESIAN_POINT('',(3.654024177971E-2,-1.968511118748E-2,
-4.311905607779E-9));
#1327=CURVE_STYLE('',#124,POSITIVE_LENGTH_MEASURE(2.E-2),#117);
#1328=PRESENTATION_STYLE_ASSIGNMENT((#1327));
#1329=STYLED_ITEM('',(#1328),#1326);
#1330=DIRECTION('',(9.999999572817E-1,2.917618609833E-4,1.765541956433E-5));
#1331=VECTOR('',#1330,1.230090093782E-3);
#1332=CARTESIAN_POINT('',(4.023140884745E-2,1.96847425E-2,-1.686984683202E-8));
#1333=LINE('',#1332,#1331);
#1334=CURVE_STYLE('',#124,POSITIVE_LENGTH_MEASURE(2.E-2),#117);
#1335=PRESENTATION_STYLE_ASSIGNMENT((#1334));
#1336=STYLED_ITEM('',(#1335),#1333);
#1337=CARTESIAN_POINT('',(3.654024177971E-2,-1.968511118748E-2,
-4.311905607779E-9));
#1338=CARTESIAN_POINT('',(3.644457731023E-2,-1.968511118748E-2,
1.206731494331E-3));
#1339=CARTESIAN_POINT('',(3.625185799668E-2,-1.946231720273E-2,
3.623856181446E-3));
#1340=CARTESIAN_POINT('',(3.596257389461E-2,-1.846660241785E-2,
7.138402058328E-3));
#1341=CARTESIAN_POINT('',(3.567217507751E-2,-1.683311416684E-2,
1.041827103513E-2));
#1342=CARTESIAN_POINT('',(3.538541698385E-2,-1.465534829627E-2,
1.330888033009E-2));
#1343=CARTESIAN_POINT('',(3.509436754935E-2,-1.194621276126E-2,
1.578890412288E-2));
#1344=CARTESIAN_POINT('',(3.480369687216E-2,-8.827597984266E-3,
1.772111229365E-2));
#1345=CARTESIAN_POINT('',(3.451334782843E-2,-5.410576552903E-3,
1.904417561379E-2));
#1346=CARTESIAN_POINT('',(3.422370030404E-2,-1.816966770741E-3,1.971374216E-2));
#1347=CARTESIAN_POINT('',(3.393452828780E-2,1.832351624546E-3,
1.971203798727E-2));
#1348=CARTESIAN_POINT('',(3.364561946923E-2,5.416235521949E-3,
1.904164307135E-2));
#1349=CARTESIAN_POINT('',(3.335671575927E-2,8.816165851254E-3,
1.772538715298E-2));
#1350=CARTESIAN_POINT('',(3.306760753089E-2,1.192010339266E-2,
1.580728091626E-2));
#1351=CARTESIAN_POINT('',(3.277753950135E-2,1.462523496328E-2,
1.334138208624E-2));
#1352=CARTESIAN_POINT('',(3.249081334682E-2,1.680976053816E-2,
1.045642388377E-2));
#1353=CARTESIAN_POINT('',(3.219977708901E-2,1.845406195067E-2,
7.172787208318E-3));
#1354=CARTESIAN_POINT('',(3.190919014763E-2,1.945983638261E-2,
3.644186905341E-3));
#1355=CARTESIAN_POINT('',(3.171550612740E-2,1.968474511543E-2,
1.214063953864E-3));
#1356=CARTESIAN_POINT('',(3.161898557659E-2,1.968474511543E-2,
1.670883810449E-8));
#1358=CURVE_STYLE('',#124,POSITIVE_LENGTH_MEASURE(2.E-2),#117);
#1359=PRESENTATION_STYLE_ASSIGNMENT((#1358));
#1360=STYLED_ITEM('',(#1359),#1357);
#1361=CARTESIAN_POINT('',(3.038889826754E-2,1.968520385354E-2,
-1.508637568801E-9));
#1362=CARTESIAN_POINT('',(3.048517973413E-2,1.968520385354E-2,
1.206687876437E-3));
#1363=CARTESIAN_POINT('',(3.067698726886E-2,1.946227318554E-2,
3.623884295526E-3));
#1364=CARTESIAN_POINT('',(3.096663809180E-2,1.846661095980E-2,
7.138404077989E-3));
#1365=CARTESIAN_POINT('',(3.125693864535E-2,1.683310686062E-2,
1.041827921057E-2));
#1366=CARTESIAN_POINT('',(3.154372288752E-2,1.465534519601E-2,
1.330888406829E-2));
#1367=CARTESIAN_POINT('',(3.183476515722E-2,1.194620907323E-2,
1.578890673347E-2));
#1368=CARTESIAN_POINT('',(3.212543756561E-2,8.827595949171E-3,
1.772111316141E-2));
#1369=CARTESIAN_POINT('',(3.241578596218E-2,5.410576029458E-3,
1.904417568569E-2));
#1370=CARTESIAN_POINT('',(3.270543355311E-2,1.816967129747E-3,
1.971374207595E-2));
#1371=CARTESIAN_POINT('',(3.299460545477E-2,-1.832350121877E-3,
1.971203802881E-2));
#1372=CARTESIAN_POINT('',(3.328351408011E-2,-5.416232294237E-3,
1.904164388109E-2));
#1373=CARTESIAN_POINT('',(3.357241794789E-2,-8.816162065024E-3,
1.772538904919E-2));
#1374=CARTESIAN_POINT('',(3.386152512655E-2,-1.192009799565E-2,
1.580728434485E-2));
#1375=CARTESIAN_POINT('',(3.415159645811E-2,-1.462523172586E-2,
1.334138805577E-2));
#1376=CARTESIAN_POINT('',(3.443830958969E-2,-1.680974737456E-2,
1.045643109540E-2));
#1377=CARTESIAN_POINT('',(3.472939412406E-2,-1.845408979201E-2,
7.172797531538E-3));
#1378=CARTESIAN_POINT('',(3.501980107604E-2,-1.945971934363E-2,
3.644186861331E-3));
#1379=CARTESIAN_POINT('',(3.521393359699E-2,-1.968499491580E-2,
1.214082420834E-3));
#1380=CARTESIAN_POINT('',(3.531015037937E-2,-1.968499491580E-2,
8.208919473334E-9));
#1382=CURVE_STYLE('',#124,POSITIVE_LENGTH_MEASURE(2.E-2),#117);
#1383=PRESENTATION_STYLE_ASSIGNMENT((#1382));
#1384=STYLED_ITEM('',(#1383),#1381);
#1385=CARTESIAN_POINT('',(2.792837433392E-2,-1.914141919183E-8,
-1.968491986342E-2));
#1386=CARTESIAN_POINT('',(2.801989278728E-2,1.145239588688E-3,
-1.968491986342E-2));
#1387=CARTESIAN_POINT('',(2.820128231033E-2,3.435837490709E-3,
-1.948468520716E-2));
#1388=CARTESIAN_POINT('',(2.847504391690E-2,6.767106434055E-3,
-1.859196258932E-2));
#1389=CARTESIAN_POINT('',(2.874834841959E-2,9.892731497163E-3,
-1.713444888561E-2));
#1390=CARTESIAN_POINT('',(2.902177099600E-2,1.271773557170E-2,
-1.515633166861E-2));
#1391=CARTESIAN_POINT('',(2.929515829052E-2,1.515633314627E-2,
-1.271773793238E-2));
#1392=CARTESIAN_POINT('',(2.956856194990E-2,1.713443893846E-2,
-9.892731155901E-3));
#1393=CARTESIAN_POINT('',(2.984194241628E-2,1.859199778131E-2,
-6.767110840487E-3));
#1394=CARTESIAN_POINT('',(3.011541935068E-2,1.948455339420E-2,
-3.435822932133E-3));
#1395=CARTESIAN_POINT('',(3.029751745955E-2,1.968520385354E-2,
-1.145271256971E-3));
#1396=CARTESIAN_POINT('',(3.038889826754E-2,1.968520385354E-2,
-1.508637568801E-9));
#1398=CURVE_STYLE('',#124,POSITIVE_LENGTH_MEASURE(2.E-2),#117);
#1399=PRESENTATION_STYLE_ASSIGNMENT((#1398));
#1400=STYLED_ITEM('',(#1399),#1397);
#1401=CARTESIAN_POINT('',(2.546763377786E-2,-1.968520424879E-2,
1.210654468339E-9));
#1402=CARTESIAN_POINT('',(2.555855049837E-2,-1.968520424879E-2,
-1.145301831758E-3));
#1403=CARTESIAN_POINT('',(2.574098219623E-2,-1.948455452890E-2,
-3.435798076386E-3));
#1404=CARTESIAN_POINT('',(2.601432451129E-2,-1.859200148269E-2,
-6.767105098119E-3));
#1405=CARTESIAN_POINT('',(2.628774207162E-2,-1.713444357132E-2,
-9.892722458471E-3));
#1406=CARTESIAN_POINT('',(2.656113279794E-2,-1.515633584395E-2,
-1.271773528420E-2));
#1407=CARTESIAN_POINT('',(2.683453686350E-2,-1.271773490027E-2,
-1.515633337793E-2));
#1408=CARTESIAN_POINT('',(2.710790815657E-2,-9.892721561952E-3,
-1.713445302312E-2));
#1409=CARTESIAN_POINT('',(2.738140345023E-2,-6.767109102489E-3,
-1.859196612167E-2));
#1410=CARTESIAN_POINT('',(2.765445426594E-2,-3.435782984426E-3,
-1.948468651061E-2));
#1411=CARTESIAN_POINT('',(2.783761147388E-2,-1.145334388330E-3,
-1.968491986342E-2));
#1412=CARTESIAN_POINT('',(2.792837433392E-2,-1.914141919183E-8,
-1.968491986342E-2));
#1414=CURVE_STYLE('',#124,POSITIVE_LENGTH_MEASURE(2.E-2),#117);
#1415=PRESENTATION_STYLE_ASSIGNMENT((#1414));
#1416=STYLED_ITEM('',(#1415),#1413);
#1417=DIRECTION('',(-9.999999838452E-1,-1.795621669669E-4,8.190371741727E-6));
#1418=VECTOR('',#1417,1.230086738435E-3);
#1419=CARTESIAN_POINT('',(2.669772049642E-2,-1.968498337175E-2,
-8.864213194010E-9));
#1420=LINE('',#1419,#1418);
#1421=CURVE_STYLE('',#124,POSITIVE_LENGTH_MEASURE(2.E-2),#117);
#1422=PRESENTATION_STYLE_ASSIGNMENT((#1421));
#1423=STYLED_ITEM('',(#1422),#1420);
#1424=CARTESIAN_POINT('',(3.161898557659E-2,1.968474511543E-2,
1.670883810449E-8));
#1425=CARTESIAN_POINT('',(3.152304803158E-2,1.968474511543E-2,
-1.206697418133E-3));
#1426=CARTESIAN_POINT('',(3.133072319989E-2,1.946248709735E-2,
-3.623871996264E-3));
#1427=CARTESIAN_POINT('',(3.104128054617E-2,1.846655689473E-2,
-7.138397820761E-3));
#1428=CARTESIAN_POINT('',(3.075092421287E-2,1.683312636472E-2,
-1.041827217059E-2));
#1429=CARTESIAN_POINT('',(3.046415473568E-2,1.465534502787E-2,
-1.330888002584E-2));
#1430=CARTESIAN_POINT('',(3.017310835152E-2,1.194621363697E-2,
-1.578890420440E-2));
#1431=CARTESIAN_POINT('',(2.988243685650E-2,8.827597749815E-3,
-1.772111227185E-2));
#1432=CARTESIAN_POINT('',(2.959208803376E-2,5.410576614993E-3,
-1.904417561949E-2));
#1433=CARTESIAN_POINT('',(2.930244044320E-2,1.816966756830E-3,
-1.971374215900E-2));
#1434=CARTESIAN_POINT('',(2.901326847066E-2,-1.832351630998E-3,
-1.971203798555E-2));
#1435=CARTESIAN_POINT('',(2.872435954346E-2,-5.416235482236E-3,
-1.904164307922E-2));
#1436=CARTESIAN_POINT('',(2.843545622433E-2,-8.816166003659E-3,
-1.772538712322E-2));
#1437=CARTESIAN_POINT('',(2.814634654130E-2,-1.192010282276E-2,
-1.580728102744E-2));
#1438=CARTESIAN_POINT('',(2.785628393951E-2,-1.462523709049E-2,
-1.334138167129E-2));
#1439=CARTESIAN_POINT('',(2.756953752861E-2,-1.680975259922E-2,
-1.045642543240E-2));
#1440=CARTESIAN_POINT('',(2.727857686854E-2,-1.845409157919E-2,
-7.172781428765E-3));
#1441=CARTESIAN_POINT('',(2.698770779261E-2,-1.945972580747E-2,
-3.644208474927E-3));
#1442=CARTESIAN_POINT('',(2.679472573269E-2,-1.968498337175E-2,
-1.214017477865E-3));
#1443=CARTESIAN_POINT('',(2.669772049642E-2,-1.968498337175E-2,
-8.864213194010E-9));
#1445=CURVE_STYLE('',#124,POSITIVE_LENGTH_MEASURE(2.E-2),#117);
#1446=PRESENTATION_STYLE_ASSIGNMENT((#1445));
#1447=STYLED_ITEM('',(#1446),#1444);
#1448=DIRECTION('',(9.999999303514E-1,-3.729313181493E-4,1.480990354954E-5));
#1449=VECTOR('',#1448,1.230087394719E-3);
#1450=CARTESIAN_POINT('',(3.038889826754E-2,1.968520385354E-2,
-1.508637568801E-9));
#1451=LINE('',#1450,#1449);
#1452=CURVE_STYLE('',#124,POSITIVE_LENGTH_MEASURE(2.E-2),#117);
#1453=PRESENTATION_STYLE_ASSIGNMENT((#1452));
#1454=STYLED_ITEM('',(#1453),#1451);
#1455=DIRECTION('',(4.999965762143E-1,-1.117319918579E-6,-8.660273804983E-1));
#1456=VECTOR('',#1455,6.151818782293E-3);
#1457=CARTESIAN_POINT('',(2.485248600528E-2,-1.226786953088E-8,
-1.435727635809E-2));
#1458=LINE('',#1457,#1456);
#1459=CURVE_STYLE('',#124,POSITIVE_LENGTH_MEASURE(2.E-2),#117);
#1460=PRESENTATION_STYLE_ASSIGNMENT((#1459));
#1461=STYLED_ITEM('',(#1460),#1458);
#1462=CARTESIAN_POINT('',(-1.451761441259E-2,-9.885426435219E-9,
-1.435735671629E-2));
#1463=CARTESIAN_POINT('',(-1.440737550385E-2,1.010366568520E-3,
-1.435677601112E-2));
#1464=CARTESIAN_POINT('',(-1.418716188918E-2,3.026754898685E-3,
-1.414319865295E-2));
#1465=CARTESIAN_POINT('',(-1.385937346586E-2,5.898605174935E-3,
-1.320497458780E-2));
#1466=CARTESIAN_POINT('',(-1.353190846205E-2,8.510158386409E-3,
-1.169233027225E-2));
#1467=CARTESIAN_POINT('',(-1.320664330967E-2,1.073797576925E-2,
-9.687779900506E-3));
#1468=CARTESIAN_POINT('',(-1.287631573365E-2,1.253025354984E-2,
-7.226200072605E-3));
#1469=CARTESIAN_POINT('',(-1.254815305636E-2,1.375580507916E-2,
-4.461995494084E-3));
#1470=CARTESIAN_POINT('',(-1.222208009642E-2,1.438155686050E-2,
-1.522344443457E-3));
#1471=CARTESIAN_POINT('',(-1.189651782620E-2,1.438476006878E-2,
1.476946378833E-3));
#1472=CARTESIAN_POINT('',(-1.157097821246E-2,1.377207005602E-2,
4.414332851536E-3));
#1473=CARTESIAN_POINT('',(-1.124461257580E-2,1.256042324045E-2,
7.166208141287E-3));
#1474=CARTESIAN_POINT('',(-1.091812381742E-2,1.080670012742E-2,
9.611792126510E-3));
#1475=CARTESIAN_POINT('',(-1.059159625357E-2,8.583077114781E-3,
1.163812343473E-2));
#1476=CARTESIAN_POINT('',(-1.026500614793E-2,5.988722499171E-3,
1.316482519977E-2));
#1477=CARTESIAN_POINT('',(-9.938342809827E-3,3.133631868113E-3,
1.411730601985E-2));
#1478=CARTESIAN_POINT('',(-9.611172534585E-3,1.379577587286E-4,
1.446283505066E-2));
#1479=CARTESIAN_POINT('',(-9.283971069311E-3,-2.863134056755E-3,
1.417493673878E-2));
#1480=CARTESIAN_POINT('',(-8.955638126063E-3,-5.751691333917E-3,
1.327218117217E-2));
#1481=CARTESIAN_POINT('',(-8.626343897672E-3,-8.392505156354E-3,
1.177771507208E-2));
#1482=CARTESIAN_POINT('',(-8.297233346990E-3,-1.066733788698E-2,
9.770684952400E-3));
#1483=CARTESIAN_POINT('',(-7.966804917953E-3,-1.247290503054E-2,
7.318901800664E-3));
#1484=CARTESIAN_POINT('',(-7.639468685454E-3,-1.372284494782E-2,
4.572963000245E-3));
#1485=CARTESIAN_POINT('',(-7.308743901342E-3,-1.437518365394E-2,
1.595715296962E-3));
#1486=CARTESIAN_POINT('',(-6.977874360317E-3,-1.439259850454E-2,
-1.453868267614E-3));
#1487=CARTESIAN_POINT('',(-6.648416742208E-3,-1.376787746524E-2,
-4.425325617478E-3));
#1488=CARTESIAN_POINT('',(-6.320449002890E-3,-1.254983692775E-2,
-7.191330920211E-3));
#1489=CARTESIAN_POINT('',(-5.992676161857E-3,-1.077969041523E-2,
-9.639318161416E-3));
#1490=CARTESIAN_POINT('',(-5.666072603148E-3,-8.552493154472E-3,
-1.166303260875E-2));
#1491=CARTESIAN_POINT('',(-5.339397267144E-3,-5.952006713350E-3,
-1.318096586172E-2));
#1492=CARTESIAN_POINT('',(-5.007441108498E-3,-3.047884732362E-3,
-1.414154747185E-2));
#1493=CARTESIAN_POINT('',(-4.677947848874E-3,-2.735469733203E-5,
-1.446225492271E-2));
#1494=CARTESIAN_POINT('',(-4.348390473339E-3,2.993262301847E-3,
-1.415174566410E-2));
#1495=CARTESIAN_POINT('',(-4.019384893152E-3,5.877470600578E-3,
-1.321396257637E-2));
#1496=CARTESIAN_POINT('',(-3.691029227440E-3,8.498869915677E-3,
-1.170355770885E-2));
#1497=CARTESIAN_POINT('',(-3.362627653674E-3,1.074757328673E-2,
-9.676901321350E-3));
#1498=CARTESIAN_POINT('',(-3.034725571780E-3,1.252443032511E-2,
-7.233551379300E-3));
#1499=CARTESIAN_POINT('',(-2.707026979216E-3,1.375260059908E-2,
-4.473767478303E-3));
#1500=CARTESIAN_POINT('',(-2.379418252218E-3,1.438262989307E-2,
-1.521938754073E-3));
#1501=CARTESIAN_POINT('',(-2.051809318443E-3,1.438438941389E-2,
1.498029151971E-3));
#1502=CARTESIAN_POINT('',(-1.724465315266E-3,1.376091177785E-2,
4.448669764951E-3));
#1503=CARTESIAN_POINT('',(-1.398436159729E-3,1.254342966060E-2,
7.196292495888E-3));
#1504=CARTESIAN_POINT('',(-1.072868234745E-3,1.078915049372E-2,
9.628985391275E-3));
#1505=CARTESIAN_POINT('',(-7.475099073392E-4,8.571184623906E-3,
1.164746454178E-2));
#1506=CARTESIAN_POINT('',(-4.208954199776E-4,5.975762956641E-3,
1.317033527731E-2));
#1507=CARTESIAN_POINT('',(-9.298577200603E-5,3.107640448241E-3,
1.412365908811E-2));
#1508=CARTESIAN_POINT('',(2.318615312244E-4,1.337839189444E-4,
1.446150776117E-2));
#1509=CARTESIAN_POINT('',(5.630595867323E-4,-2.905394140235E-3,
1.417115884938E-2));
#1510=CARTESIAN_POINT('',(8.939713386092E-4,-5.810697573084E-3,
1.324492644217E-2));
#1511=CARTESIAN_POINT('',(1.223285622131E-3,-8.447329944377E-3,
1.174046412251E-2));
#1512=CARTESIAN_POINT('',(1.550363715029E-3,-1.069500777181E-2,
9.733243823689E-3));
#1513=CARTESIAN_POINT('',(1.877281042050E-3,-1.248212409796E-2,
7.306922720573E-3));
#1514=CARTESIAN_POINT('',(2.205236315736E-3,-1.372564939511E-2,
4.553140032160E-3));
#1515=CARTESIAN_POINT('',(2.531886325400E-3,-1.437354431946E-2,
1.612636101066E-3));
#1516=CARTESIAN_POINT('',(2.860626119493E-3,-1.439221265384E-2,
-1.416172215161E-3));
#1517=CARTESIAN_POINT('',(3.188072771453E-3,-1.378701627416E-2,
-4.373192452380E-3));
#1518=CARTESIAN_POINT('',(3.516919940576E-3,-1.257181542242E-2,
-7.148950729074E-3));
#1519=CARTESIAN_POINT('',(3.846285394739E-3,-1.080468525324E-2,
-9.617562765492E-3));
#1520=CARTESIAN_POINT('',(4.175718121783E-3,-8.557638278775E-3,
-1.165890657598E-2));
#1521=CARTESIAN_POINT('',(4.505860772636E-3,-5.930410421703E-3,
-1.319421792041E-2));
#1522=CARTESIAN_POINT('',(4.835725810651E-3,-3.040921302190E-3,
-1.413903804217E-2));
#1523=CARTESIAN_POINT('',(5.165431338684E-3,-1.978027598098E-5,
-1.446547025792E-2));
#1524=CARTESIAN_POINT('',(5.495059508229E-3,3.001478681137E-3,
-1.414734644436E-2));
#1525=CARTESIAN_POINT('',(5.824687293483E-3,5.891585794312E-3,
-1.321142125780E-2));
#1526=CARTESIAN_POINT('',(6.154504136063E-3,8.520736015494E-3,
-1.168554655408E-2));
#1527=CARTESIAN_POINT('',(6.483529035039E-3,1.077177242776E-2,
-9.654194528771E-3));
#1528=CARTESIAN_POINT('',(6.812835761138E-3,1.254715142166E-2,
-7.192244946361E-3));
#1529=CARTESIAN_POINT('',(7.141856867031E-3,1.377249417453E-2,
-4.419102504275E-3));
#1530=CARTESIAN_POINT('',(7.468938118571E-3,1.438629014818E-2,
-1.467408975425E-3));
#1531=CARTESIAN_POINT('',(7.796217548334E-3,1.438005917270E-2,
1.547876588996E-3));
#1532=CARTESIAN_POINT('',(8.123375077117E-3,1.374600338441E-2,
4.496256932887E-3));
#1533=CARTESIAN_POINT('',(8.454874334401E-3,1.249796205133E-2,
7.284126566883E-3));
#1534=CARTESIAN_POINT('',(8.784019474288E-3,1.070047750289E-2,
9.728764267942E-3));
#1535=CARTESIAN_POINT('',(9.112131966496E-3,8.445309509490E-3,
1.174189799172E-2));
#1536=CARTESIAN_POINT('',(9.440342855569E-3,5.817244670376E-3,
1.324084382274E-2));
#1537=CARTESIAN_POINT('',(9.769013677624E-3,2.932822356715E-3,
1.416338072077E-2));
#1538=CARTESIAN_POINT('',(1.009673619902E-2,-7.326312484903E-5,
1.446037765638E-2));
#1539=CARTESIAN_POINT('',(1.042123215379E-2,-3.045489449503E-3,
1.413798865785E-2));
#1540=CARTESIAN_POINT('',(1.075051849395E-2,-5.929522087650E-3,
1.319188937294E-2));
#1541=CARTESIAN_POINT('',(1.107753496594E-2,-8.533084473111E-3,
1.167546817099E-2));
#1542=CARTESIAN_POINT('',(1.140273707422E-2,-1.075649479530E-2,
9.665188916575E-3));
#1543=CARTESIAN_POINT('',(1.172831573378E-2,-1.251933228271E-2,
7.238560379065E-3));
#1544=CARTESIAN_POINT('',(1.205468550363E-2,-1.374698618429E-2,
4.491995704008E-3));
#1545=CARTESIAN_POINT('',(1.238230049085E-2,-1.438008777928E-2,
1.540819585850E-3));
#1546=CARTESIAN_POINT('',(1.271011015694E-2,-1.438692602602E-2,
-1.481014503039E-3));
#1547=CARTESIAN_POINT('',(1.303778535482E-2,-1.376514712196E-2,
-4.435217396891E-3));
#1548=CARTESIAN_POINT('',(1.336542058491E-2,-1.254481286517E-2,
-7.197839520630E-3));
#1549=CARTESIAN_POINT('',(1.369312848173E-2,-1.077617978378E-2,
-9.644904415827E-3));
#1550=CARTESIAN_POINT('',(1.402125487199E-2,-8.535433982118E-3,
-1.167655156662E-2));
#1551=CARTESIAN_POINT('',(1.434925846007E-2,-5.921920154965E-3,
-1.319400891592E-2));
#1552=CARTESIAN_POINT('',(1.467824924659E-2,-3.041045195344E-3,
-1.414159315715E-2));
#1553=CARTESIAN_POINT('',(1.500798121810E-2,-1.986423052083E-5,
-1.446237384143E-2));
#1554=CARTESIAN_POINT('',(1.533704680956E-2,2.997657453154E-3,
-1.415138570678E-2));
#1555=CARTESIAN_POINT('',(1.566746578429E-2,5.892070596902E-3,
-1.320724365881E-2));
#1556=CARTESIAN_POINT('',(1.599483734113E-2,8.505829650967E-3,
-1.169910264359E-2));
#1557=CARTESIAN_POINT('',(1.632494710345E-2,1.076350588965E-2,
-9.660548229181E-3));
#1558=CARTESIAN_POINT('',(1.665493600652E-2,1.254774409971E-2,
-7.197087591008E-3));
#1559=CARTESIAN_POINT('',(1.698393243180E-2,1.376889472830E-2,
-4.422100932530E-3));
#1560=CARTESIAN_POINT('',(1.731231285700E-2,1.439087974548E-2,
-1.460208613272E-3));
#1561=CARTESIAN_POINT('',(1.764095238402E-2,1.437603987939E-2,
1.568449972759E-3));
#1562=CARTESIAN_POINT('',(1.796814480952E-2,1.374012353364E-2,
4.515722768293E-3));
#1563=CARTESIAN_POINT('',(1.829496757151E-2,1.250603517984E-2,
7.263465362860E-3));
#1564=CARTESIAN_POINT('',(1.862689288026E-2,1.070208770624E-2,
9.733802424623E-3));
#1565=CARTESIAN_POINT('',(1.895641517718E-2,8.430587896751E-3,
1.175038297670E-2));
#1566=CARTESIAN_POINT('',(1.928552909816E-2,5.796177953314E-3,
1.325274913448E-2));
#1567=CARTESIAN_POINT('',(1.961388467001E-2,2.910538000482E-3,
1.416538774592E-2));
#1568=CARTESIAN_POINT('',(1.994142844196E-2,-9.279247641973E-5,
1.446346428414E-2));
#1569=CARTESIAN_POINT('',(2.026886179841E-2,-3.091899775114E-3,
1.412660262169E-2));
#1570=CARTESIAN_POINT('',(2.059570813946E-2,-5.951389664600E-3,
1.318188971274E-2));
#1571=CARTESIAN_POINT('',(2.092235548327E-2,-8.550390541007E-3,
1.166209664057E-2));
#1572=CARTESIAN_POINT('',(2.124881941282E-2,-1.077931531545E-2,
9.642449969778E-3));
#1573=CARTESIAN_POINT('',(2.157511777678E-2,-1.253894636863E-2,
7.203321654832E-3));
#1574=CARTESIAN_POINT('',(2.190122022122E-2,-1.375803325708E-2,
4.457401256514E-3));
#1575=CARTESIAN_POINT('',(2.222642659184E-2,-1.437953597906E-2,
1.525056169039E-3));
#1576=CARTESIAN_POINT('',(2.255198587740E-2,-1.438676227879E-2,
-1.474221555785E-3));
#1577=CARTESIAN_POINT('',(2.287822580520E-2,-1.377010102507E-2,
-4.417369576212E-3));
#1578=CARTESIAN_POINT('',(2.320589929317E-2,-1.255534102208E-2,
-7.181368985128E-3));
#1579=CARTESIAN_POINT('',(2.353495870469E-2,-1.077952975527E-2,
-9.640248668661E-3));
#1580=CARTESIAN_POINT('',(2.386035293127E-2,-8.561173636195E-3,
-1.165697675069E-2));
#1581=CARTESIAN_POINT('',(2.419208949343E-2,-5.920189269697E-3,
-1.319898564340E-2));
#1582=CARTESIAN_POINT('',(2.452409247151E-2,-3.011993017324E-3,
-1.414755867985E-2));
#1583=CARTESIAN_POINT('',(2.474318981280E-2,-1.001745795512E-3,
-1.435670062037E-2));
#1584=CARTESIAN_POINT('',(2.485248600528E-2,-1.226786953088E-8,
-1.435727635809E-2));
#1586=CURVE_STYLE('',#124,POSITIVE_LENGTH_MEASURE(2.E-2),#117);
#1587=PRESENTATION_STYLE_ASSIGNMENT((#1586));
#1588=STYLED_ITEM('',(#1587),#1585);
#1589=DIRECTION('',(-4.999969127955E-1,8.747592015627E-7,8.660271861750E-1));
#1590=VECTOR('',#1589,6.151760945011E-3);
#1591=CARTESIAN_POINT('',(-1.144175293183E-2,-1.526673592768E-8,
-1.968494893752E-2));
#1592=LINE('',#1591,#1590);
#1593=CURVE_STYLE('',#124,POSITIVE_LENGTH_MEASURE(2.E-2),#117);
#1594=PRESENTATION_STYLE_ASSIGNMENT((#1593));
#1595=STYLED_ITEM('',(#1594),#1592);
#1596=CARTESIAN_POINT('',(2.054638070749E-2,1.968499500342E-2,
-8.864228940564E-9));
#1597=CARTESIAN_POINT('',(2.064280006946E-2,1.968499500342E-2,
1.206669734847E-3));
#1598=CARTESIAN_POINT('',(2.083440265677E-2,1.946237001671E-2,
3.623893423067E-3));
#1599=CARTESIAN_POINT('',(2.112413587078E-2,1.846658475064E-2,
7.138402431739E-3));
#1600=CARTESIAN_POINT('',(2.141441439162E-2,1.683311323234E-2,
1.041828089327E-2));
#1601=CARTESIAN_POINT('',(2.170120461866E-2,1.465534191639E-2,
1.330888545518E-2));
#1602=CARTESIAN_POINT('',(2.199224523759E-2,1.194620853825E-2,
1.578890751443E-2));
#1603=CARTESIAN_POINT('',(2.228291809322E-2,8.827594449106E-3,
1.772111388661E-2));
#1604=CARTESIAN_POINT('',(2.257326641133E-2,5.410574125507E-3,
1.904417620826E-2));
#1605=CARTESIAN_POINT('',(2.286291393773E-2,1.816966344813E-3,
1.971374207415E-2));
#1606=CARTESIAN_POINT('',(2.315208579594E-2,-1.832350572492E-3,
1.971203802012E-2));
#1607=CARTESIAN_POINT('',(2.344099451403E-2,-5.416233378826E-3,
1.904164357642E-2));
#1608=CARTESIAN_POINT('',(2.372989820940E-2,-8.816162698061E-3,
1.772538873433E-2));
#1609=CARTESIAN_POINT('',(2.401900584708E-2,-1.192009787548E-2,
1.580728416974E-2));
#1610=CARTESIAN_POINT('',(2.430907551567E-2,-1.462523469762E-2,
1.334138671473E-2));
#1611=CARTESIAN_POINT('',(2.459579516014E-2,-1.680974095704E-2,
1.045643077466E-2));
#1612=CARTESIAN_POINT('',(2.488685522906E-2,-1.845411616805E-2,
7.172794237304E-3));
#1613=CARTESIAN_POINT('',(2.517735343483E-2,-1.945962234864E-2,
3.644194978033E-3));
#1614=CARTESIAN_POINT('',(2.537125887373E-2,-1.968520424879E-2,
1.214062499959E-3));
#1615=CARTESIAN_POINT('',(2.546763377786E-2,-1.968520424879E-2,
1.210654468339E-9));
#1617=CURVE_STYLE('',#124,POSITIVE_LENGTH_MEASURE(2.E-2),#117);
#1618=PRESENTATION_STYLE_ASSIGNMENT((#1617));
#1619=STYLED_ITEM('',(#1618),#1616);
#1620=CARTESIAN_POINT('',(2.669772049642E-2,-1.968498337175E-2,
-8.864213194010E-9));
#1621=CARTESIAN_POINT('',(2.660130119357E-2,-1.968498337175E-2,
1.206666864726E-3));
#1622=CARTESIAN_POINT('',(2.640968937276E-2,-1.946237652221E-2,
3.623886176150E-3));
#1623=CARTESIAN_POINT('',(2.611996014302E-2,-1.846658652325E-2,
7.138394021272E-3));
#1624=CARTESIAN_POINT('',(2.582968059752E-2,-1.683311842578E-2,
1.041827318866E-2));
#1625=CARTESIAN_POINT('',(2.554289054515E-2,-1.465534715512E-2,
1.330887975305E-2));
#1626=CARTESIAN_POINT('',(2.525184967392E-2,-1.194621306693E-2,
1.578890427750E-2));
#1627=CARTESIAN_POINT('',(2.496117670237E-2,-8.827597902739E-3,
1.772111225223E-2));
#1628=CARTESIAN_POINT('',(2.467082827282E-2,-5.410576573339E-3,
1.904417562488E-2));
#1629=CARTESIAN_POINT('',(2.438118058605E-2,-1.816966770519E-3,
1.971374215707E-2));
#1630=CARTESIAN_POINT('',(2.409200860515E-2,1.832351644101E-3,
1.971203798789E-2));
#1631=CARTESIAN_POINT('',(2.380309980764E-2,5.416235443511E-3,
1.904164307181E-2));
#1632=CARTESIAN_POINT('',(2.351419597811E-2,8.816166145453E-3,
1.772538715053E-2));
#1633=CARTESIAN_POINT('',(2.322508820698E-2,1.192010229431E-2,
1.580728092561E-2));
#1634=CARTESIAN_POINT('',(2.293501846802E-2,1.462523906251E-2,
1.334138205132E-2));
#1635=CARTESIAN_POINT('',(2.264829869389E-2,1.680974523959E-2,
1.045642401413E-2));
#1636=CARTESIAN_POINT('',(2.235723862390E-2,1.845411904568E-2,
7.172786721823E-3));
#1637=CARTESIAN_POINT('',(2.206674055087E-2,1.945962330112E-2,
3.644188720965E-3));
#1638=CARTESIAN_POINT('',(2.187283542316E-2,1.968520424224E-2,
1.214060041738E-3));
#1639=CARTESIAN_POINT('',(2.177646071407E-2,1.968520424224E-2,
1.210654453310E-9));
#1641=CURVE_STYLE('',#124,POSITIVE_LENGTH_MEASURE(2.E-2),#117);
#1642=PRESENTATION_STYLE_ASSIGNMENT((#1641));
#1643=STYLED_ITEM('',(#1642),#1640);
#1644=DIRECTION('',(9.999999854991E-1,1.701017901609E-4,8.190429235382E-6));
#1645=VECTOR('',#1644,1.230080024421E-3);
#1646=CARTESIAN_POINT('',(2.054638070749E-2,1.968499500342E-2,
-8.864228940564E-9));
#1647=LINE('',#1646,#1645);
#1648=CURVE_STYLE('',#124,POSITIVE_LENGTH_MEASURE(2.E-2),#117);
#1649=PRESENTATION_STYLE_ASSIGNMENT((#1648));
#1650=STYLED_ITEM('',(#1649),#1647);
#1651=CARTESIAN_POINT('',(1.562510890589E-2,-1.968474510570E-2,
1.670883810390E-8));
#1652=CARTESIAN_POINT('',(1.572104667213E-2,-1.968474510570E-2,
-1.206700199013E-3));
#1653=CARTESIAN_POINT('',(1.591337185851E-2,-1.946248602640E-2,
-3.623879093964E-3));
#1654=CARTESIAN_POINT('',(1.620281465580E-2,-1.846655367761E-2,
-7.138406273665E-3));
#1655=CARTESIAN_POINT('',(1.649317101311E-2,-1.683312143087E-2,
-1.041828007155E-2));
#1656=CARTESIAN_POINT('',(1.677994036097E-2,-1.465533974250E-2,
-1.330888563231E-2));
#1657=CARTESIAN_POINT('',(1.707098655870E-2,-1.194620931369E-2,
-1.578890732131E-2));
#1658=CARTESIAN_POINT('',(1.736165793661E-2,-8.827594268876E-3,
-1.772111391621E-2));
#1659=CARTESIAN_POINT('',(1.765200662696E-2,-5.410574458879E-3,
-1.904417608971E-2));
#1660=CARTESIAN_POINT('',(1.794165402730E-2,-1.816966995674E-3,
-1.971374200607E-2));
#1661=CARTESIAN_POINT('',(1.823082587880E-2,1.832349905473E-3,
-1.971203807865E-2));
#1662=CARTESIAN_POINT('',(1.851973471747E-2,5.416232689390E-3,
-1.904164378287E-2));
#1663=CARTESIAN_POINT('',(1.880863791121E-2,8.816161936455E-3,
-1.772538904078E-2));
#1664=CARTESIAN_POINT('',(1.909774745432E-2,1.192009793323E-2,
-1.580728456705E-2));
#1665=CARTESIAN_POINT('',(1.938780999155E-2,1.462523183624E-2,
-1.334138737747E-2));
#1666=CARTESIAN_POINT('',(1.967455600114E-2,1.680974732083E-2,-1.045643323E-2));
#1667=CARTESIAN_POINT('',(1.996551777461E-2,1.845408986480E-2,
-7.172789722536E-3));
#1668=CARTESIAN_POINT('',(2.025638295898E-2,1.945971938868E-2,
-3.644215236020E-3));
#1669=CARTESIAN_POINT('',(2.044937543045E-2,1.968499500342E-2,
-1.214020131395E-3));
#1670=CARTESIAN_POINT('',(2.054638070749E-2,1.968499500342E-2,
-8.864228940564E-9));
#1672=CURVE_STYLE('',#124,POSITIVE_LENGTH_MEASURE(2.E-2),#117);
#1673=PRESENTATION_STYLE_ASSIGNMENT((#1672));
#1674=STYLED_ITEM('',(#1673),#1671);
#1675=DIRECTION('',(-9.999999303603E-1,3.729076290436E-4,1.480990319624E-5));
#1676=VECTOR('',#1675,1.230087422827E-3);
#1677=CARTESIAN_POINT('',(1.685519624305E-2,-1.968520381468E-2,
-1.508637551071E-9));
#1678=LINE('',#1677,#1676);
#1679=CURVE_STYLE('',#124,POSITIVE_LENGTH_MEASURE(2.E-2),#117);
#1680=PRESENTATION_STYLE_ASSIGNMENT((#1679));
#1681=STYLED_ITEM('',(#1680),#1678);
#1682=CARTESIAN_POINT('',(1.931572015427E-2,1.914141914605E-8,
-1.968491986342E-2));
#1683=CARTESIAN_POINT('',(1.922420198785E-2,-1.145235997946E-3,
-1.968491986342E-2));
#1684=CARTESIAN_POINT('',(1.904281288418E-2,-3.435828643971E-3,
-1.948468650931E-2));
#1685=CARTESIAN_POINT('',(1.876905137943E-2,-6.767096862289E-3,
-1.859196612928E-2));
#1686=CARTESIAN_POINT('',(1.849574668660E-2,-9.892724834207E-3,
-1.713445300452E-2));
#1687=CARTESIAN_POINT('',(1.822232367996E-2,-1.271773401708E-2,
-1.515633346455E-2));
#1688=CARTESIAN_POINT('',(1.794893586817E-2,-1.515633607065E-2,
-1.271773498468E-2));
#1689=CARTESIAN_POINT('',(1.767553184030E-2,-1.713444351936E-2,
-9.892723603700E-3));
#1690=CARTESIAN_POINT('',(1.740215123207E-2,-1.859200144398E-2,
-6.767100851081E-3));
#1691=CARTESIAN_POINT('',(1.712867440944E-2,-1.948455472513E-2,
-3.435813948305E-3));
#1692=CARTESIAN_POINT('',(1.694657676301E-2,-1.968520381468E-2,
-1.145267640216E-3));
#1693=CARTESIAN_POINT('',(1.685519624305E-2,-1.968520381468E-2,
-1.508637551071E-9));
#1695=CURVE_STYLE('',#124,POSITIVE_LENGTH_MEASURE(2.E-2),#117);
#1696=PRESENTATION_STYLE_ASSIGNMENT((#1695));
#1697=STYLED_ITEM('',(#1696),#1694);
#1698=CARTESIAN_POINT('',(2.177646071407E-2,1.968520424224E-2,
1.210654453310E-9));
#1699=CARTESIAN_POINT('',(2.168554399348E-2,1.968520424224E-2,
-1.145301831751E-3));
#1700=CARTESIAN_POINT('',(2.150311229021E-2,1.948455453194E-2,
-3.435798076389E-3));
#1701=CARTESIAN_POINT('',(2.122976997733E-2,1.859200148187E-2,
-6.767105098119E-3));
#1702=CARTESIAN_POINT('',(2.095635241642E-2,1.713444357154E-2,
-9.892722458471E-3));
#1703=CARTESIAN_POINT('',(2.068296169026E-2,1.515633584389E-2,
-1.271773528420E-2));
#1704=CARTESIAN_POINT('',(2.040955762466E-2,1.271773490028E-2,
-1.515633337793E-2));
#1705=CARTESIAN_POINT('',(2.013618633160E-2,9.892721561947E-3,
-1.713445302312E-2));
#1706=CARTESIAN_POINT('',(1.986269103795E-2,6.767109102490E-3,
-1.859196612167E-2));
#1707=CARTESIAN_POINT('',(1.958964022224E-2,3.435782984425E-3,
-1.948468651061E-2));
#1708=CARTESIAN_POINT('',(1.940648301430E-2,1.145334388329E-3,
-1.968491986342E-2));
#1709=CARTESIAN_POINT('',(1.931572015427E-2,1.914141914605E-8,
-1.968491986342E-2));
#1711=CURVE_STYLE('',#124,POSITIVE_LENGTH_MEASURE(2.E-2),#117);
#1712=PRESENTATION_STYLE_ASSIGNMENT((#1711));
#1713=STYLED_ITEM('',(#1712),#1710);
#1714=CARTESIAN_POINT('',(1.070385271142E-2,1.968511119273E-2,
-4.311905614785E-9));
#1715=CARTESIAN_POINT('',(1.079951738999E-2,1.968511119273E-2,
1.206734132799E-3));
#1716=CARTESIAN_POINT('',(1.099223702817E-2,1.946231619781E-2,
3.623862909514E-3));
#1717=CARTESIAN_POINT('',(1.128152129593E-2,1.846659925574E-2,
7.138410362192E-3));
#1718=CARTESIAN_POINT('',(1.157192009967E-2,1.683310952773E-2,
1.041827839990E-2));
#1719=CARTESIAN_POINT('',(1.185867803474E-2,1.465534365858E-2,
1.330888518765E-2));
#1720=CARTESIAN_POINT('',(1.214972725263E-2,1.194620951910E-2,
1.578890640765E-2));
#1721=CARTESIAN_POINT('',(1.244039778974E-2,8.827595967113E-3,
1.772111314559E-2));
#1722=CARTESIAN_POINT('',(1.273074663300E-2,5.410576823124E-3,
1.904417542153E-2));
#1723=CARTESIAN_POINT('',(1.302039407798E-2,1.816968132015E-3,
1.971374195632E-2));
#1724=CARTESIAN_POINT('',(1.330956594078E-2,-1.832348379338E-3,
1.971203816792E-2));
#1725=CARTESIAN_POINT('',(1.359847464208E-2,-5.416230901109E-3,
1.904164431462E-2));
#1726=CARTESIAN_POINT('',(1.388737828108E-2,-8.816160771058E-3,
1.772538962470E-2));
#1727=CARTESIAN_POINT('',(1.417648642702E-2,-1.192009799223E-2,
1.580728487845E-2));
#1728=CARTESIAN_POINT('',(1.446655432409E-2,-1.462522923775E-2,
1.334138820879E-2));
#1729=CARTESIAN_POINT('',(1.475328036515E-2,-1.680975530091E-2,
1.045643217299E-2));
#1730=CARTESIAN_POINT('',(1.504431658974E-2,-1.845405828055E-2,
7.172796759954E-3));
#1731=CARTESIAN_POINT('',(1.533490373021E-2,-1.945983524560E-2,
3.644194574882E-3));
#1732=CARTESIAN_POINT('',(1.552858811559E-2,-1.968474510570E-2,
1.214066964330E-3));
#1733=CARTESIAN_POINT('',(1.562510890589E-2,-1.968474510570E-2,
1.670883810390E-8));
#1735=CURVE_STYLE('',#124,POSITIVE_LENGTH_MEASURE(2.E-2),#117);
#1736=PRESENTATION_STYLE_ASSIGNMENT((#1735));
#1737=STYLED_ITEM('',(#1736),#1734);
#1738=CARTESIAN_POINT('',(1.685519624305E-2,-1.968520381468E-2,
-1.508637551071E-9));
#1739=CARTESIAN_POINT('',(1.675891498602E-2,-1.968520381468E-2,
1.206685242893E-3));
#1740=CARTESIAN_POINT('',(1.656710774064E-2,-1.946227421429E-2,
3.623877646813E-3));
#1741=CARTESIAN_POINT('',(1.627745705668E-2,-1.846661393657E-2,
7.138396306701E-3));
#1742=CARTESIAN_POINT('',(1.598715646489E-2,-1.683311108040E-2,
1.041827257628E-2));
#1743=CARTESIAN_POINT('',(1.570037205186E-2,-1.465534912329E-2,
1.330887991714E-2));
#1744=CARTESIAN_POINT('',(1.540932966953E-2,-1.194621253961E-2,
1.578890423354E-2));
#1745=CARTESIAN_POINT('',(1.511865710304E-2,-8.827598043863E-3,
1.772111226399E-2));
#1746=CARTESIAN_POINT('',(1.482830856435E-2,-5.410576536168E-3,
1.904417562178E-2));
#1747=CARTESIAN_POINT('',(1.453866090908E-2,-1.816966778084E-3,
1.971374215768E-2));
#1748=CARTESIAN_POINT('',(1.424948891133E-2,1.832351637185E-3,
1.971203798856E-2));
#1749=CARTESIAN_POINT('',(1.396058014967E-2,5.416235478738E-3,
1.904164306851E-2));
#1750=CARTESIAN_POINT('',(1.367167619354E-2,8.816166011460E-3,
1.772538716304E-2));
#1751=CARTESIAN_POINT('',(1.338256889294E-2,1.192010279505E-2,
1.580728087886E-2));
#1752=CARTESIAN_POINT('',(1.309249739846E-2,1.462523719353E-2,
1.334138222580E-2));
#1753=CARTESIAN_POINT('',(1.280578417586E-2,1.680975221477E-2,
1.045642336296E-2));
#1754=CARTESIAN_POINT('',(1.251469965527E-2,1.845409301396E-2,
7.172789152021E-3));
#1755=CARTESIAN_POINT('',(1.222429283312E-2,1.945972045284E-2,
3.644179651346E-3));
#1756=CARTESIAN_POINT('',(1.203016067011E-2,1.968499490937E-2,
1.214079584053E-3));
#1757=CARTESIAN_POINT('',(1.193394411246E-2,1.968499490937E-2,
8.208919456422E-9));
#1759=CURVE_STYLE('',#124,POSITIVE_LENGTH_MEASURE(2.E-2),#117);
#1760=PRESENTATION_STYLE_ASSIGNMENT((#1759));
#1761=STYLED_ITEM('',(#1760),#1758);
#1762=DIRECTION('',(-9.999999572873E-1,-2.917424259327E-4,1.765541960823E-5));
#1763=VECTOR('',#1762,1.230090090858E-3);
#1764=CARTESIAN_POINT('',(7.012685632299E-3,-1.968474251445E-2,
-1.686984683537E-8));
#1765=LINE('',#1764,#1763);
#1766=CURVE_STYLE('',#124,POSITIVE_LENGTH_MEASURE(2.E-2),#117);
#1767=PRESENTATION_STYLE_ASSIGNMENT((#1766));
#1768=STYLED_ITEM('',(#1767),#1765);
#1769=CARTESIAN_POINT('',(1.193394411246E-2,1.968499490937E-2,
8.208919456422E-9));
#1770=CARTESIAN_POINT('',(1.183830872442E-2,1.968499490937E-2,
-1.206729902408E-3));
#1771=CARTESIAN_POINT('',(1.164554457012E-2,1.946237116758E-2,
-3.623856920260E-3));
#1772=CARTESIAN_POINT('',(1.135627849062E-2,1.846658795801E-2,
-7.138401860364E-3));
#1773=CARTESIAN_POINT('',(1.106587484439E-2,1.683311804134E-2,
-1.041827108818E-2));
#1774=CARTESIAN_POINT('',(1.077911804468E-2,1.465534725810E-2,
-1.330888031587E-2));
#1775=CARTESIAN_POINT('',(1.048806826351E-2,1.194621303944E-2,
-1.578890412669E-2));
#1776=CARTESIAN_POINT('',(1.019739767905E-2,8.827597909726E-3,
-1.772111229264E-2));
#1777=CARTESIAN_POINT('',(9.907048611076E-3,5.410576572884E-3,
-1.904417561402E-2));
#1778=CARTESIAN_POINT('',(9.617401090890E-3,1.816966765357E-3,
-1.971374216008E-2));
#1779=CARTESIAN_POINT('',(9.328229082077E-3,-1.832351622993E-3,
-1.971203798672E-2));
#1780=CARTESIAN_POINT('',(9.039320229596E-3,-5.416235522780E-3,
-1.904164307348E-2));
#1781=CARTESIAN_POINT('',(8.750416647843E-3,-8.816165849484E-3,
-1.772538714500E-2));
#1782=CARTESIAN_POINT('',(8.461307940561E-3,-1.192010339891E-2,
-1.580728094607E-2));
#1783=CARTESIAN_POINT('',(8.171241698417E-3,-1.462523494005E-2,
-1.334138197499E-2));
#1784=CARTESIAN_POINT('',(7.884508873180E-3,-1.680976062482E-2,
-1.045642429896E-2));
#1785=CARTESIAN_POINT('',(7.593497510799E-3,-1.845406162722E-2,
-7.172785658814E-3));
#1786=CARTESIAN_POINT('',(7.302817658435E-3,-1.945983758973E-2,
-3.644192688170E-3));
#1787=CARTESIAN_POINT('',(7.109364803866E-3,-1.968474251445E-2,
-1.214051493600E-3));
#1788=CARTESIAN_POINT('',(7.012685632299E-3,-1.968474251445E-2,
-1.686984683537E-8));
#1790=CURVE_STYLE('',#124,POSITIVE_LENGTH_MEASURE(2.E-2),#117);
#1791=PRESENTATION_STYLE_ASSIGNMENT((#1790));
#1792=STYLED_ITEM('',(#1791),#1789);
#1793=DIRECTION('',(9.999999954800E-1,-9.453229083755E-5,1.017877614951E-5));
#1794=VECTOR('',#1793,1.230091406598E-3);
#1795=CARTESIAN_POINT('',(1.070385271142E-2,1.968511119273E-2,
-4.311905614785E-9));
#1796=LINE('',#1795,#1794);
#1797=CURVE_STYLE('',#124,POSITIVE_LENGTH_MEASURE(2.E-2),#117);
#1798=PRESENTATION_STYLE_ASSIGNMENT((#1797));
#1799=STYLED_ITEM('',(#1798),#1796);
#1800=CARTESIAN_POINT('',(5.782595593981E-3,-1.968510138392E-2,
4.847909874656E-9));
#1801=CARTESIAN_POINT('',(5.878996623019E-3,-1.968510138392E-2,
-1.206675175372E-3));
#1802=CARTESIAN_POINT('',(6.070634216796E-3,-1.946232068452E-2,
-3.623890737271E-3));
#1803=CARTESIAN_POINT('',(6.360353381155E-3,-1.846659792004E-2,
-7.138403255214E-3));
#1804=CARTESIAN_POINT('',(6.650635605359E-3,-1.683310997438E-2,
-1.041828005902E-2));
#1805=CARTESIAN_POINT('',(6.937424718818E-3,-1.465534421774E-2,
-1.330888402480E-2));
#1806=CARTESIAN_POINT('',(7.228465693452E-3,-1.194620905082E-2,
-1.578890696308E-2));
#1807=CARTESIAN_POINT('',(7.519138433129E-3,-8.827595819412E-3,
-1.772111319274E-2));
#1808=CARTESIAN_POINT('',(7.809486770028E-3,-5.410575559145E-3,
-1.904417583481E-2));
#1809=CARTESIAN_POINT('',(8.099134369061E-3,-1.816966836964E-3,
-1.971374210288E-2));
#1810=CARTESIAN_POINT('',(8.388306305207E-3,1.832350956478E-3,
-1.971203800034E-2));
#1811=CARTESIAN_POINT('',(8.677214984228E-3,5.416233637728E-3,
-1.904164350577E-2));
#1812=CARTESIAN_POINT('',(8.966118794039E-3,8.816162973579E-3,
-1.772538855456E-2));
#1813=CARTESIAN_POINT('',(9.255225988235E-3,1.192009781314E-2,
-1.580728431355E-2));
#1814=CARTESIAN_POINT('',(9.545297085282E-3,1.462523351192E-2,
-1.334138719388E-2));
#1815=CARTESIAN_POINT('',(9.832011297007E-3,1.680974340710E-2,
-1.045643129415E-2));
#1816=CARTESIAN_POINT('',(1.012309141913E-2,1.845410405612E-2,
-7.172797308249E-3));
#1817=CARTESIAN_POINT('',(1.041351472721E-2,1.945966540999E-2,
-3.644189728654E-3));
#1818=CARTESIAN_POINT('',(1.060760667170E-2,1.968511119273E-2,
-1.214076193184E-3));
#1819=CARTESIAN_POINT('',(1.070385271142E-2,1.968511119273E-2,
-4.311905614785E-9));
#1821=CURVE_STYLE('',#124,POSITIVE_LENGTH_MEASURE(2.E-2),#117);
#1822=PRESENTATION_STYLE_ASSIGNMENT((#1821));
#1823=STYLED_ITEM('',(#1822),#1820);
#1824=CARTESIAN_POINT('',(7.012685632299E-3,-1.968474251445E-2,
-1.686984683537E-8));
#1825=CARTESIAN_POINT('',(6.916590424643E-3,-1.968474251445E-2,
1.206684712086E-3));
#1826=CARTESIAN_POINT('',(6.724497498329E-3,-1.946248830447E-2,
3.623877893161E-3));
#1827=CARTESIAN_POINT('',(6.434961636328E-3,-1.846655657128E-2,
7.138396240692E-3));
#1828=CARTESIAN_POINT('',(6.144630278108E-3,-1.683312645139E-2,
1.041827259396E-2));
#1829=CARTESIAN_POINT('',(5.857854108864E-3,-1.465534500466E-2,
1.330887991240E-2));
#1830=CARTESIAN_POINT('',(5.566809517832E-3,-1.194621364317E-2,
1.578890423479E-2));
#1831=CARTESIAN_POINT('',(5.276137542359E-3,-8.827597748252E-3,
1.772111226371E-2));
#1832=CARTESIAN_POINT('',(4.985788848283E-3,-5.410576615050E-3,
1.904417562166E-2));
#1833=CARTESIAN_POINT('',(4.696141223533E-3,-1.816966758167E-3,
1.971374215845E-2));
#1834=CARTESIAN_POINT('',(4.406969259087E-3,1.832351636397E-3,
1.971203798559E-2));
#1835=CARTESIAN_POINT('',(4.118060333707E-3,5.416235461972E-3,
1.904164307961E-2));
#1836=CARTESIAN_POINT('',(3.829156999184E-3,8.816166079311E-3,
1.772538712161E-2));
#1837=CARTESIAN_POINT('',(3.540047375883E-3,1.192010254041E-2,
1.580728103349E-2));
#1838=CARTESIAN_POINT('',(3.249984550592E-3,1.462523814423E-2,
1.334138164871E-2));
#1839=CARTESIAN_POINT('',(2.963238973962E-3,1.680974866662E-2,
1.045642551668E-2));
#1840=CARTESIAN_POINT('',(2.672275200302E-3,1.845410625585E-2,
7.172781114232E-3));
#1841=CARTESIAN_POINT('',(2.381417744449E-3,1.945967103344E-2,
3.644209648783E-3));
#1842=CARTESIAN_POINT('',(2.188406773373E-3,1.968510139337E-2,
1.214014948558E-3));
#1843=CARTESIAN_POINT('',(2.091420148469E-3,1.968510139337E-2,
4.847909903254E-9));
#1845=CURVE_STYLE('',#124,POSITIVE_LENGTH_MEASURE(2.E-2),#117);
#1846=PRESENTATION_STYLE_ASSIGNMENT((#1845));
#1847=STYLED_ITEM('',(#1846),#1844);
#1848=CARTESIAN_POINT('',(8.613301072824E-4,1.96847425E-2,-1.686984680525E-8));
#1849=CARTESIAN_POINT('',(9.574255596441E-4,1.96847425E-2,1.206687782297E-3));
#1850=CARTESIAN_POINT('',(1.149518879454E-3,1.946248715497E-2,
3.623885730893E-3));
#1851=CARTESIAN_POINT('',(1.439054944162E-3,1.846655281168E-2,
7.138406095144E-3));
#1852=CARTESIAN_POINT('',(1.729386277361E-3,1.683312102874E-2,
1.041828122796E-2));
#1853=CARTESIAN_POINT('',(2.016162327816E-3,1.465533906113E-2,
1.330888628845E-2));
#1854=CARTESIAN_POINT('',(2.307206768611E-3,1.194620815700E-2,
1.578890825376E-2));
#1855=CARTESIAN_POINT('',(2.597878639186E-3,8.827592819073E-3,
1.772111464380E-2));
#1856=CARTESIAN_POINT('',(2.888227238636E-3,5.410572447604E-3,
1.904417671424E-2));
#1857=CARTESIAN_POINT('',(3.177874721318E-3,1.816964299001E-3,
1.971374224504E-2));
#1858=CARTESIAN_POINT('',(3.467046510379E-3,-1.832351931944E-3,
1.971203786537E-2));
#1859=CARTESIAN_POINT('',(3.755955341496E-3,-5.416234521592E-3,
1.904164322291E-2));
#1860=CARTESIAN_POINT('',(4.044858468554E-3,-8.816162859529E-3,
1.772538857034E-2));
#1861=CARTESIAN_POINT('',(4.333967960088E-3,-1.192009831127E-2,
1.580728407277E-2));
#1862=CARTESIAN_POINT('',(4.624030594846E-3,-1.462523290323E-2,
1.334138718346E-2));
#1863=CARTESIAN_POINT('',(4.910776048772E-3,-1.680974379301E-2,
1.045643327539E-2));
#1864=CARTESIAN_POINT('',(5.201739842197E-3,-1.845410308666E-2,
7.172789449251E-3));
#1865=CARTESIAN_POINT('',(5.492597484570E-3,-1.945967006982E-2,
3.644216178936E-3));
#1866=CARTESIAN_POINT('',(5.685608766300E-3,-1.968510138392E-2,
1.214017485036E-3));
#1867=CARTESIAN_POINT('',(5.782595593981E-3,-1.968510138392E-2,
4.847909874656E-9));
#1869=CURVE_STYLE('',#124,POSITIVE_LENGTH_MEASURE(2.E-2),#117);
#1870=PRESENTATION_STYLE_ASSIGNMENT((#1869));
#1871=STYLED_ITEM('',(#1870),#1868);
#1872=DIRECTION('',(-9.999999954809E-1,9.452279464375E-5,1.017877617661E-5));
#1873=VECTOR('',#1872,1.230091405855E-3);
#1874=CARTESIAN_POINT('',(-2.829836960486E-3,-1.968511118748E-2,
-4.311905622363E-9));
#1875=LINE('',#1874,#1873);
#1876=CURVE_STYLE('',#124,POSITIVE_LENGTH_MEASURE(2.E-2),#117);
#1877=PRESENTATION_STYLE_ASSIGNMENT((#1876));
#1878=STYLED_ITEM('',(#1877),#1875);
#1879=CARTESIAN_POINT('',(2.091420148469E-3,1.968510139337E-2,
4.847909903254E-9));
#1880=CARTESIAN_POINT('',(1.995019344564E-3,1.968510139337E-2,
-1.206672359043E-3));
#1881=CARTESIAN_POINT('',(1.803382101647E-3,1.946232174818E-2,
-3.623883626228E-3));
#1882=CARTESIAN_POINT('',(1.513663089654E-3,1.846660119990E-2,
-7.138394704521E-3));
#1883=CARTESIAN_POINT('',(1.223380806311E-3,1.683311449318E-2,
-1.041827300558E-2));
#1884=CARTESIAN_POINT('',(9.365914875493E-4,1.465534820885E-2,
-1.330887980211E-2));
#1885=CARTESIAN_POINT('',(6.455504197151E-4,1.194621278461E-2,
-1.578890426436E-2));
#1886=CARTESIAN_POINT('',(3.548775009737E-4,8.827597978311E-3,
-1.772111225574E-2));
#1887=CARTESIAN_POINT('',(6.452905677643E-5,5.410576553375E-3,
-1.904417562398E-2));
#1888=CARTESIAN_POINT('',(-2.251186242153E-4,1.816966774804E-3,
-1.971374215716E-2));
#1889=CARTESIAN_POINT('',(-5.142906135696E-4,-1.832351641274E-3,
-1.971203798843E-2));
#1890=CARTESIAN_POINT('',(-8.031993830729E-4,-5.416235459104E-3,
-1.904164306954E-2));
#1891=CARTESIAN_POINT('',(-1.092103316190E-3,-8.816166085907E-3,
-1.772538715907E-2));
#1892=CARTESIAN_POINT('',(-1.381210700988E-3,-1.192010251690E-2,
-1.580728089373E-2));
#1893=CARTESIAN_POINT('',(-1.671281881697E-3,-1.462523823169E-2,
-1.334138217030E-2));
#1894=CARTESIAN_POINT('',(-1.957996275155E-3,-1.680974834027E-2,
-1.045642357009E-2));
#1895=CARTESIAN_POINT('',(-2.249076426081E-3,-1.845410747380E-2,
-7.172788379012E-3));
#1896=CARTESIAN_POINT('',(-2.539499556036E-3,-1.945966648798E-2,
-3.644182536253E-3));
#1897=CARTESIAN_POINT('',(-2.733591144661E-3,-1.968511118748E-2,
-1.214073367941E-3));
#1898=CARTESIAN_POINT('',(-2.829836960486E-3,-1.968511118748E-2,
-4.311905622363E-9));
#1900=CURVE_STYLE('',#124,POSITIVE_LENGTH_MEASURE(2.E-2),#117);
#1901=PRESENTATION_STYLE_ASSIGNMENT((#1900));
#1902=STYLED_ITEM('',(#1901),#1899);
#1903=DIRECTION('',(9.999999572817E-1,2.917618609467E-4,1.765541956572E-5));
#1904=VECTOR('',#1903,1.230090093734E-3);
#1905=CARTESIAN_POINT('',(8.613301072824E-4,1.96847425E-2,-1.686984680525E-8));
#1906=LINE('',#1905,#1904);
#1907=CURVE_STYLE('',#124,POSITIVE_LENGTH_MEASURE(2.E-2),#117);
#1908=PRESENTATION_STYLE_ASSIGNMENT((#1907));
#1909=STYLED_ITEM('',(#1908),#1906);
#1910=CARTESIAN_POINT('',(-4.059928360782E-3,-1.968499491580E-2,
8.208919474605E-9));
#1911=CARTESIAN_POINT('',(-3.964292767002E-3,-1.968499491580E-2,
-1.206732499707E-3));
#1912=CARTESIAN_POINT('',(-3.771528292486E-3,-1.946237016742E-2,
-3.623863561022E-3));
#1913=CARTESIAN_POINT('',(-3.482262058493E-3,-1.846658488568E-2,
-7.138409950886E-3));
#1914=CARTESIAN_POINT('',(-3.191858397236E-3,-1.683311335585E-2,
-1.041827857252E-2));
#1915=CARTESIAN_POINT('',(-2.905101726827E-3,-1.465534230918E-2,
-1.330888556659E-2));
#1916=CARTESIAN_POINT('',(-2.614052120455E-3,-1.194620898437E-2,
-1.578890703425E-2));
#1917=CARTESIAN_POINT('',(-2.323381686404E-3,-8.827595094482E-3,
-1.772111356007E-2));
#1918=CARTESIAN_POINT('',(-2.033032776128E-3,-5.410575466261E-3,
-1.904417581833E-2));
#1919=CARTESIAN_POINT('',(-1.743385362150E-3,-1.816967029267E-3,
-1.971374205842E-2));
#1920=CARTESIAN_POINT('',(-1.454213480195E-3,1.832349802534E-3,
-1.971203802585E-2));
#1921=CARTESIAN_POINT('',(-1.165304809296E-3,5.416231486218E-3,
-1.904164409494E-2));
#1922=CARTESIAN_POINT('',(-8.764013320627E-4,8.816160942468E-3,
-1.772538952622E-2));
#1923=CARTESIAN_POINT('',(-5.872927038956E-4,1.192009818854E-2,
-1.580728476234E-2));
#1924=CARTESIAN_POINT('',(-2.972266088500E-4,1.462522923937E-2,
-1.334138804894E-2));
#1925=CARTESIAN_POINT('',(-1.049388893741E-5,1.680975550908E-2,
-1.045643247828E-2));
#1926=CARTESIAN_POINT('',(2.805175094089E-4,1.845405834590E-2,
-7.172794250919E-3));
#1927=CARTESIAN_POINT('',(5.711975203132E-4,1.945983650609E-2,
-3.644199855010E-3));
#1928=CARTESIAN_POINT('',(7.646507125236E-4,1.96847425E-2,-1.214054293624E-3));
#1929=CARTESIAN_POINT('',(8.613301072824E-4,1.96847425E-2,-1.686984680525E-8));
#1931=CURVE_STYLE('',#124,POSITIVE_LENGTH_MEASURE(2.E-2),#117);
#1932=PRESENTATION_STYLE_ASSIGNMENT((#1931));
#1933=STYLED_ITEM('',(#1932),#1930);
#1934=CARTESIAN_POINT('',(-2.829836960486E-3,-1.968511118748E-2,
-4.311905622363E-9));
#1935=CARTESIAN_POINT('',(-2.925501429965E-3,-1.968511118748E-2,
1.206731494331E-3));
#1936=CARTESIAN_POINT('',(-3.118220743522E-3,-1.946231720273E-2,
3.623856181446E-3));
#1937=CARTESIAN_POINT('',(-3.407504845585E-3,-1.846660241785E-2,
7.138402058328E-3));
#1938=CARTESIAN_POINT('',(-3.697903662686E-3,-1.683311416684E-2,
1.041827103513E-2));
#1939=CARTESIAN_POINT('',(-3.984661756342E-3,-1.465534829627E-2,
1.330888033009E-2));
#1940=CARTESIAN_POINT('',(-4.275711190839E-3,-1.194621276126E-2,
1.578890412288E-2));
#1941=CARTESIAN_POINT('',(-4.566381868029E-3,-8.827597984266E-3,
1.772111229365E-2));
#1942=CARTESIAN_POINT('',(-4.856730911765E-3,-5.410576552903E-3,
1.904417561379E-2));
#1943=CARTESIAN_POINT('',(-5.146378436151E-3,-1.816966770740E-3,
1.971374216E-2));
#1944=CARTESIAN_POINT('',(-5.435550452388E-3,1.832351624546E-3,
1.971203798727E-2));
#1945=CARTESIAN_POINT('',(-5.724459270961E-3,5.416235521949E-3,
1.904164307135E-2));
#1946=CARTESIAN_POINT('',(-6.013362980915E-3,8.816165851254E-3,
1.772538715298E-2));
#1947=CARTESIAN_POINT('',(-6.302471209293E-3,1.192010339266E-2,
1.580728091626E-2));
#1948=CARTESIAN_POINT('',(-6.592539238838E-3,1.462523496328E-2,
1.334138208624E-2));
#1949=CARTESIAN_POINT('',(-6.879265393368E-3,1.680976053815E-2,
1.045642388377E-2));
#1950=CARTESIAN_POINT('',(-7.170301651168E-3,1.845406195067E-2,
7.172787208319E-3));
#1951=CARTESIAN_POINT('',(-7.460888592553E-3,1.945983638261E-2,
3.644186905341E-3));
#1952=CARTESIAN_POINT('',(-7.654572612779E-3,1.968474511543E-2,
1.214063953864E-3));
#1953=CARTESIAN_POINT('',(-7.751093163594E-3,1.968474511543E-2,
1.670883811953E-8));
#1955=CURVE_STYLE('',#124,POSITIVE_LENGTH_MEASURE(2.E-2),#117);
#1956=PRESENTATION_STYLE_ASSIGNMENT((#1955));
#1957=STYLED_ITEM('',(#1956),#1954);
#1958=CARTESIAN_POINT('',(-8.981180472610E-3,1.968520385354E-2,
-1.508637562480E-9));
#1959=CARTESIAN_POINT('',(-8.884899006022E-3,1.968520385354E-2,
1.206687876437E-3));
#1960=CARTESIAN_POINT('',(-8.693091471294E-3,1.946227318554E-2,
3.623884295526E-3));
#1961=CARTESIAN_POINT('',(-8.403440648353E-3,1.846661095980E-2,
7.138404077989E-3));
#1962=CARTESIAN_POINT('',(-8.113140094802E-3,1.683310686062E-2,
1.041827921057E-2));
#1963=CARTESIAN_POINT('',(-7.826355852627E-3,1.465534519602E-2,
1.330888406829E-2));
#1964=CARTESIAN_POINT('',(-7.535313582934E-3,1.194620907323E-2,
1.578890673347E-2));
#1965=CARTESIAN_POINT('',(-7.244641174543E-3,8.827595949172E-3,
1.772111316141E-2));
#1966=CARTESIAN_POINT('',(-6.954292777967E-3,5.410576029458E-3,
1.904417568569E-2));
#1967=CARTESIAN_POINT('',(-6.664645187044E-3,1.816967129747E-3,
1.971374207595E-2));
#1968=CARTESIAN_POINT('',(-6.375473285376E-3,-1.832350121876E-3,
1.971203802881E-2));
#1969=CARTESIAN_POINT('',(-6.086564660042E-3,-5.416232294237E-3,
1.904164388109E-2));
#1970=CARTESIAN_POINT('',(-5.797660792265E-3,-8.816162065024E-3,
1.772538904919E-2));
#1971=CARTESIAN_POINT('',(-5.508553613603E-3,-1.192009799565E-2,
1.580728434485E-2));
#1972=CARTESIAN_POINT('',(-5.218482282043E-3,-1.462523172586E-2,
1.334138805577E-2));
#1973=CARTESIAN_POINT('',(-4.931769150458E-3,-1.680974737456E-2,
1.045643109540E-2));
#1974=CARTESIAN_POINT('',(-4.640684616090E-3,-1.845408979201E-2,
7.172797531538E-3));
#1975=CARTESIAN_POINT('',(-4.350277664116E-3,-1.945971934363E-2,
3.644186861331E-3));
#1976=CARTESIAN_POINT('',(-4.156145143161E-3,-1.968499491580E-2,
1.214082420834E-3));
#1977=CARTESIAN_POINT('',(-4.059928360782E-3,-1.968499491580E-2,
8.208919474605E-9));
#1979=CURVE_STYLE('',#124,POSITIVE_LENGTH_MEASURE(2.E-2),#117);
#1980=PRESENTATION_STYLE_ASSIGNMENT((#1979));
#1981=STYLED_ITEM('',(#1980),#1978);
#1982=DIRECTION('',(-9.999999998578E-1,1.137900672027E-5,1.244723232208E-5));
#1983=VECTOR('',#1982,1.230134873786E-3);
#1984=CARTESIAN_POINT('',(-1.267235824374E-2,-1.968498337175E-2,
-8.864213203688E-9));
#1985=LINE('',#1984,#1983);
#1986=CURVE_STYLE('',#124,POSITIVE_LENGTH_MEASURE(2.E-2),#117);
#1987=PRESENTATION_STYLE_ASSIGNMENT((#1986));
#1988=STYLED_ITEM('',(#1987),#1985);
#1989=CARTESIAN_POINT('',(-7.751093163594E-3,1.968474511543E-2,
1.670883811953E-8));
#1990=CARTESIAN_POINT('',(-7.847030708602E-3,1.968474511543E-2,
-1.206697418133E-3));
#1991=CARTESIAN_POINT('',(-8.039355540292E-3,1.946248709735E-2,
-3.623871996264E-3));
#1992=CARTESIAN_POINT('',(-8.328798194003E-3,1.846655689473E-2,
-7.138397820761E-3));
#1993=CARTESIAN_POINT('',(-8.619154527307E-3,1.683312636472E-2,
-1.041827217059E-2));
#1994=CARTESIAN_POINT('',(-8.905924004497E-3,1.465534502787E-2,
-1.330888002584E-2));
#1995=CARTESIAN_POINT('',(-9.196970388652E-3,1.194621363697E-2,
-1.578890420440E-2));
#1996=CARTESIAN_POINT('',(-9.487641883677E-3,8.827597749815E-3,
-1.772111227185E-2));
#1997=CARTESIAN_POINT('',(-9.777990706410E-3,5.410576614993E-3,
-1.904417561949E-2));
#1998=CARTESIAN_POINT('',(-1.006763829697E-2,1.816966756830E-3,
-1.971374215900E-2));
#1999=CARTESIAN_POINT('',(-1.035681026951E-2,-1.832351630998E-3,
-1.971203798555E-2));
#2000=CARTESIAN_POINT('',(-1.064571919671E-2,-5.416235482236E-3,
-1.904164307922E-2));
#2001=CARTESIAN_POINT('',(-1.093462251584E-2,-8.816166003659E-3,
-1.772538712322E-2));
#2002=CARTESIAN_POINT('',(-1.122373219886E-2,-1.192010282276E-2,
-1.580728102744E-2));
#2003=CARTESIAN_POINT('',(-1.151379480065E-2,-1.462523709049E-2,
-1.334138167129E-2));
#2004=CARTESIAN_POINT('',(-1.180054121155E-2,-1.680975259922E-2,
-1.045642543240E-2));
#2005=CARTESIAN_POINT('',(-1.209150187162E-2,-1.845409157919E-2,
-7.172781428765E-3));
#2006=CARTESIAN_POINT('',(-1.238237094756E-2,-1.945972580747E-2,
-3.644208474927E-3));
#2007=CARTESIAN_POINT('',(-1.257535300747E-2,-1.968498337175E-2,
-1.214017477865E-3));
#2008=CARTESIAN_POINT('',(-1.267235824374E-2,-1.968498337175E-2,
-8.864213203688E-9));
#2010=CURVE_STYLE('',#124,POSITIVE_LENGTH_MEASURE(2.E-2),#117);
#2011=PRESENTATION_STYLE_ASSIGNMENT((#2010));
#2012=STYLED_ITEM('',(#2011),#2009);
#2013=DIRECTION('',(9.999999303514E-1,-3.729313181552E-4,1.480990355697E-5));
#2014=VECTOR('',#2013,1.230087394690E-3);
#2015=CARTESIAN_POINT('',(-8.981180472610E-3,1.968520385354E-2,
-1.508637562480E-9));
#2016=LINE('',#2015,#2014);
#2017=CURVE_STYLE('',#124,POSITIVE_LENGTH_MEASURE(2.E-2),#117);
#2018=PRESENTATION_STYLE_ASSIGNMENT((#2017));
#2019=STYLED_ITEM('',(#2018),#2016);
#2020=CARTESIAN_POINT('',(-1.144175293183E-2,-1.526673592768E-8,
-1.968494893752E-2));
#2021=CARTESIAN_POINT('',(-1.135023447847E-2,1.145243463371E-3,
-1.968494893752E-2));
#2022=CARTESIAN_POINT('',(-1.116877390902E-2,3.435835692463E-3,
-1.948467171382E-2));
#2023=CARTESIAN_POINT('',(-1.089504085768E-2,6.767106915894E-3,
-1.859196620485E-2));
#2024=CARTESIAN_POINT('',(-1.062172870365E-2,9.892731368054E-3,
-1.713444791683E-2));
#2025=CARTESIAN_POINT('',(-1.034830817741E-2,1.271773560629E-2,
-1.515633192819E-2));
#2026=CARTESIAN_POINT('',(-1.007492033354E-2,1.515633313700E-2,
-1.271773786282E-2));
#2027=CARTESIAN_POINT('',(-9.801516821373E-3,1.713443894095E-2,
-9.892731174545E-3));
#2028=CARTESIAN_POINT('',(-9.528136315495E-3,1.859199778064E-2,
-6.767110835467E-3));
#2029=CARTESIAN_POINT('',(-9.254659391862E-3,1.948455339439E-2,
-3.435822933567E-3));
#2030=CARTESIAN_POINT('',(-9.072561280606E-3,1.968520385354E-2,
-1.145271256971E-3));
#2031=CARTESIAN_POINT('',(-8.981180472610E-3,1.968520385354E-2,
-1.508637562480E-9));
#2033=CURVE_STYLE('',#124,POSITIVE_LENGTH_MEASURE(2.E-2),#117);
#2034=PRESENTATION_STYLE_ASSIGNMENT((#2033));
#2035=STYLED_ITEM('',(#2034),#2032);
#2036=CARTESIAN_POINT('',(-1.390249311735E-2,-1.968496937403E-2,
6.447561357816E-9));
#2037=CARTESIAN_POINT('',(-1.381114667636E-2,-1.968496937403E-2,
-1.145262401550E-3));
#2038=CARTESIAN_POINT('',(-1.362927363837E-2,-1.948466353391E-2,
-3.435816377443E-3));
#2039=CARTESIAN_POINT('',(-1.335570674637E-2,-1.859197227728E-2,
-6.767100189731E-3));
#2040=CARTESIAN_POINT('',(-1.308234950402E-2,-1.713445138794E-2,
-9.892723790969E-3));
#2041=CARTESIAN_POINT('',(-1.280894208273E-2,-1.515633378288E-2,
-1.271773486259E-2));
#2042=CARTESIAN_POINT('',(-1.253554447909E-2,-1.271773532795E-2,
-1.515633373185E-2));
#2043=CARTESIAN_POINT('',(-1.226216403329E-2,-9.892721912298E-3,
-1.713445202906E-2));
#2044=CARTESIAN_POINT('',(-1.198869888864E-2,-6.767107273421E-3,
-1.859196974401E-2));
#2045=CARTESIAN_POINT('',(-1.171553662964E-2,-3.435789950348E-3,
-1.948467301533E-2));
#2046=CARTESIAN_POINT('',(-1.153265650447E-2,-1.145319353888E-3,
-1.968494893752E-2));
#2047=CARTESIAN_POINT('',(-1.144175293183E-2,-1.526673592768E-8,
-1.968494893752E-2));
#2049=CURVE_STYLE('',#124,POSITIVE_LENGTH_MEASURE(2.E-2),#117);
#2050=PRESENTATION_STYLE_ASSIGNMENT((#2049));
#2051=STYLED_ITEM('',(#2050),#2048);
#2052=CARTESIAN_POINT('',(-1.267235824374E-2,-1.968498337175E-2,
-8.864213203688E-9));
#2053=CARTESIAN_POINT('',(-1.276877754659E-2,-1.968498337175E-2,
1.206666864726E-3));
#2054=CARTESIAN_POINT('',(-1.296038936740E-2,-1.946237652221E-2,
3.623886176150E-3));
#2055=CARTESIAN_POINT('',(-1.325011859714E-2,-1.846658652325E-2,
7.138394021272E-3));
#2056=CARTESIAN_POINT('',(-1.354039814264E-2,-1.683311842578E-2,
1.041827318866E-2));
#2057=CARTESIAN_POINT('',(-1.382718819501E-2,-1.465534715512E-2,
1.330887975305E-2));
#2058=CARTESIAN_POINT('',(-1.411822906624E-2,-1.194621306693E-2,
1.578890427750E-2));
#2059=CARTESIAN_POINT('',(-1.440890203779E-2,-8.827597902739E-3,
1.772111225223E-2));
#2060=CARTESIAN_POINT('',(-1.469925046734E-2,-5.410576573340E-3,
1.904417562487E-2));
#2061=CARTESIAN_POINT('',(-1.498889815410E-2,-1.816966770520E-3,
1.971374215707E-2));
#2062=CARTESIAN_POINT('',(-1.527807013501E-2,1.832351644101E-3,
1.971203798789E-2));
#2063=CARTESIAN_POINT('',(-1.556697893252E-2,5.416235443511E-3,
1.904164307181E-2));
#2064=CARTESIAN_POINT('',(-1.585588276205E-2,8.816166145453E-3,
1.772538715053E-2));
#2065=CARTESIAN_POINT('',(-1.614499053318E-2,1.192010229431E-2,
1.580728092561E-2));
#2066=CARTESIAN_POINT('',(-1.643506027214E-2,1.462523906251E-2,
1.334138205132E-2));
#2067=CARTESIAN_POINT('',(-1.672178004627E-2,1.680974523959E-2,
1.045642401413E-2));
#2068=CARTESIAN_POINT('',(-1.701284011625E-2,1.845411904568E-2,
7.172786721824E-3));
#2069=CARTESIAN_POINT('',(-1.730333818928E-2,1.945962330112E-2,
3.644188720965E-3));
#2070=CARTESIAN_POINT('',(-1.749724331699E-2,1.968520424224E-2,
1.214060041739E-3));
#2071=CARTESIAN_POINT('',(-1.759361802608E-2,1.968520424224E-2,
1.210654465547E-9));
#2073=CURVE_STYLE('',#124,POSITIVE_LENGTH_MEASURE(2.E-2),#117);
#2074=PRESENTATION_STYLE_ASSIGNMENT((#2073));
#2075=STYLED_ITEM('',(#2074),#2072);
#2076=CARTESIAN_POINT('',(-1.882375786116E-2,1.968492856581E-2,
-7.560604326453E-9));
#2077=CARTESIAN_POINT('',(-1.872755145016E-2,1.968492856581E-2,
1.206688035357E-3));
#2078=CARTESIAN_POINT('',(-1.853554948595E-2,1.946240085051E-2,
3.623884929771E-3));
#2079=CARTESIAN_POINT('',(-1.824597679102E-2,1.846657648874E-2,
7.138404707511E-3));
#2080=CARTESIAN_POINT('',(-1.795565525923E-2,1.683311544611E-2,
1.041828028348E-2));
#2081=CARTESIAN_POINT('',(-1.766887655690E-2,1.465534132319E-2,
1.330888561857E-2));
#2082=CARTESIAN_POINT('',(-1.737783285008E-2,1.194620869725E-2,
1.578890747064E-2));
#2083=CARTESIAN_POINT('',(-1.708716082132E-2,8.827594406310E-3,
1.772111389836E-2));
#2084=CARTESIAN_POINT('',(-1.679681228361E-2,5.410574137695E-3,
1.904417620502E-2));
#2085=CARTESIAN_POINT('',(-1.650716480875E-2,1.816966338859E-3,
1.971374207538E-2));
#2086=CARTESIAN_POINT('',(-1.621799296401E-2,-1.832350560863E-3,
1.971203801847E-2));
#2087=CARTESIAN_POINT('',(-1.592908414049E-2,-5.416233419388E-3,
1.904164358181E-2));
#2088=CARTESIAN_POINT('',(-1.564018085336E-2,-8.816162547442E-3,
1.772538871444E-2));
#2089=CARTESIAN_POINT('',(-1.535107168816E-2,-1.192009843740E-2,
1.580728424393E-2));
#2090=CARTESIAN_POINT('',(-1.506100772142E-2,-1.462523260057E-2,
1.334138643787E-2));
#2091=CARTESIAN_POINT('',(-1.477426679709E-2,-1.680974878330E-2,
1.045643180792E-2));
#2092=CARTESIAN_POINT('',(-1.448328614577E-2,-1.845408696005E-2,
7.172790381136E-3));
#2093=CARTESIAN_POINT('',(-1.419249154948E-2,-1.945973135440E-2,
3.644209369447E-3));
#2094=CARTESIAN_POINT('',(-1.399932354023E-2,-1.968496937403E-2,
1.214031490771E-3));
#2095=CARTESIAN_POINT('',(-1.390249311735E-2,-1.968496937403E-2,
6.447561357816E-9));
#2097=CURVE_STYLE('',#124,POSITIVE_LENGTH_MEASURE(2.E-2),#117);
#2098=PRESENTATION_STYLE_ASSIGNMENT((#2097));
#2099=STYLED_ITEM('',(#2098),#2096);
#2100=CARTESIAN_POINT('',(-2.374501837662E-2,-1.968490244892E-2,
8.417479599248E-9));
#2101=CARTESIAN_POINT('',(-2.364886269377E-2,-1.968490244892E-2,
-1.206691145520E-3));
#2102=CARTESIAN_POINT('',(-2.345678548845E-2,-1.946241300316E-2,
-3.623883295705E-3));
#2103=CARTESIAN_POINT('',(-2.316724302167E-2,-1.846657324413E-2,
-7.138405147811E-3));
#2104=CARTESIAN_POINT('',(-2.287691337072E-2,-1.683311618804E-2,
-1.041828037323E-2));
#2105=CARTESIAN_POINT('',(-2.259013686693E-2,-1.465534114730E-2,
-1.330888555148E-2));
#2106=CARTESIAN_POINT('',(-2.229909258658E-2,-1.194620893729E-2,
-1.578890734298E-2));
#2107=CARTESIAN_POINT('',(-2.200842069507E-2,-8.827594369678E-3,
-1.772111391040E-2));
#2108=CARTESIAN_POINT('',(-2.171807214174E-2,-5.410574432073E-3,
-1.904417609131E-2));
#2109=CARTESIAN_POINT('',(-2.142842470692E-2,-1.816967002096E-3,
-1.971374200546E-2));
#2110=CARTESIAN_POINT('',(-2.113925285630E-2,1.832349904355E-3,
-1.971203807949E-2));
#2111=CARTESIAN_POINT('',(-2.085034404861E-2,5.416232700282E-3,
-1.904164378013E-2));
#2112=CARTESIAN_POINT('',(-2.056144073007E-2,8.816161894006E-3,
-1.772538905091E-2));
#2113=CARTESIAN_POINT('',(-2.027233165517E-2,1.192009809213E-2,
-1.580728452926E-2));
#2114=CARTESIAN_POINT('',(-1.998226736990E-2,1.462523124307E-2,
-1.334138751850E-2));
#2115=CARTESIAN_POINT('',(-1.969552788428E-2,1.680974953459E-2,
-1.045643270364E-2));
#2116=CARTESIAN_POINT('',(-1.940454176295E-2,1.845408160291E-2,
-7.172791686926E-3));
#2117=CARTESIAN_POINT('',(-1.911376744608E-2,1.945975022248E-2,
-3.644207904818E-3));
#2118=CARTESIAN_POINT('',(-1.892054889319E-2,1.968492856581E-2,
-1.214035927942E-3));
#2119=CARTESIAN_POINT('',(-1.882375786116E-2,1.968492856581E-2,
-7.560604326453E-9));
#2121=CURVE_STYLE('',#124,POSITIVE_LENGTH_MEASURE(2.E-2),#117);
#2122=PRESENTATION_STYLE_ASSIGNMENT((#2121));
#2123=STYLED_ITEM('',(#2122),#2120);
#2124=DIRECTION('',(-9.999999855782E-1,1.696846309761E-4,7.125919891958E-6));
#2125=VECTOR('',#2124,1.230208740537E-3);
#2126=CARTESIAN_POINT('',(-2.251480965382E-2,-1.968511119644E-2,
-3.488893362057E-10));
#2127=LINE('',#2126,#2125);
#2128=CURVE_STYLE('',#124,POSITIVE_LENGTH_MEASURE(2.E-2),#117);
#2129=PRESENTATION_STYLE_ASSIGNMENT((#2128));
#2130=STYLED_ITEM('',(#2129),#2127);
#2131=CARTESIAN_POINT('',(-2.005428840594E-2,1.259177199872E-8,
-1.968496042599E-2));
#2132=CARTESIAN_POINT('',(-2.014561520352E-2,-1.145257823924E-3,
-1.968496042599E-2));
#2133=CARTESIAN_POINT('',(-2.032738724476E-2,-3.435818509930E-3,
-1.948466768467E-2));
#2134=CARTESIAN_POINT('',(-2.060099482316E-2,-6.767099592463E-3,
-1.859197117167E-2));
#2135=CARTESIAN_POINT('',(-2.087434081506E-2,-9.892724047551E-3,
-1.713445165962E-2));
#2136=CARTESIAN_POINT('',(-2.114775255175E-2,-1.271773443353E-2,
-1.515633380177E-2));
#2137=CARTESIAN_POINT('',(-2.142114414425E-2,-1.515633519151E-2,
-1.271773498068E-2));
#2138=CARTESIAN_POINT('',(-2.169454431920E-2,-1.713444661949E-2,
-9.892723282471E-3));
#2139=CARTESIAN_POINT('',(-2.196793655838E-2,-1.859198992261E-2,
-6.767102139997E-3));
#2140=CARTESIAN_POINT('',(-2.224137071012E-2,-1.948459771048E-2,
-3.435809113873E-3));
#2141=CARTESIAN_POINT('',(-2.242357439164E-2,-1.968511119644E-2,
-1.145278061281E-3));
#2142=CARTESIAN_POINT('',(-2.251480965382E-2,-1.968511119644E-2,
-3.488893362057E-10));
#2144=CURVE_STYLE('',#124,POSITIVE_LENGTH_MEASURE(2.E-2),#117);
#2145=PRESENTATION_STYLE_ASSIGNMENT((#2144));
#2146=STYLED_ITEM('',(#2145),#2143);
#2147=CARTESIAN_POINT('',(-1.759361802608E-2,1.968520424224E-2,
1.210654465547E-9));
#2148=CARTESIAN_POINT('',(-1.768453474668E-2,1.968520424224E-2,
-1.145301831751E-3));
#2149=CARTESIAN_POINT('',(-1.786696644648E-2,1.948455453162E-2,
-3.435798078390E-3));
#2150=CARTESIAN_POINT('',(-1.814030877494E-2,1.859200148300E-2,
-6.767105091115E-3));
#2151=CARTESIAN_POINT('',(-1.841372627873E-2,1.713444356734E-2,
-9.892722484483E-3));
#2152=CARTESIAN_POINT('',(-1.868711721779E-2,1.515633585956E-2,
-1.271773518716E-2));
#2153=CARTESIAN_POINT('',(-1.896052048890E-2,1.271773484180E-2,
-1.515633374009E-2));
#2154=CARTESIAN_POINT('',(-1.923389474702E-2,9.892721780188E-3,
-1.713445167154E-2));
#2155=CARTESIAN_POINT('',(-1.950737897494E-2,6.767108288004E-3,
-1.859197116585E-2));
#2156=CARTESIAN_POINT('',(-1.978047108854E-2,3.435786024127E-3,
-1.948466768546E-2));
#2157=CARTESIAN_POINT('',(-1.996352554590E-2,1.145327838682E-3,
-1.968496042599E-2));
#2158=CARTESIAN_POINT('',(-2.005428840594E-2,1.259177199872E-8,
-1.968496042599E-2));
#2160=CURVE_STYLE('',#124,POSITIVE_LENGTH_MEASURE(2.E-2),#117);
#2161=PRESENTATION_STYLE_ASSIGNMENT((#2160));
#2162=STYLED_ITEM('',(#2161),#2159);
#2163=DIRECTION('',(9.999999748638E-1,2.241016918907E-4,7.130293907571E-6));
#2164=VECTOR('',#2163,1.230139866E-3);
#2165=CARTESIAN_POINT('',(-1.882375786116E-2,1.968492856581E-2,
-7.560604326453E-9));
#2166=LINE('',#2165,#2164);
#2167=CURVE_STYLE('',#124,POSITIVE_LENGTH_MEASURE(2.E-2),#117);
#2168=PRESENTATION_STYLE_ASSIGNMENT((#2167));
#2169=STYLED_ITEM('',(#2168),#2166);
#2170=CARTESIAN_POINT('',(-4.835134080113E-2,-5.494397563241E-3,
1.326462452588E-2));
#2171=CARTESIAN_POINT('',(-4.824242295371E-2,-6.416546994574E-3,
1.288226834021E-2));
#2172=CARTESIAN_POINT('',(-4.802408066620E-2,-8.184770620360E-3,
1.192462838523E-2));
#2173=CARTESIAN_POINT('',(-4.769552218445E-2,-1.048842935687E-2,
9.958670607402E-3));
#2174=CARTESIAN_POINT('',(-4.736644422912E-2,-1.233424252341E-2,
7.552707878206E-3));
#2175=CARTESIAN_POINT('',(-4.704045654767E-2,-1.362795059668E-2,
4.840845859556E-3));
#2176=CARTESIAN_POINT('',(-4.671018790319E-2,-1.434156659187E-2,
1.882520432276E-3));
#2177=CARTESIAN_POINT('',(-4.638110471821E-2,-1.441742573632E-2,
-1.150111506419E-3));
#2178=CARTESIAN_POINT('',(-4.605340718184E-2,-1.386291642088E-2,
-4.118242166914E-3));
#2179=CARTESIAN_POINT('',(-4.572637626172E-2,-1.270963263479E-2,
-6.902793903728E-3));
#2180=CARTESIAN_POINT('',(-4.539848681358E-2,-1.099729798102E-2,
-9.392717692686E-3));
#2181=CARTESIAN_POINT('',(-4.506971929794E-2,-8.800181302408E-3,
-1.147859143189E-2));
#2182=CARTESIAN_POINT('',(-4.474028318558E-2,-6.209796476737E-3,
-1.306326601176E-2));
#2183=CARTESIAN_POINT('',(-4.441066254765E-2,-3.344411252747E-3,
-1.407117892473E-2));
#2184=CARTESIAN_POINT('',(-4.408162712352E-2,-3.368519765854E-4,
-1.446011836942E-2));
#2185=CARTESIAN_POINT('',(-4.375333094278E-2,2.678650118810E-3,
-1.421196397442E-2));
#2186=CARTESIAN_POINT('',(-4.342567934569E-2,5.571085826610E-3,
-1.334662957705E-2));
#2187=CARTESIAN_POINT('',(-4.309826994087E-2,8.219694954493E-3,
-1.190002064011E-2));
#2188=CARTESIAN_POINT('',(-4.277097456518E-2,1.050726610959E-2,
-9.935267375764E-3));
#2189=CARTESIAN_POINT('',(-4.244556254189E-2,1.233326812478E-2,
-7.555898378660E-3));
#2190=CARTESIAN_POINT('',(-4.211437770259E-2,1.364462594646E-2,
-4.799832892677E-3));
#2191=CARTESIAN_POINT('',(-4.178479941965E-2,1.434592511142E-2,
-1.844397278774E-3));
#2192=CARTESIAN_POINT('',(-4.145534284215E-2,1.441427599349E-2,
1.191397953428E-3));
#2193=CARTESIAN_POINT('',(-4.112696342028E-2,1.385048357258E-2,
4.164546848657E-3));
#2194=CARTESIAN_POINT('',(-4.079778922663E-2,1.267728294210E-2,
6.962254187391E-3));
#2195=CARTESIAN_POINT('',(-4.047223314346E-2,1.096561033223E-2,
9.426290656298E-3));
#2196=CARTESIAN_POINT('',(-4.014600823386E-2,8.781744583830E-3,
1.149172856087E-2));
#2197=CARTESIAN_POINT('',(-3.981740105337E-2,6.195948580665E-3,
1.306899559862E-2));
#2198=CARTESIAN_POINT('',(-3.948889290905E-2,3.339771599872E-3,
1.407182676957E-2));
#2199=CARTESIAN_POINT('',(-3.916016352323E-2,3.349418553928E-4,
1.446027418131E-2));
#2200=CARTESIAN_POINT('',(-3.883101821747E-2,-2.688281838072E-3,
1.421106818688E-2));
#2201=CARTESIAN_POINT('',(-3.850134114819E-2,-5.598009308061E-3,
1.333715456314E-2));
#2202=CARTESIAN_POINT('',(-3.817209163845E-2,-8.257180926483E-3,
1.187450913447E-2));
#2203=CARTESIAN_POINT('',(-3.784400821686E-2,-1.054455221011E-2,
9.897872165731E-3));
#2204=CARTESIAN_POINT('',(-3.751659634217E-2,-1.236963249662E-2,
7.494755066209E-3));
#2205=CARTESIAN_POINT('',(-3.718944682534E-2,-1.365342843144E-2,
4.766907938416E-3));
#2206=CARTESIAN_POINT('',(-3.686195301369E-2,-1.434689873089E-2,
1.829899277688E-3));
#2207=CARTESIAN_POINT('',(-3.653373110603E-2,-1.441410878969E-2,
-1.194752200723E-3));
#2208=CARTESIAN_POINT('',(-3.620399915628E-2,-1.384612901684E-2,
-4.179501205813E-3));
#2209=CARTESIAN_POINT('',(-3.587573690060E-2,-1.267418509728E-2,
-6.968998044890E-3));
#2210=CARTESIAN_POINT('',(-3.554620095402E-2,-1.093952644105E-2,
-9.461838126218E-3));
#2211=CARTESIAN_POINT('',(-3.521559268687E-2,-8.715351923523E-3,
-1.154420675146E-2));
#2212=CARTESIAN_POINT('',(-3.488652052996E-2,-6.115387784405E-3,
-1.310662723540E-2));
#2213=CARTESIAN_POINT('',(-3.455808343369E-2,-3.253981005250E-3,
-1.409163156386E-2));
#2214=CARTESIAN_POINT('',(-3.422995523039E-2,-2.521671597830E-4,
-1.446227340055E-2));
#2215=CARTESIAN_POINT('',(-3.390016415243E-2,2.774904289770E-3,
-1.419323896702E-2));
#2216=CARTESIAN_POINT('',(-3.357390664117E-2,5.650193511838E-3,
-1.331389396701E-2));
#2217=CARTESIAN_POINT('',(-3.324379334860E-2,8.310993002633E-3,
-1.183830050545E-2));
#2218=CARTESIAN_POINT('',(-3.291381908173E-2,1.060191884556E-2,
-9.838624835204E-3));
#2219=CARTESIAN_POINT('',(-3.258395539533E-2,1.242509799302E-2,
-7.405445270947E-3));
#2220=CARTESIAN_POINT('',(-3.225472620569E-2,1.369472885966E-2,
-4.649712778037E-3));
#2221=CARTESIAN_POINT('',(-3.192666873381E-2,1.436268768834E-2,
-1.701281884166E-3));
#2222=CARTESIAN_POINT('',(-3.159960749713E-2,1.440209376749E-2,
1.312899134580E-3));
#2223=CARTESIAN_POINT('',(-3.127289441101E-2,1.381826091329E-2,
4.266030589603E-3));
#2224=CARTESIAN_POINT('',(-3.094592326419E-2,1.263527592499E-2,
7.037742157129E-3));
#2225=CARTESIAN_POINT('',(-3.061774722912E-2,1.089525021922E-2,
9.511265161145E-3));
#2226=CARTESIAN_POINT('',(-3.028825665913E-2,8.670438861428E-3,
1.157794753774E-2));
#2227=CARTESIAN_POINT('',(-2.995879501810E-2,6.061342447984E-3,
1.313166573384E-2));
#2228=CARTESIAN_POINT('',(-2.963004476858E-2,3.193077614267E-3,
1.410681278497E-2));
#2229=CARTESIAN_POINT('',(-2.930047906834E-2,1.764771756518E-4,
1.446220599399E-2));
#2230=CARTESIAN_POINT('',(-2.897329176883E-2,-2.826071382886E-3,
1.418420744906E-2));
#2231=CARTESIAN_POINT('',(-2.864145491966E-2,-5.746133708853E-3,
1.327580061214E-2));
#2232=CARTESIAN_POINT('',(-2.831116531047E-2,-8.396377586968E-3,
1.177687454801E-2));
#2233=CARTESIAN_POINT('',(-2.798200545090E-2,-1.066723265455E-2,
9.766438324631E-3));
#2234=CARTESIAN_POINT('',(-2.765444271579E-2,-1.246281007200E-2,
7.339137355449E-3));
#2235=CARTESIAN_POINT('',(-2.732614110335E-2,-1.371610372578E-2,
4.585632487709E-3));
#2236=CARTESIAN_POINT('',(-2.699825739324E-2,-1.437032663999E-2,
1.635714078857E-3));
#2237=CARTESIAN_POINT('',(-2.667039969800E-2,-1.439684481726E-2,
-1.386084003302E-3));
#2238=CARTESIAN_POINT('',(-2.633963891893E-2,-1.378770243474E-2,
-4.372491911858E-3));
#2239=CARTESIAN_POINT('',(-2.601038685592E-2,-1.257089125044E-2,
-7.152900286953E-3));
#2240=CARTESIAN_POINT('',(-2.568286788394E-2,-1.081121126780E-2,
-9.604794936410E-3));
#2241=CARTESIAN_POINT('',(-2.535600694868E-2,-8.587979926398E-3,
-1.163713442315E-2));
#2242=CARTESIAN_POINT('',(-2.502860887393E-2,-5.986070099884E-3,
-1.316522750806E-2));
#2243=CARTESIAN_POINT('',(-2.470045920082E-2,-3.118088281700E-3,
-1.412315478267E-2));
#2244=CARTESIAN_POINT('',(-2.437128023249E-2,-1.030486427579E-4,
-1.446388455718E-2));
#2245=CARTESIAN_POINT('',(-2.404163707378E-2,2.920045456399E-3,
-1.416534953119E-2));
#2246=CARTESIAN_POINT('',(-2.371222568043E-2,5.813119830589E-3,
-1.324484566272E-2));
#2247=CARTESIAN_POINT('',(-2.338338695111E-2,8.444579565450E-3,
-1.174106107600E-2));
#2248=CARTESIAN_POINT('',(-2.305573524944E-2,1.069827256006E-2,
-9.732072245602E-3));
#2249=CARTESIAN_POINT('',(-2.272826859167E-2,1.248522117044E-2,
-7.299635331162E-3));
#2250=CARTESIAN_POINT('',(-2.240194005661E-2,1.372317458942E-2,
-4.559509082105E-3));
#2251=CARTESIAN_POINT('',(-2.207498504149E-2,1.437388023511E-2,
-1.617310603516E-3));
#2252=CARTESIAN_POINT('',(-2.174347269353E-2,1.439289858894E-2,
1.438151029016E-3));
#2253=CARTESIAN_POINT('',(-2.141328786535E-2,1.377297936370E-2,
4.417300694102E-3));
#2254=CARTESIAN_POINT('',(-2.108409709865E-2,1.254765881389E-2,
7.192968574684E-3));
#2255=CARTESIAN_POINT('',(-2.075653406751E-2,1.078087397161E-2,
9.640618878635E-3));
#2256=CARTESIAN_POINT('',(-2.042762980178E-2,8.534854222843E-3,
1.167576022633E-2));
#2257=CARTESIAN_POINT('',(-2.010335592993E-2,5.951672373496E-3,
1.317878646265E-2));
#2258=CARTESIAN_POINT('',(-1.977585987054E-2,3.088093164753E-3,
1.412994624779E-2));
#2259=CARTESIAN_POINT('',(-1.944723532836E-2,7.725283354072E-5,
1.446318388804E-2));
#2260=CARTESIAN_POINT('',(-1.911894331747E-2,-2.932766771279E-3,
1.416180769865E-2));
#2261=CARTESIAN_POINT('',(-1.879085731555E-2,-5.813839953779E-3,
1.324392274964E-2));
#2262=CARTESIAN_POINT('',(-1.846203730861E-2,-8.445563226488E-3,
1.174112780016E-2));
#2263=CARTESIAN_POINT('',(-1.813235284572E-2,-1.071264598166E-2,
9.718667280876E-3));
#2264=CARTESIAN_POINT('',(-1.780287912716E-2,-1.250544435139E-2,
7.267281068762E-3));
#2265=CARTESIAN_POINT('',(-1.747419108033E-2,-1.374356015309E-2,
4.503100936689E-3));
#2266=CARTESIAN_POINT('',(-1.714621656769E-2,-1.438023001396E-2,
1.548208383110E-3));
#2267=CARTESIAN_POINT('',(-1.681888412034E-2,-1.438704405692E-2,
-1.468513101728E-3));
#2268=CARTESIAN_POINT('',(-1.649140525356E-2,-1.377007862891E-2,
-4.422216604661E-3));
#2269=CARTESIAN_POINT('',(-1.616351795167E-2,-1.255120146400E-2,
-7.187973775351E-3));
#2270=CARTESIAN_POINT('',(-1.583400448319E-2,-1.077291580013E-2,
-9.648843628856E-3));
#2271=CARTESIAN_POINT('',(-1.550721257313E-2,-8.541663195809E-3,
-1.167224797690E-2));
#2272=CARTESIAN_POINT('',(-1.517654048730E-2,-5.906718789637E-3,
-1.320335526541E-2));
#2273=CARTESIAN_POINT('',(-1.484591699805E-2,-3.009784408800E-3,
-1.414790652896E-2));
#2274=CARTESIAN_POINT('',(-1.462690605817E-2,-1.001710733850E-3,
-1.435699665474E-2));
#2275=CARTESIAN_POINT('',(-1.451761441259E-2,-9.885426435219E-9,
-1.435735671629E-2));
#2277=CURVE_STYLE('',#124,POSITIVE_LENGTH_MEASURE(2.E-2),#117);
#2278=PRESENTATION_STYLE_ASSIGNMENT((#2277));
#2279=STYLED_ITEM('',(#2278),#2276);
#2280=DIRECTION('',(-4.999991697251E-1,3.314141936257E-1,-8.001034074028E-1));
#2281=VECTOR('',#2280,6.151633525049E-3);
#2282=CARTESIAN_POINT('',(-4.527552914616E-2,-7.533136227426E-3,
1.818656747037E-2));
#2283=LINE('',#2282,#2281);
#2284=CURVE_STYLE('',#124,POSITIVE_LENGTH_MEASURE(2.E-2),#117);
#2285=PRESENTATION_STYLE_ASSIGNMENT((#2284));
#2286=STYLED_ITEM('',(#2285),#2283);
#2287=CARTESIAN_POINT('',(-4.835137651867E-2,0.E0,0.E0));
#2288=DIRECTION('',(1.E0,0.E0,0.E0));
#2289=DIRECTION('',(0.E0,-3.826842781730E-1,9.238791821657E-1));
#2290=AXIS2_PLACEMENT_3D('',#2287,#2288,#2289);
#2292=CURVE_STYLE('',#124,POSITIVE_LENGTH_MEASURE(2.E-2),#117);
#2293=PRESENTATION_STYLE_ASSIGNMENT((#2292));
#2294=STYLED_ITEM('',(#2293),#2291);
#2295=CARTESIAN_POINT('',(-1.697842510177E-2,7.953424891505E-9,
-1.435736110754E-2));
#2296=CARTESIAN_POINT('',(-1.686818920153E-2,1.010354194267E-3,
-1.435678041973E-2));
#2297=CARTESIAN_POINT('',(-1.664807082537E-2,3.026694799451E-3,
-1.414255765282E-2));
#2298=CARTESIAN_POINT('',(-1.632024423031E-2,5.898449465128E-3,
-1.320461731389E-2));
#2299=CARTESIAN_POINT('',(-1.599278940509E-2,8.509922684051E-3,
-1.169194402777E-2));
#2300=CARTESIAN_POINT('',(-1.566752138021E-2,1.073766883393E-2,
-9.687468030570E-3));
#2301=CARTESIAN_POINT('',(-1.533719440165E-2,1.252988814077E-2,
-7.225953384539E-3));
#2302=CARTESIAN_POINT('',(-1.500903110941E-2,1.375539796133E-2,
-4.461827890732E-3));
#2303=CARTESIAN_POINT('',(-1.468295757543E-2,1.438112447226E-2,
-1.522258513233E-3));
#2304=CARTESIAN_POINT('',(-1.435739503309E-2,1.438431870033E-2,
1.476943531468E-3));
#2305=CARTESIAN_POINT('',(-1.403185551539E-2,1.377163881198E-2,
4.414238097452E-3));
#2306=CARTESIAN_POINT('',(-1.370549046749E-2,1.256002338835E-2,
7.166021412615E-3));
#2307=CARTESIAN_POINT('',(-1.337900224422E-2,1.080635103413E-2,
9.611523120635E-3));
#2308=CARTESIAN_POINT('',(-1.305247489890E-2,8.582792945168E-3,
1.163778697002E-2));
#2309=CARTESIAN_POINT('',(-1.272588476076E-2,5.988513939211E-3,
1.316443746415E-2));
#2310=CARTESIAN_POINT('',(-1.239922120815E-2,3.133506144647E-3,
1.411688396287E-2));
#2311=CARTESIAN_POINT('',(-1.207205071094E-2,1.379202504622E-4,
1.446239620643E-2));
#2312=CARTESIAN_POINT('',(-1.174484878650E-2,-2.863083943388E-3,
1.417449885991E-2));
#2313=CARTESIAN_POINT('',(-1.141651554238E-2,-5.751553664838E-3,
1.327176203448E-2));
#2314=CARTESIAN_POINT('',(-1.108722118854E-2,-8.392283965705E-3,
1.177733312671E-2));
#2315=CARTESIAN_POINT('',(-1.075811064576E-2,-1.066704181537E-2,
9.770357584198E-3));
#2316=CARTESIAN_POINT('',(-1.042768213030E-2,-1.247254738395E-2,
7.318642973403E-3));
#2317=CARTESIAN_POINT('',(-1.010034606050E-2,-1.372244089023E-2,
4.572785429077E-3));
#2318=CARTESIAN_POINT('',(-9.769621102848E-3,-1.437475162304E-2,
1.595624739346E-3));
#2319=CARTESIAN_POINT('',(-9.438751645297E-3,-1.439215694872E-2,
-1.453865430949E-3));
#2320=CARTESIAN_POINT('',(-9.109294104366E-3,-1.376744661070E-2,
-4.425230048079E-3));
#2321=CARTESIAN_POINT('',(-8.781326510218E-3,-1.254943585469E-2,
-7.191146608501E-3));
#2322=CARTESIAN_POINT('',(-8.453553866235E-3,-1.077933773510E-2,
-9.639053368442E-3));
#2323=CARTESIAN_POINT('',(-8.126950355311E-3,-8.552203208317E-3,
-1.166270015229E-2));
#2324=CARTESIAN_POINT('',(-7.800275267662E-3,-5.951793972001E-3,
-1.318057971266E-2));
#2325=CARTESIAN_POINT('',(-7.468319114222E-3,-3.047758014275E-3,
-1.414112512276E-2));
#2326=CARTESIAN_POINT('',(-7.138825890788E-3,-2.731928224984E-5,
-1.446181562481E-2));
#2327=CARTESIAN_POINT('',(-6.809268407631E-3,2.993206147029E-3,
-1.415130838955E-2));
#2328=CARTESIAN_POINT('',(-6.480262605754E-3,5.877326506881E-3,
-1.321354604487E-2));
#2329=CARTESIAN_POINT('',(-6.151906559070E-3,8.498645045259E-3,
-1.170317807338E-2));
#2330=CARTESIAN_POINT('',(-5.823504768116E-3,1.074727576050E-2,
-9.676575376952E-3));
#2331=CARTESIAN_POINT('',(-5.495602443825E-3,1.252407252964E-2,
-7.233292347852E-3));
#2332=CARTESIAN_POINT('',(-5.167903753667E-3,1.375219714441E-2,
-4.473587567410E-3));
#2333=CARTESIAN_POINT('',(-4.840295054118E-3,1.438219763668E-2,
-1.521846738030E-3));
#2334=CARTESIAN_POINT('',(-4.512686260895E-3,1.438394761877E-2,
1.498028106172E-3));
#2335=CARTESIAN_POINT('',(-4.185342668058E-3,1.376048076682E-2,
4.448573445549E-3));
#2336=CARTESIAN_POINT('',(-3.859313885348E-3,1.254302974476E-2,
7.196106270741E-3));
#2337=CARTESIAN_POINT('',(-3.533746306656E-3,1.078879970077E-2,
9.628718272388E-3));
#2338=CARTESIAN_POINT('',(-3.208388023142E-3,8.570897013390E-3,
1.164713085711E-2));
#2339=CARTESIAN_POINT('',(-2.881773249531E-3,5.975548189932E-3,
1.316995037077E-2));
#2340=CARTESIAN_POINT('',(-2.553863376874E-3,3.107508343442E-3,
1.412323829944E-2));
#2341=CARTESIAN_POINT('',(-2.229016251375E-3,1.337428798456E-4,
1.446106861328E-2));
#2342=CARTESIAN_POINT('',(-1.897818112931E-3,-2.905342836454E-3,
1.417072078910E-2));
#2343=CARTESIAN_POINT('',(-1.566906449039E-3,-5.810554799116E-3,
1.324450907840E-2));
#2344=CARTESIAN_POINT('',(-1.237592180869E-3,-8.447103177339E-3,
1.174008599740E-2));
#2345=CARTESIAN_POINT('',(-9.105140679815E-4,-1.069470765199E-2,
9.732920719644E-3));
#2346=CARTESIAN_POINT('',(-5.835967384709E-4,-1.248176365472E-2,
7.306668870393E-3));
#2347=CARTESIAN_POINT('',(-2.556412763191E-4,-1.372524454520E-2,
4.552964929011E-3));
#2348=CARTESIAN_POINT('',(7.100853782440E-5,-1.437311155234E-2,
1.612550398974E-3));
#2349=CARTESIAN_POINT('',(3.997479740995E-4,-1.439177181568E-2,
-1.416162620960E-3));
#2350=CARTESIAN_POINT('',(7.271942910330E-4,-1.378658799989E-2,
-4.373088614871E-3));
#2351=CARTESIAN_POINT('',(1.056041185675E-3,-1.257141945328E-2,
-7.148757763100E-3));
#2352=CARTESIAN_POINT('',(1.385406448282E-3,-1.080433951723E-2,
-9.617290109342E-3));
#2353=CARTESIAN_POINT('',(1.714839133581E-3,-8.557357395741E-3,
-1.165856756940E-2));
#2354=CARTESIAN_POINT('',(2.044981633841E-3,-5.930207923898E-3,
-1.319382700789E-2));
#2355=CARTESIAN_POINT('',(2.374846654864E-3,-3.040805158912E-3,
-1.413861355748E-2));
#2356=CARTESIAN_POINT('',(2.704552156590E-3,-1.975563963622E-5,
-1.446503076150E-2));
#2357=CARTESIAN_POINT('',(3.034180310978E-3,3.001410885610E-3,
-1.414691165918E-2));
#2358=CARTESIAN_POINT('',(3.363808115503E-3,5.891428754895E-3,
-1.321101000891E-2));
#2359=CARTESIAN_POINT('',(3.693624862762E-3,8.520495880443E-3,
-1.168517782695E-2));
#2360=CARTESIAN_POINT('',(4.022649803342E-3,1.077146087636E-2,
-9.653883640735E-3));
#2361=CARTESIAN_POINT('',(4.351956435092E-3,1.254678141552E-2,
-7.192006657939E-3));
#2362=CARTESIAN_POINT('',(4.680977323036E-3,1.377208188319E-2,
-4.418948477592E-3));
#2363=CARTESIAN_POINT('',(5.008058327943E-3,1.438585475659E-2,
-1.467346044070E-3));
#2364=CARTESIAN_POINT('',(5.335337505872E-3,1.437962042611E-2,
1.547845546131E-3));
#2365=CARTESIAN_POINT('',(5.662495034957E-3,1.374558081539E-2,
4.496135656685E-3));
#2366=CARTESIAN_POINT('',(5.993994418010E-3,1.249757366097E-2,
7.283920182917E-3));
#2367=CARTESIAN_POINT('',(6.323139599684E-3,1.070014055192E-2,
9.728481773718E-3));
#2368=CARTESIAN_POINT('',(6.651252178052E-3,8.445037970535E-3,
1.174155204617E-2));
#2369=CARTESIAN_POINT('',(6.979463166238E-3,5.817050219E-3,1.324044935016E-2));
#2370=CARTESIAN_POINT('',(7.308133974994E-3,2.932714397998E-3,
1.416295429392E-2));
#2371=CARTESIAN_POINT('',(7.635856482433E-3,-7.327999454746E-5,
1.445993805183E-2));
#2372=CARTESIAN_POINT('',(7.960352041833E-3,-3.045412005730E-3,
1.413755574708E-2));
#2373=CARTESIAN_POINT('',(8.289638725033E-3,-5.929359081735E-3,
1.319148131229E-2));
#2374=CARTESIAN_POINT('',(8.616655724333E-3,-8.532844280196E-3,
1.167509969284E-2));
#2375=CARTESIAN_POINT('',(8.941857791954E-3,-1.075618329378E-2,
9.664877930823E-3));
#2376=CARTESIAN_POINT('',(9.267435919676E-3,-1.251896065495E-2,
7.238324468459E-3));
#2377=CARTESIAN_POINT('',(9.593805058375E-3,-1.374657196541E-2,
4.491847335928E-3));
#2378=CARTESIAN_POINT('',(9.921419429135E-3,-1.437965126479E-2,
1.540766086256E-3));
#2379=CARTESIAN_POINT('',(1.024922879299E-2,-1.438648838442E-2,
-1.480973363691E-3));
#2380=CARTESIAN_POINT('',(1.057690383192E-2,-1.376472808381E-2,
-4.435084931414E-3));
#2381=CARTESIAN_POINT('',(1.090453905915E-2,-1.254443058608E-2,
-7.197622952514E-3));
#2382=CARTESIAN_POINT('',(1.123224713687E-2,-1.077584973246E-2,
-9.644614473912E-3));
#2383=CARTESIAN_POINT('',(1.156037370523E-2,-8.535170143935E-3,
-1.167620032925E-2));
#2384=CARTESIAN_POINT('',(1.188837766744E-2,-5.921731945213E-3,
-1.319361198749E-2));
#2385=CARTESIAN_POINT('',(1.221736866952E-2,-3.040941897639E-3,
-1.414116592492E-2));
#2386=CARTESIAN_POINT('',(1.254710068454E-2,-1.985205820766E-5,
-1.446193442132E-2));
#2387=CARTESIAN_POINT('',(1.287616623155E-2,2.997577285337E-3,
-1.415095341433E-2));
#2388=CARTESIAN_POINT('',(1.320658515558E-2,5.891901310143E-3,
-1.320683796824E-2));
#2389=CARTESIAN_POINT('',(1.353395663526E-2,8.505579292487E-3,
-1.169874133387E-2));
#2390=CARTESIAN_POINT('',(1.386406646472E-2,1.076318594681E-2,
-9.660246832902E-3));
#2391=CARTESIAN_POINT('',(1.419405531386E-2,1.254736784378E-2,
-7.196860140214E-3));
#2392=CARTESIAN_POINT('',(1.452305167303E-2,1.376847924389E-2,
-4.421957522475E-3));
#2393=CARTESIAN_POINT('',(1.485143198218E-2,1.439044322732E-2,
-1.460155872200E-3));
#2394=CARTESIAN_POINT('',(1.518007132610E-2,1.437560234434E-2,
1.568409012240E-3));
#2395=CARTESIAN_POINT('',(1.550726381026E-2,1.373970374756E-2,
4.515592439577E-3));
#2396=CARTESIAN_POINT('',(1.583408634504E-2,1.250565253080E-2,
7.263249110682E-3));
#2397=CARTESIAN_POINT('',(1.616601169699E-2,1.070175884546E-2,
9.733510826838E-3));
#2398=CARTESIAN_POINT('',(1.649553406473E-2,8.430326738229E-3,
1.175002966150E-2));
#2399=CARTESIAN_POINT('',(1.682464819573E-2,5.795994446563E-3,
1.325234988782E-2));
#2400=CARTESIAN_POINT('',(1.715300409774E-2,2.910438643316E-3,
1.416495990755E-2));
#2401=CARTESIAN_POINT('',(1.748054836308E-2,-9.280541280933E-5,
1.446302498283E-2));
#2402=CARTESIAN_POINT('',(1.780798201225E-2,-3.091823925685E-3,
1.412616965589E-2));
#2403=CARTESIAN_POINT('',(1.813482865760E-2,-5.951228283797E-3,
1.318148058062E-2));
#2404=CARTESIAN_POINT('',(1.846147615080E-2,-8.550149065690E-3,
1.166172895609E-2));
#2405=CARTESIAN_POINT('',(1.878794002969E-2,-1.077900249587E-2,
9.642140373792E-3));
#2406=CARTESIAN_POINT('',(1.911423809674E-2,-1.253857487045E-2,
7.203085811952E-3));
#2407=CARTESIAN_POINT('',(1.944034014604E-2,-1.375761995062E-2,
4.457250755928E-3));
#2408=CARTESIAN_POINT('',(1.976554651086E-2,-1.437910084231E-2,
1.524994182686E-3));
#2409=CARTESIAN_POINT('',(2.009110599515E-2,-1.438632355035E-2,
-1.474194209801E-3));
#2410=CARTESIAN_POINT('',(2.041734634436E-2,-1.376967639149E-2,
-4.417256107081E-3));
#2411=CARTESIAN_POINT('',(2.074502007466E-2,-1.255494766042E-2,
-7.181170590385E-3));
#2412=CARTESIAN_POINT('',(2.107407961246E-2,-1.077918639186E-2,
-9.639977424033E-3));
#2413=CARTESIAN_POINT('',(2.139947348133E-2,-8.560893095112E-3,
-1.165662336462E-2));
#2414=CARTESIAN_POINT('',(2.173121214655E-2,-5.919985107649E-3,
-1.319864904711E-2));
#2415=CARTESIAN_POINT('',(2.206320781429E-2,-3.011875087270E-3,
-1.414693499911E-2));
#2416=CARTESIAN_POINT('',(2.228232309227E-2,-1.001691648971E-3,
-1.435669533474E-2));
#2417=CARTESIAN_POINT('',(2.239161598726E-2,1.116265225852E-8,
-1.435727105481E-2));
#2419=CURVE_STYLE('',#124,POSITIVE_LENGTH_MEASURE(2.E-2),#117);
#2420=PRESENTATION_STYLE_ASSIGNMENT((#2419));
#2421=STYLED_ITEM('',(#2420),#2418);
#2422=DIRECTION('',(-9.999999999721E-1,7.249176624877E-6,-1.784470458052E-6));
#2423=VECTOR('',#2422,2.460810689245E-3);
#2424=CARTESIAN_POINT('',(-1.451761441259E-2,-9.885426435219E-9,
-1.435735671629E-2));
#2425=LINE('',#2424,#2423);
#2426=CURVE_STYLE('',#124,POSITIVE_LENGTH_MEASURE(2.E-2),#117);
#2427=PRESENTATION_STYLE_ASSIGNMENT((#2426));
#2428=STYLED_ITEM('',(#2427),#2425);
#2429=DIRECTION('',(-4.999966355398E-1,7.539860256239E-7,-8.660273462474E-1));
#2430=VECTOR('',#2429,6.151768003100E-3);
#2431=CARTESIAN_POINT('',(-1.697842510177E-2,7.953424891505E-9,
-1.435736110754E-2));
#2432=LINE('',#2431,#2430);
#2433=CURVE_STYLE('',#124,POSITIVE_LENGTH_MEASURE(2.E-2),#117);
#2434=PRESENTATION_STYLE_ASSIGNMENT((#2433));
#2435=STYLED_ITEM('',(#2434),#2432);
#2436=CARTESIAN_POINT('',(-1.697842510177E-2,7.953424891505E-9,
-1.435736110754E-2));
#2437=CARTESIAN_POINT('',(-1.708628023542E-2,-9.889207976971E-4,
-1.435700563692E-2));
#2438=CARTESIAN_POINT('',(-1.730263774823E-2,-2.971162100732E-3,
-1.415297253113E-2));
#2439=CARTESIAN_POINT('',(-1.762856622142E-2,-5.831573844465E-3,
-1.323438635994E-2));
#2440=CARTESIAN_POINT('',(-1.795553624865E-2,-8.445192423913E-3,
-1.173696317904E-2));
#2441=CARTESIAN_POINT('',(-1.827629591911E-2,-1.065751497318E-2,
-9.775587031161E-3));
#2442=CARTESIAN_POINT('',(-1.860887773303E-2,-1.248094446531E-2,
-7.312789534433E-3));
#2443=CARTESIAN_POINT('',(-1.893828918573E-2,-1.373094233582E-2,
-4.545393324620E-3));
#2444=CARTESIAN_POINT('',(-1.926769855408E-2,-1.437705942742E-2,
-1.579120703638E-3));
#2445=CARTESIAN_POINT('',(-1.959605588362E-2,-1.438987307281E-2,
1.446819601481E-3));
#2446=CARTESIAN_POINT('',(-1.992352023240E-2,-1.377665423319E-2,
4.401722545433E-3));
#2447=CARTESIAN_POINT('',(-2.025019436021E-2,-1.256572810871E-2,
7.158082242042E-3));
#2448=CARTESIAN_POINT('',(-2.057625912140E-2,-1.081526634767E-2,
9.599853203621E-3));
#2449=CARTESIAN_POINT('',(-2.090175081372E-2,-8.602345867897E-3,
1.162513651179E-2));
#2450=CARTESIAN_POINT('',(-2.122726836413E-2,-6.018484308443E-3,
1.314824210352E-2));
#2451=CARTESIAN_POINT('',(-2.155243912609E-2,-3.180013373324E-3,
1.410916830234E-2));
#2452=CARTESIAN_POINT('',(-2.188120306895E-2,-1.707956546855E-4,
1.445981138102E-2));
#2453=CARTESIAN_POINT('',(-2.220125448012E-2,2.766039849002E-3,
1.419066123097E-2));
#2454=CARTESIAN_POINT('',(-2.252620001917E-2,5.631139984491E-3,
1.332199076951E-2));
#2455=CARTESIAN_POINT('',(-2.285538288643E-2,8.286877839698E-3,
1.185451267792E-2));
#2456=CARTESIAN_POINT('',(-2.318428302793E-2,1.057474799038E-2,
9.866398385027E-3));
#2457=CARTESIAN_POINT('',(-2.351187286531E-2,1.239213502179E-2,
7.455949156321E-3));
#2458=CARTESIAN_POINT('',(-2.383808121155E-2,1.366639558276E-2,
4.732583014551E-3));
#2459=CARTESIAN_POINT('',(-2.416592777778E-2,1.434877718633E-2,
1.790290691857E-3));
#2460=CARTESIAN_POINT('',(-2.448790111164E-2,1.441400634840E-2,
-1.176547660632E-3));
#2461=CARTESIAN_POINT('',(-2.481908381363E-2,1.384952333239E-2,
-4.175792058728E-3));
#2462=CARTESIAN_POINT('',(-2.514970605435E-2,1.266613619252E-2,
-6.983987200507E-3));
#2463=CARTESIAN_POINT('',(-2.547935686917E-2,1.092781410113E-2,
-9.475845712321E-3));
#2464=CARTESIAN_POINT('',(-2.580796516474E-2,8.714020959640E-3,
-1.154242365304E-2));
#2465=CARTESIAN_POINT('',(-2.613539228060E-2,6.129425092726E-3,
-1.309917939548E-2));
#2466=CARTESIAN_POINT('',(-2.646187031887E-2,3.286079944002E-3,
-1.408358321306E-2));
#2467=CARTESIAN_POINT('',(-2.678763217739E-2,3.077281504961E-4,
-1.445745148150E-2));
#2468=CARTESIAN_POINT('',(-2.711282097870E-2,-2.678731760596E-3,
-1.421119839662E-2));
#2469=CARTESIAN_POINT('',(-2.743795991057E-2,-5.549575635557E-3,
-1.335341111786E-2));
#2470=CARTESIAN_POINT('',(-2.776315509202E-2,-8.183330673978E-3,
-1.192403970456E-2));
#2471=CARTESIAN_POINT('',(-2.809127352122E-2,-1.048409483510E-2,
-9.962024053220E-3));
#2472=CARTESIAN_POINT('',(-2.841467599350E-2,-1.230055959845E-2,
-7.599330892945E-3));
#2473=CARTESIAN_POINT('',(-2.873788015203E-2,-1.359900703236E-2,
-4.919451487754E-3));
#2474=CARTESIAN_POINT('',(-2.906625462613E-2,-1.432719332035E-2,
-1.982064112906E-3));
#2475=CARTESIAN_POINT('',(-2.939355463389E-2,-1.442483274810E-2,
1.032919593204E-3));
#2476=CARTESIAN_POINT('',(-2.972016905878E-2,-1.389831806315E-2,
3.995835288199E-3));
#2477=CARTESIAN_POINT('',(-3.004563123507E-2,-1.277616741212E-2,
6.777870676899E-3));
#2478=CARTESIAN_POINT('',(-3.037368589422E-2,-1.108689487659E-2,
9.284472213976E-3));
#2479=CARTESIAN_POINT('',(-3.069793399435E-2,-8.942740611317E-3,
1.136570346243E-2));
#2480=CARTESIAN_POINT('',(-3.102814112035E-2,-6.368179393192E-3,
1.298858187728E-2));
#2481=CARTESIAN_POINT('',(-3.136008513705E-2,-3.493657868533E-3,
1.403608967671E-2));
#2482=CARTESIAN_POINT('',(-3.168982122536E-2,-4.838124199864E-4,
1.445584758181E-2));
#2483=CARTESIAN_POINT('',(-3.201843999815E-2,2.537143871301E-3,
1.423848271267E-2));
#2484=CARTESIAN_POINT('',(-3.234566234160E-2,5.434034256381E-3,
1.340188322579E-2));
#2485=CARTESIAN_POINT('',(-3.267188471747E-2,8.087711525418E-3,
1.198908021106E-2));
#2486=CARTESIAN_POINT('',(-3.299745635159E-2,1.038679839569E-2,
1.006136041417E-2));
#2487=CARTESIAN_POINT('',(-3.332270616453E-2,1.223774682816E-2,
7.704402563066E-3));
#2488=CARTESIAN_POINT('',(-3.364809280747E-2,1.356419847397E-2,
5.015091760030E-3));
#2489=CARTESIAN_POINT('',(-3.397396562099E-2,1.430766469656E-2,
2.105592341026E-3));
#2490=CARTESIAN_POINT('',(-3.430199054925E-2,1.443434584339E-2,
-9.146684731011E-4));
#2491=CARTESIAN_POINT('',(-3.462882673344E-2,1.392883987779E-2,
-3.883853814401E-3));
#2492=CARTESIAN_POINT('',(-3.495131027866E-2,1.284160481625E-2,
-6.649571953349E-3));
#2493=CARTESIAN_POINT('',(-3.528134541724E-2,1.117000543404E-2,
-9.190074831929E-3));
#2494=CARTESIAN_POINT('',(-3.560954268253E-2,9.012574256413E-3,
-1.131100000259E-2));
#2495=CARTESIAN_POINT('',(-3.593653177892E-2,6.472669700864E-3,
-1.293146050848E-2));
#2496=CARTESIAN_POINT('',(-3.626127578411E-2,3.672473034519E-3,
-1.398756197075E-2));
#2497=CARTESIAN_POINT('',(-3.658728054183E-2,7.030919910142E-4,
-1.444380018230E-2));
#2498=CARTESIAN_POINT('',(-3.691148916855E-2,-2.279570879504E-3,
-1.427943535089E-2));
#2499=CARTESIAN_POINT('',(-3.723806695224E-2,-5.187418386202E-3,
-1.350247423615E-2));
#2500=CARTESIAN_POINT('',(-3.757001321589E-2,-7.911245641178E-3,
-1.210934226457E-2));
#2501=CARTESIAN_POINT('',(-3.789911626889E-2,-1.026154388317E-2,
-1.019219898459E-2));
#2502=CARTESIAN_POINT('',(-3.822766388764E-2,-1.215900377049E-2,
-7.832460372405E-3));
#2503=CARTESIAN_POINT('',(-3.855511066360E-2,-1.351819032815E-2,
-5.138206928587E-3));
#2504=CARTESIAN_POINT('',(-3.888178701781E-2,-1.428923500691E-2,
-2.228426382546E-3));
#2505=CARTESIAN_POINT('',(-3.920787480613E-2,-1.444104723423E-2,
7.730363441980E-4));
#2506=CARTESIAN_POINT('',(-3.953359694554E-2,-1.396960745716E-2,
3.737143799153E-3));
#2507=CARTESIAN_POINT('',(-3.985916386631E-2,-1.289868296543E-2,
6.539595374548E-3));
#2508=CARTESIAN_POINT('',(-4.018501358599E-2,-1.126980563421E-2,
9.062279971583E-3));
#2509=CARTESIAN_POINT('',(-4.051166844418E-2,-9.150429828270E-3,
1.120020938273E-2));
#2510=CARTESIAN_POINT('',(-4.083936150134E-2,-6.623952357169E-3,
1.285348277222E-2));
#2511=CARTESIAN_POINT('',(-4.115909083579E-2,-3.880627530205E-3,
1.392922146245E-2));
#2512=CARTESIAN_POINT('',(-4.148828046633E-2,-8.905592079494E-4,
1.443690741725E-2));
#2513=CARTESIAN_POINT('',(-4.181732548153E-2,2.139794779682E-3,
1.430466750363E-2));
#2514=CARTESIAN_POINT('',(-4.214603379052E-2,5.071868497601E-3,
1.354378542936E-2));
#2515=CARTESIAN_POINT('',(-4.247265891459E-2,7.765163211087E-3,
1.220024161944E-2));
#2516=CARTESIAN_POINT('',(-4.279919410364E-2,1.012242204383E-2,
1.032926507874E-2));
#2517=CARTESIAN_POINT('',(-4.312437726577E-2,1.203095999844E-2,
8.019724365566E-3));
#2518=CARTESIAN_POINT('',(-4.344738682476E-2,1.342202809543E-2,
5.388049724388E-3));
#2519=CARTESIAN_POINT('',(-4.377991015072E-2,1.425841613739E-2,
2.439767586521E-3));
#2520=CARTESIAN_POINT('',(-4.410903491385E-2,1.445077892878E-2,
-5.877018485538E-4));
#2521=CARTESIAN_POINT('',(-4.443812958606E-2,1.401160311649E-2,
-3.588395353108E-3));
#2522=CARTESIAN_POINT('',(-4.476617733574E-2,1.295818929138E-2,
-6.422594371518E-3));
#2523=CARTESIAN_POINT('',(-4.509344315990E-2,1.134401282113E-2,
-8.969798399063E-3));
#2524=CARTESIAN_POINT('',(-4.541998928198E-2,9.242309159381E-3,
-1.112369416006E-2));
#2525=CARTESIAN_POINT('',(-4.574597244601E-2,6.744117902508E-3,
-1.279212214338E-2));
#2526=CARTESIAN_POINT('',(-4.607140070018E-2,3.960890467675E-3,
-1.390821105553E-2));
#2527=CARTESIAN_POINT('',(-4.639699034640E-2,1.005712163466E-3,
-1.442615260848E-2));
#2528=CARTESIAN_POINT('',(-4.672241424553E-2,-1.992037397409E-3,
-1.432517783640E-2));
#2529=CARTESIAN_POINT('',(-4.705161276333E-2,-4.934884625878E-3,
-1.359191921712E-2));
#2530=CARTESIAN_POINT('',(-4.737024834612E-2,-7.578697920795E-3,
-1.231313079069E-2));
#2531=CARTESIAN_POINT('',(-4.769653158631E-2,-9.963025837130E-3,
-1.048330115274E-2));
#2532=CARTESIAN_POINT('',(-4.802350086447E-2,-1.192019782878E-2,
-8.189896686116E-3));
#2533=CARTESIAN_POINT('',(-4.824239014513E-2,-1.288131964228E-2,
-6.420555739108E-3));
#2534=CARTESIAN_POINT('',(-4.835140141609E-2,-1.326460298330E-2,
-5.494395386009E-3));
#2536=CURVE_STYLE('',#124,POSITIVE_LENGTH_MEASURE(2.E-2),#117);
#2537=PRESENTATION_STYLE_ASSIGNMENT((#2536));
#2538=STYLED_ITEM('',(#2537),#2535);
#2539=CARTESIAN_POINT('',(-4.742866891997E-2,2.738223531580E-9,
-1.595583025806E-2));
#2540=CARTESIAN_POINT('',(-4.737610907906E-2,1.069048006668E-3,
-1.604686657295E-2));
#2541=CARTESIAN_POINT('',(-4.727151571951E-2,3.241963453615E-3,
-1.601203518470E-2));
#2542=CARTESIAN_POINT('',(-4.711434407915E-2,6.470200636577E-3,
-1.529960867089E-2));
#2543=CARTESIAN_POINT('',(-4.695760829631E-2,9.538846040256E-3,
-1.392896937510E-2));
#2544=CARTESIAN_POINT('',(-4.680340318462E-2,1.227095249635E-2,
-1.198052605649E-2));
#2545=CARTESIAN_POINT('',(-4.664789065513E-2,1.461973737109E-2,
-9.475977943362E-3));
#2546=CARTESIAN_POINT('',(-4.649326255665E-2,1.644590760299E-2,
-6.517348542126E-3));
#2547=CARTESIAN_POINT('',(-4.633898838232E-2,1.766593683604E-2,
-3.225901436802E-3));
#2548=CARTESIAN_POINT('',(-4.618582756685E-2,1.822168211484E-2,
2.756278259650E-4));
#2549=CARTESIAN_POINT('',(-4.603330576214E-2,1.808323769199E-2,
3.852878010029E-3));
#2550=CARTESIAN_POINT('',(-4.588078184602E-2,1.724089731789E-2,
7.379338363564E-3));
#2551=CARTESIAN_POINT('',(-4.572984424796E-2,1.572116397055E-2,
1.069835255935E-2));
#2552=CARTESIAN_POINT('',(-4.557795979246E-2,1.355680093285E-2,
1.371125285739E-2));
#2553=CARTESIAN_POINT('',(-4.542649054510E-2,1.080864470922E-2,
1.628427730287E-2));
#2554=CARTESIAN_POINT('',(-4.532571347745E-2,8.664907705272E-3,
1.762385909971E-2));
#2555=CARTESIAN_POINT('',(-4.527563400529E-2,7.533128361767E-3,
1.818654560818E-2));
#2557=CURVE_STYLE('',#124,POSITIVE_LENGTH_MEASURE(2.E-2),#117);
#2558=PRESENTATION_STYLE_ASSIGNMENT((#2557));
#2559=STYLED_ITEM('',(#2558),#2556);
#2560=CARTESIAN_POINT('',(-4.835140141609E-2,-1.326460298330E-2,
-5.494395386009E-3));
#2561=CARTESIAN_POINT('',(-4.829957362128E-2,-1.298341798787E-2,
-6.407809804621E-3));
#2562=CARTESIAN_POINT('',(-4.819581910063E-2,-1.223369508151E-2,
-8.191854850414E-3));
#2563=CARTESIAN_POINT('',(-4.804114075746E-2,-1.057508887692E-2,
-1.062660605264E-2));
#2564=CARTESIAN_POINT('',(-4.788676288830E-2,-8.441221685862E-3,
-1.271293754523E-2));
#2565=CARTESIAN_POINT('',(-4.773343376087E-2,-5.904191400773E-3,
-1.436020147202E-2));
#2566=CARTESIAN_POINT('',(-4.758056637205E-2,-3.060631631135E-3,
-1.549257271598E-2));
#2567=CARTESIAN_POINT('',(-4.747930387050E-2,-1.029891061865E-3,
-1.586812795110E-2));
#2568=CARTESIAN_POINT('',(-4.742866891997E-2,2.738223531580E-9,
-1.595583025806E-2));
#2570=CURVE_STYLE('',#124,POSITIVE_LENGTH_MEASURE(2.E-2),#117);
#2571=PRESENTATION_STYLE_ASSIGNMENT((#2570));
#2572=STYLED_ITEM('',(#2571),#2569);
#2573=CARTESIAN_POINT('',(-2.251480965382E-2,-1.968511119644E-2,
-3.488893362057E-10));
#2574=CARTESIAN_POINT('',(-2.261093786290E-2,-1.968511119644E-2,
1.206698604534E-3));
#2575=CARTESIAN_POINT('',(-2.280307583598E-2,-1.946231719857E-2,
3.623871445654E-3));
#2576=CARTESIAN_POINT('',(-2.309259359261E-2,-1.846660241897E-2,
7.138397968296E-3));
#2577=CARTESIAN_POINT('',(-2.338292980216E-2,-1.683311416654E-2,
1.041827213105E-2));
#2578=CARTESIAN_POINT('',(-2.366970467146E-2,-1.465534829637E-2,
1.330888003643E-2));
#2579=CARTESIAN_POINT('',(-2.396074961094E-2,-1.194621276118E-2,
1.578890420157E-2));
#2580=CARTESIAN_POINT('',(-2.425142149254E-2,-8.827597984486E-3,
1.772111227257E-2));
#2581=CARTESIAN_POINT('',(-2.454177021365E-2,-5.410576552103E-3,
1.904417561942E-2));
#2582=CARTESIAN_POINT('',(-2.483141782414E-2,-1.816966773721E-3,
1.971374215855E-2));
#2583=CARTESIAN_POINT('',(-2.512058981861E-2,1.832351635667E-3,
1.971203798744E-2));
#2584=CARTESIAN_POINT('',(-2.540949863814E-2,5.416235480443E-3,
1.904164307212E-2));
#2585=CARTESIAN_POINT('',(-2.569840236603E-2,8.816166006155E-3,
1.772538714974E-2));
#2586=CARTESIAN_POINT('',(-2.598751052172E-2,1.192010281457E-2,
1.580728092846E-2));
#2587=CARTESIAN_POINT('',(-2.627757882411E-2,1.462523712077E-2,
1.334138204069E-2));
#2588=CARTESIAN_POINT('',(-2.656430395995E-2,1.680975248629E-2,
1.045642405378E-2));
#2589=CARTESIAN_POINT('',(-2.685534401965E-2,1.845409200064E-2,
7.172786573852E-3));
#2590=CARTESIAN_POINT('',(-2.714591677214E-2,1.945972423461E-2,
3.644189273202E-3));
#2591=CARTESIAN_POINT('',(-2.733963609483E-2,1.968498676079E-2,
1.214058851835E-3));
#2592=CARTESIAN_POINT('',(-2.743606679233E-2,1.968498676079E-2,
4.466535256930E-9));
#2594=CURVE_STYLE('',#124,POSITIVE_LENGTH_MEASURE(2.E-2),#117);
#2595=PRESENTATION_STYLE_ASSIGNMENT((#2594));
#2596=STYLED_ITEM('',(#2595),#2593);
#2597=CARTESIAN_POINT('',(-2.866627892858E-2,1.968488520611E-2,
-8.964512587702E-9));
#2598=CARTESIAN_POINT('',(-2.857018172779E-2,1.968488520611E-2,
1.206695113816E-3));
#2599=CARTESIAN_POINT('',(-2.837801789530E-2,1.946242107856E-2,
3.623881018287E-3));
#2600=CARTESIAN_POINT('',(-2.808851023601E-2,1.846657115303E-2,
7.138405509961E-3));
#2601=CARTESIAN_POINT('',(-2.779817128985E-2,1.683311705782E-2,
1.041827970005E-2));
#2602=CARTESIAN_POINT('',(-2.751139731596E-2,1.465534164091E-2,
1.330888483928E-2));
#2603=CARTESIAN_POINT('',(-2.722035239574E-2,1.194621005970E-2,
1.578890650099E-2));
#2604=CARTESIAN_POINT('',(-2.692968070679E-2,8.827595822390E-3,
1.772111312060E-2));
#2605=CARTESIAN_POINT('',(-2.663933217320E-2,5.410576861420E-3,
1.904417542814E-2));
#2606=CARTESIAN_POINT('',(-2.634968464137E-2,1.816968123555E-3,
1.971374195484E-2));
#2607=CARTESIAN_POINT('',(-2.606051281634E-2,-1.832348383793E-3,
1.971203816722E-2));
#2608=CARTESIAN_POINT('',(-2.577160405078E-2,-5.416230874830E-3,
1.904164431892E-2));
#2609=CARTESIAN_POINT('',(-2.548270063102E-2,-8.816160871719E-3,
1.772538960823E-2));
#2610=CARTESIAN_POINT('',(-2.519359167238E-2,-1.192009761587E-2,
1.580728494003E-2));
#2611=CARTESIAN_POINT('',(-2.490352680691E-2,-1.462523064255E-2,
1.334138797896E-2));
#2612=CARTESIAN_POINT('',(-2.461678945216E-2,-1.680975005809E-2,
1.045643303072E-2));
#2613=CARTESIAN_POINT('',(-2.432579545074E-2,-1.845407784706E-2,
7.172793558839E-3));
#2614=CARTESIAN_POINT('',(-2.403505073124E-2,-1.945976222236E-2,
3.644206521608E-3));
#2615=CARTESIAN_POINT('',(-2.384175840782E-2,-1.968490244892E-2,
1.214041222713E-3));
#2616=CARTESIAN_POINT('',(-2.374501837662E-2,-1.968490244892E-2,
8.417479599248E-9));
#2618=CURVE_STYLE('',#124,POSITIVE_LENGTH_MEASURE(2.E-2),#117);
#2619=PRESENTATION_STYLE_ASSIGNMENT((#2618));
#2620=STYLED_ITEM('',(#2619),#2617);
#2621=CARTESIAN_POINT('',(-3.358753945863E-2,-1.968487787584E-2,
9.170200879422E-9));
#2622=CARTESIAN_POINT('',(-3.349150474150E-2,-1.968487787584E-2,
-1.206700061592E-3));
#2623=CARTESIAN_POINT('',(-3.329924838267E-2,-1.946242441499E-2,
-3.623879187536E-3));
#2624=CARTESIAN_POINT('',(-3.300977791470E-2,-1.846657012554E-2,
-7.138406349957E-3));
#2625=CARTESIAN_POINT('',(-3.271942905251E-2,-1.683311742189E-2,
-1.041827922979E-2));
#2626=CARTESIAN_POINT('',(-3.243265779461E-2,-1.465534222217E-2,
-1.330888424699E-2));
#2627=CARTESIAN_POINT('',(-3.214161203573E-2,-1.194620958558E-2,
-1.578890690354E-2));
#2628=CARTESIAN_POINT('',(-3.185094057748E-2,-8.827595675937E-3,
-1.772111320872E-2));
#2629=CARTESIAN_POINT('',(-3.156059189912E-2,-5.410575598282E-3,
-1.904417583043E-2));
#2630=CARTESIAN_POINT('',(-3.127094438449E-2,-1.816966823890E-3,
-1.971374210439E-2));
#2631=CARTESIAN_POINT('',(-3.098177245217E-2,1.832350943321E-3,
-1.971203799866E-2));
#2632=CARTESIAN_POINT('',(-3.069286367346E-2,5.416233677282E-3,
-1.904164351099E-2));
#2633=CARTESIAN_POINT('',(-3.040396025856E-2,8.816162828519E-3,
-1.772538853536E-2));
#2634=CARTESIAN_POINT('',(-3.011485158440E-2,1.192009835383E-2,
-1.580728438514E-2));
#2635=CARTESIAN_POINT('',(-2.982478601229E-2,1.462523149423E-2,
-1.334138692672E-2));
#2636=CARTESIAN_POINT('',(-2.953805118079E-2,1.680975093720E-2,
-1.045643229120E-2));
#2637=CARTESIAN_POINT('',(-2.924704801284E-2,1.845407595341E-2,
-7.172793587203E-3));
#2638=CARTESIAN_POINT('',(-2.895633750786E-2,1.945977029075E-2,
-3.644203615789E-3));
#2639=CARTESIAN_POINT('',(-2.876296011899E-2,1.968488520611E-2,
-1.214046270568E-3));
#2640=CARTESIAN_POINT('',(-2.866627892858E-2,1.968488520611E-2,
-8.964512587702E-9));
#2642=CURVE_STYLE('',#124,POSITIVE_LENGTH_MEASURE(2.E-2),#117);
#2643=PRESENTATION_STYLE_ASSIGNMENT((#2642));
#2644=STYLED_ITEM('',(#2643),#2641);
#2645=DIRECTION('',(-9.999999983321E-1,5.645130093601E-5,1.221232630111E-5));
#2646=VECTOR('',#2645,1.230212624767E-3);
#2647=CARTESIAN_POINT('',(-3.235732683591E-2,-1.968494732294E-2,
-5.853557113977E-9));
#2648=LINE('',#2647,#2646);
#2649=CURVE_STYLE('',#124,POSITIVE_LENGTH_MEASURE(2.E-2),#117);
#2650=PRESENTATION_STYLE_ASSIGNMENT((#2649));
#2651=STYLED_ITEM('',(#2650),#2648);
#2652=CARTESIAN_POINT('',(-2.743606679233E-2,1.968498676079E-2,
4.466535256930E-9));
#2653=CARTESIAN_POINT('',(-2.753191502676E-2,1.968498676079E-2,
-1.206716757580E-3));
#2654=CARTESIAN_POINT('',(-2.772446687013E-2,1.946237494935E-2,
-3.623863020796E-3));
#2655=CARTESIAN_POINT('',(-2.801381828245E-2,1.846658694469E-2,
-7.138400225730E-3));
#2656=CARTESIAN_POINT('',(-2.830419906382E-2,1.683311831286E-2,
-1.041827152618E-2));
#2657=CARTESIAN_POINT('',(-2.859096199016E-2,1.465534718536E-2,
-1.330888019851E-2));
#2658=CARTESIAN_POINT('',(-2.888201012966E-2,1.194621305888E-2,
-1.578890415813E-2));
#2659=CARTESIAN_POINT('',(-2.917268115414E-2,8.827597904684E-3,
-1.772111228423E-2));
#2660=CARTESIAN_POINT('',(-2.946303010372E-2,5.410576573606E-3,
-1.904417561623E-2));
#2661=CARTESIAN_POINT('',(-2.975267765744E-2,1.816966767508E-3,
-1.971374215967E-2));
#2662=CARTESIAN_POINT('',(-3.004184965052E-2,-1.832351632318E-3,
-1.971203798616E-2));
#2663=CARTESIAN_POINT('',(-3.033075853240E-2,-5.416235487629E-3,
-1.904164307613E-2));
#2664=CARTESIAN_POINT('',(-3.061966201229E-2,-8.816165980764E-3,
-1.772538713497E-2));
#2665=CARTESIAN_POINT('',(-3.090877109763E-2,-1.192010290894E-2,
-1.580728098353E-2));
#2666=CARTESIAN_POINT('',(-3.119883592939E-2,-1.462523676865E-2,
-1.334138183517E-2));
#2667=CARTESIAN_POINT('',(-3.148557401809E-2,-1.680975380040E-2,
-1.045642482081E-2));
#2668=CARTESIAN_POINT('',(-3.177656573702E-2,-1.845408709632E-2,
-7.172783711269E-3));
#2669=CARTESIAN_POINT('',(-3.206731889972E-2,-1.945974253778E-2,
-3.644199956506E-3));
#2670=CARTESIAN_POINT('',(-3.226058935569E-2,-1.968494732294E-2,
-1.214035832513E-3));
#2671=CARTESIAN_POINT('',(-3.235732683591E-2,-1.968494732294E-2,
-5.853557113977E-9));
#2673=CURVE_STYLE('',#124,POSITIVE_LENGTH_MEASURE(2.E-2),#117);
#2674=PRESENTATION_STYLE_ASSIGNMENT((#2673));
#2675=STYLED_ITEM('',(#2674),#2672);
#2676=DIRECTION('',(9.999999965331E-1,8.255054176107E-5,1.091766810157E-5));
#2677=VECTOR('',#2676,1.230212140512E-3);
#2678=CARTESIAN_POINT('',(-2.866627892858E-2,1.968488520611E-2,
-8.964512587702E-9));
#2679=LINE('',#2678,#2677);
#2680=CURVE_STYLE('',#124,POSITIVE_LENGTH_MEASURE(2.E-2),#117);
#2681=PRESENTATION_STYLE_ASSIGNMENT((#2680));
#2682=STYLED_ITEM('',(#2681),#2679);
#2683=CARTESIAN_POINT('',(-3.235732683591E-2,-1.968494732294E-2,
-5.853557113977E-9));
#2684=CARTESIAN_POINT('',(-3.245348000003E-2,-1.968494732294E-2,
1.206691111635E-3));
#2685=CARTESIAN_POINT('',(-3.264558510100E-2,-1.946239325252E-2,
3.623874923120E-3));
#2686=CARTESIAN_POINT('',(-3.293511606971E-2,-1.846658204037E-2,
7.138397036512E-3));
#2687=CARTESIAN_POINT('',(-3.322544873909E-2,-1.683311962696E-2,
1.041827238072E-2));
#2688=CARTESIAN_POINT('',(-3.351222455699E-2,-1.465534683326E-2,
1.330887996954E-2));
#2689=CARTESIAN_POINT('',(-3.380326924224E-2,-1.194621315319E-2,
1.578890421949E-2));
#2690=CARTESIAN_POINT('',(-3.409394119219E-2,-8.827597879554E-3,
1.772111226779E-2));
#2691=CARTESIAN_POINT('',(-3.438428989415E-2,-5.410576579816E-3,
1.904417562063E-2));
#2692=CARTESIAN_POINT('',(-3.467393751289E-2,-1.816966767799E-3,
1.971374215847E-2));
#2693=CARTESIAN_POINT('',(-3.496310949350E-2,1.832351639693E-3,
1.971203798654E-2));
#2694=CARTESIAN_POINT('',(-3.525201836022E-2,5.416235458422E-3,
1.904164307581E-2));
#2695=CARTESIAN_POINT('',(-3.554092191323E-2,8.816166090217E-3,
1.772538713587E-2));
#2696=CARTESIAN_POINT('',(-3.583003072123E-2,1.192010250034E-2,
1.580728098025E-2));
#2697=CARTESIAN_POINT('',(-3.612009658924E-2,1.462523829362E-2,
1.334138184742E-2));
#2698=CARTESIAN_POINT('',(-3.640683081030E-2,1.680974810913E-2,
1.045642477510E-2));
#2699=CARTESIAN_POINT('',(-3.669783696353E-2,1.845410833643E-2,
7.172783881836E-3));
#2700=CARTESIAN_POINT('',(-3.698853625668E-2,1.945966326858E-2,
3.644199319942E-3));
#2701=CARTESIAN_POINT('',(-3.718194074192E-2,1.968511812432E-2,
1.214037204117E-3));
#2702=CARTESIAN_POINT('',(-3.727858799644E-2,1.968511812432E-2,
3.908556766408E-11));
#2704=CURVE_STYLE('',#124,POSITIVE_LENGTH_MEASURE(2.E-2),#117);
#2705=PRESENTATION_STYLE_ASSIGNMENT((#2704));
#2706=STYLED_ITEM('',(#2705),#2703);
#2707=CARTESIAN_POINT('',(-3.850879991250E-2,1.968488088609E-2,
-9.024038307304E-9));
#2708=CARTESIAN_POINT('',(-3.841282799349E-2,1.968488088609E-2,
1.206705459273E-3));
#2709=CARTESIAN_POINT('',(-3.822047872969E-2,1.946242292976E-2,
3.623877526980E-3));
#2710=CARTESIAN_POINT('',(-3.793104553496E-2,1.846657002077E-2,
7.138408293376E-3));
#2711=CARTESIAN_POINT('',(-3.764068663783E-2,1.683311641758E-2,
1.041828063895E-2));
#2712=CARTESIAN_POINT('',(-3.735391797313E-2,1.465534029668E-2,
1.330888644628E-2));
#2713=CARTESIAN_POINT('',(-3.706287155324E-2,1.194620782599E-2,
1.578890821148E-2));
#2714=CARTESIAN_POINT('',(-3.677220021328E-2,8.827592907584E-3,
1.772111465510E-2));
#2715=CARTESIAN_POINT('',(-3.648185147044E-2,5.410572424573E-3,
1.904417671131E-2));
#2716=CARTESIAN_POINT('',(-3.619220403071E-2,1.816964302614E-3,
1.971374224544E-2));
#2717=CARTESIAN_POINT('',(-3.590303221323E-2,-1.832351923364E-3,
1.971203786671E-2));
#2718=CARTESIAN_POINT('',(-3.561412345284E-2,-5.416234559525E-3,
1.904164321718E-2));
#2719=CARTESIAN_POINT('',(-3.532522007128E-2,-8.816162716377E-3,
1.772538859194E-2));
#2720=CARTESIAN_POINT('',(-3.503611152703E-2,-1.192009884595E-2,
1.580728399214E-2));
#2721=CARTESIAN_POINT('',(-3.474604535762E-2,-1.462523090768E-2,
1.334138748441E-2));
#2722=CARTESIAN_POINT('',(-3.445931309502E-2,-1.680975124052E-2,
1.045643215220E-2));
#2723=CARTESIAN_POINT('',(-3.416830007094E-2,-1.845407529217E-2,
7.172793641067E-3));
#2724=CARTESIAN_POINT('',(-3.387762615987E-2,-1.945977380028E-2,
3.644200534863E-3));
#2725=CARTESIAN_POINT('',(-3.368415774843E-2,-1.968487787584E-2,
1.214051193328E-3));
#2726=CARTESIAN_POINT('',(-3.358753945863E-2,-1.968487787584E-2,
9.170200879422E-9));
#2728=CURVE_STYLE('',#124,POSITIVE_LENGTH_MEASURE(2.E-2),#117);
#2729=PRESENTATION_STYLE_ASSIGNMENT((#2728));
#2730=STYLED_ITEM('',(#2729),#2727);
#2731=DIRECTION('',(9.999999813786E-1,1.928433828259E-4,7.367123979128E-6));
#2732=VECTOR('',#2731,1.230211938966E-3);
#2733=CARTESIAN_POINT('',(-3.850879991250E-2,1.968488088609E-2,
-9.024038307304E-9));
#2734=LINE('',#2733,#2732);
#2735=CURVE_STYLE('',#124,POSITIVE_LENGTH_MEASURE(2.E-2),#117);
#2736=PRESENTATION_STYLE_ASSIGNMENT((#2735));
#2737=STYLED_ITEM('',(#2736),#2734);
#2738=CARTESIAN_POINT('',(-4.343002410031E-2,-1.968483284645E-2,
1.279130807371E-8));
#2739=CARTESIAN_POINT('',(-4.333411863506E-2,-1.968483284645E-2,
-1.206618687315E-3));
#2740=CARTESIAN_POINT('',(-4.314174557536E-2,-1.946247845157E-2,
-3.623650996382E-3));
#2741=CARTESIAN_POINT('',(-4.285233285256E-2,-1.846667370982E-2,
-7.138118429676E-3));
#2742=CARTESIAN_POINT('',(-4.256197095064E-2,-1.683328684677E-2,
-1.041800958159E-2));
#2743=CARTESIAN_POINT('',(-4.227520094684E-2,-1.465553626502E-2,
-1.330867353998E-2));
#2744=CARTESIAN_POINT('',(-4.198415162098E-2,-1.194641335749E-2,
-1.578875485816E-2));
#2745=CARTESIAN_POINT('',(-4.169347873800E-2,-8.827804523705E-3,
-1.772101047285E-2));
#2746=CARTESIAN_POINT('',(-4.140312844279E-2,-5.410781104914E-3,
-1.904411873115E-2));
#2747=CARTESIAN_POINT('',(-4.111347932064E-2,-1.817158787606E-3,
-1.971372571630E-2));
#2748=CARTESIAN_POINT('',(-4.082430568611E-2,1.832180469571E-3,
-1.971205516033E-2));
#2749=CARTESIAN_POINT('',(-4.053539523195E-2,5.416090006579E-3,
-1.904168580501E-2));
#2750=CARTESIAN_POINT('',(-4.024648999950E-2,8.816048627130E-3,
-1.772544662931E-2));
#2751=CARTESIAN_POINT('',(-3.995738020332E-2,1.192001215141E-2,
-1.580735127100E-2));
#2752=CARTESIAN_POINT('',(-3.966731097752E-2,1.462517812049E-2,
-1.334144774846E-2));
#2753=CARTESIAN_POINT('',(-3.938058004867E-2,1.680971820739E-2,
-1.045648627796E-2));
#2754=CARTESIAN_POINT('',(-3.908955609632E-2,1.845405854818E-2,
-7.172841393032E-3));
#2755=CARTESIAN_POINT('',(-3.879891718256E-2,1.945976898774E-2,
-3.644225063457E-3));
#2756=CARTESIAN_POINT('',(-3.860535575830E-2,1.968488088609E-2,
-1.214065581266E-3));
#2757=CARTESIAN_POINT('',(-3.850879991250E-2,1.968488088609E-2,
-9.024038307304E-9));
#2759=CURVE_STYLE('',#124,POSITIVE_LENGTH_MEASURE(2.E-2),#117);
#2760=PRESENTATION_STYLE_ASSIGNMENT((#2759));
#2761=STYLED_ITEM('',(#2760),#2758);
#2762=CARTESIAN_POINT('',(-4.527552914616E-2,-7.533136227426E-3,
1.818656747037E-2));
#2763=CARTESIAN_POINT('',(-4.518741608850E-2,-8.553440832931E-3,
1.776394237067E-2));
#2764=CARTESIAN_POINT('',(-4.501207389338E-2,-1.052279326685E-2,
1.674659484559E-2));
#2765=CARTESIAN_POINT('',(-4.474826126841E-2,-1.317928775117E-2,
1.474730252031E-2));
#2766=CARTESIAN_POINT('',(-4.448466690072E-2,-1.546333509832E-2,
1.233133830201E-2));
#2767=CARTESIAN_POINT('',(-4.422102844008E-2,-1.731040971998E-2,
9.566948140953E-3));
#2768=CARTESIAN_POINT('',(-4.395736666957E-2,-1.866829966855E-2,
6.532245763882E-3));
#2769=CARTESIAN_POINT('',(-4.369384964765E-2,-1.949883882396E-2,
3.312937824751E-3));
#2770=CARTESIAN_POINT('',(-4.351779868372E-2,-1.968483284645E-2,
1.104345845585E-3));
#2771=CARTESIAN_POINT('',(-4.343002410031E-2,-1.968483284645E-2,
1.279130807371E-8));
#2773=CURVE_STYLE('',#124,POSITIVE_LENGTH_MEASURE(2.E-2),#117);
#2774=PRESENTATION_STYLE_ASSIGNMENT((#2773));
#2775=STYLED_ITEM('',(#2774),#2772);
#2776=CARTESIAN_POINT('',(-4.219986836500E-2,-1.968492844885E-2,
-7.782246043894E-9));
#2777=CARTESIAN_POINT('',(-4.229292257994E-2,-1.968492844885E-2,
1.171260871270E-3));
#2778=CARTESIAN_POINT('',(-4.247945732479E-2,-1.947546623565E-2,
3.513736480313E-3));
#2779=CARTESIAN_POINT('',(-4.275902103961E-2,-1.854209785988E-2,
6.915794794274E-3));
#2780=CARTESIAN_POINT('',(-4.303864678200E-2,-1.701961189936E-2,
1.009806952473E-2));
#2781=CARTESIAN_POINT('',(-4.331825497476E-2,-1.495628462053E-2,
1.295945975409E-2));
#2782=CARTESIAN_POINT('',(-4.359786819142E-2,-1.241770409034E-2,
1.540904683237E-2));
#2783=CARTESIAN_POINT('',(-4.387748041025E-2,-9.484519670591E-3,
1.736899603715E-2));
#2784=CARTESIAN_POINT('',(-4.415709784226E-2,-6.249927498188E-3,
1.877702314098E-2));
#2785=CARTESIAN_POINT('',(-4.443670636044E-2,-2.816695153619E-3,
1.958837846105E-2));
#2786=CARTESIAN_POINT('',(-4.471636095645E-2,7.060802673321E-4,
1.977725014424E-2));
#2787=CARTESIAN_POINT('',(-4.499586048721E-2,4.206502153925E-3,
1.933765400164E-2));
#2788=CARTESIAN_POINT('',(-4.518259285465E-2,6.450955092518E-3,
1.863479761379E-2));
#2789=CARTESIAN_POINT('',(-4.527563400529E-2,7.533128361767E-3,
1.818654560818E-2));
#2791=CURVE_STYLE('',#124,POSITIVE_LENGTH_MEASURE(2.E-2),#117);
#2792=PRESENTATION_STYLE_ASSIGNMENT((#2791));
#2793=STYLED_ITEM('',(#2792),#2790);
#2794=CARTESIAN_POINT('',(-3.727858799644E-2,1.968511812432E-2,
3.908556766408E-11));
#2795=CARTESIAN_POINT('',(-3.737465236068E-2,1.968511812432E-2,
-1.206715133538E-3));
#2796=CARTESIAN_POINT('',(-3.756688844699E-2,1.946231001063E-2,
-3.623900245687E-3));
#2797=CARTESIAN_POINT('',(-3.785636957454E-2,1.846658335068E-2,
-7.138453983359E-3));
#2798=CARTESIAN_POINT('',(-3.814671753197E-2,1.683307479113E-2,
-1.041833695137E-2));
#2799=CARTESIAN_POINT('',(-3.843349116833E-2,1.465528540645E-2,
-1.330895196723E-2));
#2800=CARTESIAN_POINT('',(-3.872453935200E-2,1.194611239279E-2,
-1.578898215746E-2));
#2801=CARTESIAN_POINT('',(-3.901521251846E-2,8.827467907566E-3,
-1.772117831279E-2));
#2802=CARTESIAN_POINT('',(-3.930556295319E-2,5.410416428375E-3,
-1.904422248396E-2));
#2803=CARTESIAN_POINT('',(-3.959521216003E-2,1.816780506130E-3,
-1.971376057665E-2));
#2804=CARTESIAN_POINT('',(-3.988438576608E-2,-1.832558374153E-3,
-1.971201998751E-2));
#2805=CARTESIAN_POINT('',(-4.017329606154E-2,-5.416453326837E-3,
-1.904158224643E-2));
#2806=CARTESIAN_POINT('',(-4.046220112184E-2,-8.816383957454E-3,
-1.772527978944E-2));
#2807=CARTESIAN_POINT('',(-4.075131064077E-2,-1.192031155932E-2,
-1.580712535424E-2));
#2808=CARTESIAN_POINT('',(-4.104138118810E-2,-1.462543257230E-2,
-1.334117010431E-2));
#2809=CARTESIAN_POINT('',(-4.132810833555E-2,-1.680992077943E-2,
-1.045615788536E-2));
#2810=CARTESIAN_POINT('',(-4.161914733827E-2,-1.845419186639E-2,
-7.172504647116E-3));
#2811=CARTESIAN_POINT('',(-4.190971402205E-2,-1.945978355792E-2,
-3.643969892460E-3));
#2812=CARTESIAN_POINT('',(-4.210342180746E-2,-1.968492844885E-2,
-1.213975678922E-3));
#2813=CARTESIAN_POINT('',(-4.219986836500E-2,-1.968492844885E-2,
-7.782246043894E-9));
#2815=CURVE_STYLE('',#124,POSITIVE_LENGTH_MEASURE(2.E-2),#117);
#2816=PRESENTATION_STYLE_ASSIGNMENT((#2815));
#2817=STYLED_ITEM('',(#2816),#2814);
#2818=CARTESIAN_POINT('',(-4.527559055118E-2,0.E0,0.E0));
#2819=DIRECTION('',(-1.E0,0.E0,0.E0));
#2820=DIRECTION('',(0.E0,0.E0,1.E0));
#2821=AXIS2_PLACEMENT_3D('',#2818,#2819,#2820);
#2823=CURVE_STYLE('',#124,POSITIVE_LENGTH_MEASURE(2.E-2),#117);
#2824=PRESENTATION_STYLE_ASSIGNMENT((#2823));
#2825=STYLED_ITEM('',(#2824),#2822);
#2826=CARTESIAN_POINT('',(-4.527559055118E-2,0.E0,0.E0));
#2827=DIRECTION('',(-1.E0,0.E0,0.E0));
#2828=DIRECTION('',(0.E0,-3.826842781676E-1,9.238791821680E-1));
#2829=AXIS2_PLACEMENT_3D('',#2826,#2827,#2828);
#2831=CURVE_STYLE('',#124,POSITIVE_LENGTH_MEASURE(2.E-2),#117);
#2832=PRESENTATION_STYLE_ASSIGNMENT((#2831));
#2833=STYLED_ITEM('',(#2832),#2830);
#2834=CARTESIAN_POINT('',(-4.835137651867E-2,0.E0,0.E0));
#2835=DIRECTION('',(1.E0,0.E0,0.E0));
#2836=DIRECTION('',(0.E0,0.E0,1.E0));
#2837=AXIS2_PLACEMENT_3D('',#2834,#2835,#2836);
#2839=CURVE_STYLE('',#124,POSITIVE_LENGTH_MEASURE(2.E-2),#117);
#2840=PRESENTATION_STYLE_ASSIGNMENT((#2839));
#2841=STYLED_ITEM('',(#2840),#2838);
#2842=CARTESIAN_POINT('',(-4.835137651867E-2,0.E0,0.E0));
#2843=DIRECTION('',(1.E0,0.E0,0.E0));
#2844=DIRECTION('',(0.E0,0.E0,-1.E0));
#2845=AXIS2_PLACEMENT_3D('',#2842,#2843,#2844);
#2847=CURVE_STYLE('',#124,POSITIVE_LENGTH_MEASURE(2.E-2),#117);
#2848=PRESENTATION_STYLE_ASSIGNMENT((#2847));
#2849=STYLED_ITEM('',(#2848),#2846);
#2850=CARTESIAN_POINT('',(-4.835137651867E-2,0.E0,0.E0));
#2851=DIRECTION('',(1.E0,0.E0,0.E0));
#2852=DIRECTION('',(0.E0,-9.238791821670E-1,-3.826842781699E-1));
#2853=AXIS2_PLACEMENT_3D('',#2850,#2851,#2852);
#2855=CURVE_STYLE('',#124,POSITIVE_LENGTH_MEASURE(2.E-2),#117);
#2856=PRESENTATION_STYLE_ASSIGNMENT((#2855));
#2857=STYLED_ITEM('',(#2856),#2854);
#2858=DIRECTION('',(1.E0,0.E0,0.E0));
#2859=VECTOR('',#2858,1.267224552857E-2);
#2860=CARTESIAN_POINT('',(-6.102362204724E-2,0.E0,-1.435762180118E-2));
#2861=LINE('',#2860,#2859);
#2862=CURVE_STYLE('',#124,POSITIVE_LENGTH_MEASURE(2.E-2),#117);
#2863=PRESENTATION_STYLE_ASSIGNMENT((#2862));
#2864=STYLED_ITEM('',(#2863),#2861);
#2865=DIRECTION('',(-1.E0,0.E0,0.E0));
#2866=VECTOR('',#2865,1.267224552857E-2);
#2867=CARTESIAN_POINT('',(-4.835137651867E-2,0.E0,1.435762180118E-2));
#2868=LINE('',#2867,#2866);
#2869=CURVE_STYLE('',#124,POSITIVE_LENGTH_MEASURE(2.E-2),#117);
#2870=PRESENTATION_STYLE_ASSIGNMENT((#2869));
#2871=STYLED_ITEM('',(#2870),#2868);
#2872=CARTESIAN_POINT('',(-6.102362204724E-2,0.E0,0.E0));
#2873=DIRECTION('',(-1.E0,0.E0,0.E0));
#2874=DIRECTION('',(0.E0,0.E0,1.E0));
#2875=AXIS2_PLACEMENT_3D('',#2872,#2873,#2874);
#2877=CURVE_STYLE('',#124,POSITIVE_LENGTH_MEASURE(2.E-2),#117);
#2878=PRESENTATION_STYLE_ASSIGNMENT((#2877));
#2879=STYLED_ITEM('',(#2878),#2876);
#2880=CARTESIAN_POINT('',(-6.102362204724E-2,0.E0,1.829462967520E-2));
#2881=DIRECTION('',(0.E0,1.E0,0.E0));
#2882=DIRECTION('',(0.E0,0.E0,-1.E0));
#2883=AXIS2_PLACEMENT_3D('',#2880,#2881,#2882);
#2885=CURVE_STYLE('',#124,POSITIVE_LENGTH_MEASURE(2.E-2),#117);
#2886=PRESENTATION_STYLE_ASSIGNMENT((#2885));
#2887=STYLED_ITEM('',(#2886),#2884);
#2888=CARTESIAN_POINT('',(-6.102362204724E-2,0.E0,0.E0));
#2889=DIRECTION('',(-1.E0,0.E0,0.E0));
#2890=DIRECTION('',(0.E0,0.E0,-1.E0));
#2891=AXIS2_PLACEMENT_3D('',#2888,#2889,#2890);
#2893=CURVE_STYLE('',#124,POSITIVE_LENGTH_MEASURE(2.E-2),#117);
#2894=PRESENTATION_STYLE_ASSIGNMENT((#2893));
#2895=STYLED_ITEM('',(#2894),#2892);
#2896=CARTESIAN_POINT('',(-6.102362204724E-2,0.E0,-1.829462967520E-2));
#2897=DIRECTION('',(0.E0,1.E0,0.E0));
#2898=DIRECTION('',(-1.E0,0.E0,0.E0));
#2899=AXIS2_PLACEMENT_3D('',#2896,#2897,#2898);
#2901=CURVE_STYLE('',#124,POSITIVE_LENGTH_MEASURE(2.E-2),#117);
#2902=PRESENTATION_STYLE_ASSIGNMENT((#2901));
#2903=STYLED_ITEM('',(#2902),#2900);
#2904=CARTESIAN_POINT('',(-6.496062992126E-2,0.E0,0.E0));
#2905=DIRECTION('',(1.E0,0.E0,0.E0));
#2906=DIRECTION('',(0.E0,0.E0,1.E0));
#2907=AXIS2_PLACEMENT_3D('',#2904,#2905,#2906);
#2909=CURVE_STYLE('',#124,POSITIVE_LENGTH_MEASURE(2.E-2),#117);
#2910=PRESENTATION_STYLE_ASSIGNMENT((#2909));
#2911=STYLED_ITEM('',(#2910),#2908);
#2912=CARTESIAN_POINT('',(-6.496062992126E-2,0.E0,0.E0));
#2913=DIRECTION('',(1.E0,0.E0,0.E0));
#2914=DIRECTION('',(0.E0,0.E0,-1.E0));
#2915=AXIS2_PLACEMENT_3D('',#2912,#2913,#2914);
#2917=CURVE_STYLE('',#124,POSITIVE_LENGTH_MEASURE(2.E-2),#117);
#2918=PRESENTATION_STYLE_ASSIGNMENT((#2917));
#2919=STYLED_ITEM('',(#2918),#2916);
#2920=CARTESIAN_POINT('',(-6.496062992126E-2,0.E0,0.E0));
#2921=DIRECTION('',(-1.E0,0.E0,0.E0));
#2922=DIRECTION('',(0.E0,0.E0,-1.E0));
#2923=AXIS2_PLACEMENT_3D('',#2920,#2921,#2922);
#2925=CURVE_STYLE('',#124,POSITIVE_LENGTH_MEASURE(2.E-2),#117);
#2926=PRESENTATION_STYLE_ASSIGNMENT((#2925));
#2927=STYLED_ITEM('',(#2926),#2924);
#2928=CARTESIAN_POINT('',(-6.496062992126E-2,0.E0,0.E0));
#2929=DIRECTION('',(-1.E0,0.E0,0.E0));
#2930=DIRECTION('',(0.E0,0.E0,1.E0));
#2931=AXIS2_PLACEMENT_3D('',#2928,#2929,#2930);
#2933=CURVE_STYLE('',#124,POSITIVE_LENGTH_MEASURE(2.E-2),#117);
#2934=PRESENTATION_STYLE_ASSIGNMENT((#2933));
#2935=STYLED_ITEM('',(#2934),#2932);
#2936=CARTESIAN_POINT('',(-9.251968503937E-2,-3.545584267220E-2,
1.043307086614E-2));
#2937=CARTESIAN_POINT('',(-9.055065166473E-2,-3.563541398293E-2,
1.043307086614E-2));
#2938=CARTESIAN_POINT('',(-8.661293121849E-2,-3.599424361795E-2,
1.043307086614E-2));
#2939=CARTESIAN_POINT('',(-8.070741848917E-2,-3.653186850651E-2,
1.043307086614E-2));
#2940=CARTESIAN_POINT('',(-7.677112281158E-2,-3.688987927933E-2,
1.043307086614E-2));
#2941=CARTESIAN_POINT('',(-7.480314960630E-2,-3.706874412485E-2,
1.043307086614E-2));
#2943=CURVE_STYLE('',#124,POSITIVE_LENGTH_MEASURE(2.E-2),#117);
#2944=PRESENTATION_STYLE_ASSIGNMENT((#2943));
#2945=STYLED_ITEM('',(#2944),#2942);
#2946=CARTESIAN_POINT('',(-7.480314960630E-2,-3.706874412485E-2,
-1.043307086614E-2));
#2947=CARTESIAN_POINT('',(-7.677112281157E-2,-3.688987927933E-2,
-1.043307086614E-2));
#2948=CARTESIAN_POINT('',(-8.070741848915E-2,-3.653186850651E-2,
-1.043307086614E-2));
#2949=CARTESIAN_POINT('',(-8.661293121847E-2,-3.599424361795E-2,
-1.043307086614E-2));
#2950=CARTESIAN_POINT('',(-9.055065166473E-2,-3.563541398293E-2,
-1.043307086614E-2));
#2951=CARTESIAN_POINT('',(-9.251968503937E-2,-3.545584267220E-2,
-1.043307086614E-2));
#2953=CURVE_STYLE('',#124,POSITIVE_LENGTH_MEASURE(2.E-2),#117);
#2954=PRESENTATION_STYLE_ASSIGNMENT((#2953));
#2955=STYLED_ITEM('',(#2954),#2952);
#2956=CARTESIAN_POINT('',(-7.480314960630E-2,0.E0,0.E0));
#2957=DIRECTION('',(-1.E0,0.E0,0.E0));
#2958=DIRECTION('',(0.E0,9.626002531864E-1,2.709257325642E-1));
#2959=AXIS2_PLACEMENT_3D('',#2956,#2957,#2958);
#2961=CURVE_STYLE('',#124,POSITIVE_LENGTH_MEASURE(2.E-2),#117);
#2962=PRESENTATION_STYLE_ASSIGNMENT((#2961));
#2963=STYLED_ITEM('',(#2962),#2960);
#2964=CARTESIAN_POINT('',(-7.480314960630E-2,0.E0,0.E0));
#2965=DIRECTION('',(-1.E0,0.E0,0.E0));
#2966=DIRECTION('',(0.E0,-9.626002531864E-1,-2.709257325642E-1));
#2967=AXIS2_PLACEMENT_3D('',#2964,#2965,#2966);
#2969=CURVE_STYLE('',#124,POSITIVE_LENGTH_MEASURE(2.E-2),#117);
#2970=PRESENTATION_STYLE_ASSIGNMENT((#2969));
#2971=STYLED_ITEM('',(#2970),#2968);
#2972=DIRECTION('',(0.E0,-1.E0,0.E0));
#2973=VECTOR('',#2972,7.413748824970E-2);
#2974=CARTESIAN_POINT('',(-7.480314960630E-2,3.706874412485E-2,
-1.043307086614E-2));
#2975=LINE('',#2974,#2973);
#2976=CURVE_STYLE('',#124,POSITIVE_LENGTH_MEASURE(2.E-2),#117);
#2977=PRESENTATION_STYLE_ASSIGNMENT((#2976));
#2978=STYLED_ITEM('',(#2977),#2975);
#2979=CARTESIAN_POINT('',(-7.480314960630E-2,3.706874412485E-2,
1.043307086614E-2));
#2980=CARTESIAN_POINT('',(-7.677112281157E-2,3.688987927933E-2,
1.043307086614E-2));
#2981=CARTESIAN_POINT('',(-8.070741848916E-2,3.653186850651E-2,
1.043307086614E-2));
#2982=CARTESIAN_POINT('',(-8.661293121848E-2,3.599424361795E-2,
1.043307086614E-2));
#2983=CARTESIAN_POINT('',(-9.055065166473E-2,3.563541398293E-2,
1.043307086614E-2));
#2984=CARTESIAN_POINT('',(-9.251968503937E-2,3.545584267220E-2,
1.043307086614E-2));
#2986=CURVE_STYLE('',#124,POSITIVE_LENGTH_MEASURE(2.E-2),#117);
#2987=PRESENTATION_STYLE_ASSIGNMENT((#2986));
#2988=STYLED_ITEM('',(#2987),#2985);
#2989=CARTESIAN_POINT('',(-9.251968503937E-2,3.545584267220E-2,
-1.043307086614E-2));
#2990=CARTESIAN_POINT('',(-9.055065166473E-2,3.563541398293E-2,
-1.043307086614E-2));
#2991=CARTESIAN_POINT('',(-8.661293121848E-2,3.599424361795E-2,
-1.043307086614E-2));
#2992=CARTESIAN_POINT('',(-8.070741848916E-2,3.653186850651E-2,
-1.043307086614E-2));
#2993=CARTESIAN_POINT('',(-7.677112281158E-2,3.688987927933E-2,
-1.043307086614E-2));
#2994=CARTESIAN_POINT('',(-7.480314960630E-2,3.706874412485E-2,
-1.043307086614E-2));
#2996=CURVE_STYLE('',#124,POSITIVE_LENGTH_MEASURE(2.E-2),#117);
#2997=PRESENTATION_STYLE_ASSIGNMENT((#2996));
#2998=STYLED_ITEM('',(#2997),#2995);
#2999=DIRECTION('',(-9.961946980917E-1,0.E0,8.715574274766E-2));
#3000=VECTOR('',#2999,2.766432623151E-2);
#3001=CARTESIAN_POINT('',(-6.496062992126E-2,0.E0,-3.937007874016E-2));
#3002=LINE('',#3001,#3000);
#3003=CURVE_STYLE('',#124,POSITIVE_LENGTH_MEASURE(2.E-2),#117);
#3004=PRESENTATION_STYLE_ASSIGNMENT((#3003));
#3005=STYLED_ITEM('',(#3004),#3002);
#3006=DIRECTION('',(9.961946980917E-1,0.E0,8.715574274766E-2));
#3007=VECTOR('',#3006,2.766432623151E-2);
#3008=CARTESIAN_POINT('',(-9.251968503937E-2,0.E0,3.695897383984E-2));
#3009=LINE('',#3008,#3007);
#3010=CURVE_STYLE('',#124,POSITIVE_LENGTH_MEASURE(2.E-2),#117);
#3011=PRESENTATION_STYLE_ASSIGNMENT((#3010));
#3012=STYLED_ITEM('',(#3011),#3009);
#3013=CARTESIAN_POINT('',(-9.251968503937E-2,0.E0,0.E0));
#3014=DIRECTION('',(-1.E0,0.E0,0.E0));
#3015=DIRECTION('',(0.E0,-9.593297375043E-1,2.822878933640E-1));
#3016=AXIS2_PLACEMENT_3D('',#3013,#3014,#3015);
#3018=CURVE_STYLE('',#124,POSITIVE_LENGTH_MEASURE(2.E-2),#117);
#3019=PRESENTATION_STYLE_ASSIGNMENT((#3018));
#3020=STYLED_ITEM('',(#3019),#3017);
#3021=CARTESIAN_POINT('',(-9.251968503937E-2,0.E0,0.E0));
#3022=DIRECTION('',(-1.E0,0.E0,0.E0));
#3023=DIRECTION('',(0.E0,0.E0,1.E0));
#3024=AXIS2_PLACEMENT_3D('',#3021,#3022,#3023);
#3026=CURVE_STYLE('',#124,POSITIVE_LENGTH_MEASURE(2.E-2),#117);
#3027=PRESENTATION_STYLE_ASSIGNMENT((#3026));
#3028=STYLED_ITEM('',(#3027),#3025);
#3029=DIRECTION('',(0.E0,-1.E0,0.E0));
#3030=VECTOR('',#3029,7.413748824970E-2);
#3031=CARTESIAN_POINT('',(-7.480314960630E-2,3.706874412485E-2,
1.043307086614E-2));
#3032=LINE('',#3031,#3030);
#3033=CURVE_STYLE('',#124,POSITIVE_LENGTH_MEASURE(2.E-2),#117);
#3034=PRESENTATION_STYLE_ASSIGNMENT((#3033));
#3035=STYLED_ITEM('',(#3034),#3032);
#3036=DIRECTION('',(0.E0,1.E0,0.E0));
#3037=VECTOR('',#3036,7.091168534440E-2);
#3038=CARTESIAN_POINT('',(-9.251968503937E-2,-3.545584267220E-2,
1.043307086614E-2));
#3039=LINE('',#3038,#3037);
#3040=CURVE_STYLE('',#124,POSITIVE_LENGTH_MEASURE(2.E-2),#117);
#3041=PRESENTATION_STYLE_ASSIGNMENT((#3040));
#3042=STYLED_ITEM('',(#3041),#3039);
#3043=CARTESIAN_POINT('',(-9.251968503937E-2,0.E0,0.E0));
#3044=DIRECTION('',(-1.E0,0.E0,0.E0));
#3045=DIRECTION('',(0.E0,9.593297375043E-1,-2.822878933640E-1));
#3046=AXIS2_PLACEMENT_3D('',#3043,#3044,#3045);
#3048=CURVE_STYLE('',#124,POSITIVE_LENGTH_MEASURE(2.E-2),#117);
#3049=PRESENTATION_STYLE_ASSIGNMENT((#3048));
#3050=STYLED_ITEM('',(#3049),#3047);
#3051=DIRECTION('',(0.E0,1.E0,0.E0));
#3052=VECTOR('',#3051,7.091168534440E-2);
#3053=CARTESIAN_POINT('',(-9.251968503937E-2,-3.545584267220E-2,
-1.043307086614E-2));
#3054=LINE('',#3053,#3052);
#3055=CURVE_STYLE('',#124,POSITIVE_LENGTH_MEASURE(2.E-2),#117);
#3056=PRESENTATION_STYLE_ASSIGNMENT((#3055));
#3057=STYLED_ITEM('',(#3056),#3054);
#3058=CARTESIAN_POINT('',(-9.251968503937E-2,0.E0,0.E0));
#3059=DIRECTION('',(-1.E0,0.E0,0.E0));
#3060=DIRECTION('',(0.E0,0.E0,-1.E0));
#3061=AXIS2_PLACEMENT_3D('',#3058,#3059,#3060);
#3063=CURVE_STYLE('',#124,POSITIVE_LENGTH_MEASURE(2.E-2),#117);
#3064=PRESENTATION_STYLE_ASSIGNMENT((#3063));
#3065=STYLED_ITEM('',(#3064),#3062);
#3066=CARTESIAN_POINT('',(7.591038772688E-2,-1.968504549242E-2,
-2.586277146231E-9));
#3067=CARTESIAN_POINT('',(7.468014655908E-2,-1.968500422811E-2,
2.998504056469E-9));
#3068=VERTEX_POINT('',#3066);
#3069=VERTEX_POINT('',#3067);
#3070=CARTESIAN_POINT('',(6.606786894321E-2,-1.968494040352E-2,
-6.155799700405E-9));
#3071=CARTESIAN_POINT('',(6.483771251804E-2,-1.968520424879E-2,
1.210654463604E-9));
#3072=VERTEX_POINT('',#3070);
#3073=VERTEX_POINT('',#3071);
#3074=VERTEX_POINT('',#178);
#3075=VERTEX_POINT('',#128);
#3076=VERTEX_POINT('',#1385);
#3077=VERTEX_POINT('',#1396);
#3078=VERTEX_POINT('',#296);
#3079=VERTEX_POINT('',#238);
#3080=VERTEX_POINT('',#207);
#3081=CARTESIAN_POINT('',(2.054638070749E-2,1.968499500342E-2,
-8.864228940564E-9));
#3082=CARTESIAN_POINT('',(2.177646071407E-2,1.968520424224E-2,
1.210654453310E-9));
#3083=VERTEX_POINT('',#3081);
#3084=VERTEX_POINT('',#3082);
#3085=CARTESIAN_POINT('',(3.161898557659E-2,1.968474511543E-2,
1.670883810449E-8));
#3086=VERTEX_POINT('',#3085);
#3087=VERTEX_POINT('',#1401);
#3088=VERTEX_POINT('',#344);
#3089=VERTEX_POINT('',#301);
#3090=VERTEX_POINT('',#530);
#3091=VERTEX_POINT('',#506);
#3092=VERTEX_POINT('',#476);
#3093=CARTESIAN_POINT('',(7.012685632299E-3,-1.968474251445E-2,
-1.686984683537E-8));
#3094=CARTESIAN_POINT('',(5.782595593981E-3,-1.968510138392E-2,
4.847909874656E-9));
#3095=VERTEX_POINT('',#3093);
#3096=VERTEX_POINT('',#3094);
#3097=VERTEX_POINT('',#1709);
#3098=VERTEX_POINT('',#1651);
#3099=VERTEX_POINT('',#1443);
#3100=CARTESIAN_POINT('',(2.485248600528E-2,-1.226786953088E-8,
-1.435727635809E-2));
#3101=VERTEX_POINT('',#3100);
#3102=VERTEX_POINT('',#1380);
#3103=CARTESIAN_POINT('',(6.422251055622E-2,-7.000429195333E-9,
-1.435738962666E-2));
#3104=VERTEX_POINT('',#3103);
#3105=VERTEX_POINT('',#721);
#3106=VERTEX_POINT('',#739);
#3107=VERTEX_POINT('',#545);
#3108=VERTEX_POINT('',#554);
#3109=VERTEX_POINT('',#540);
#3110=CARTESIAN_POINT('',(-2.829836960486E-3,-1.968511118748E-2,
-4.311905622363E-9));
#3111=CARTESIAN_POINT('',(-4.059928360782E-3,-1.968499491580E-2,
8.208919474605E-9));
#3112=VERTEX_POINT('',#3110);
#3113=VERTEX_POINT('',#3111);
#3114=VERTEX_POINT('',#1819);
#3115=VERTEX_POINT('',#1769);
#3116=VERTEX_POINT('',#1693);
#3117=VERTEX_POINT('',#1337);
#3118=VERTEX_POINT('',#1294);
#3119=VERTEX_POINT('',#1093);
#3120=VERTEX_POINT('',#1081);
#3121=CARTESIAN_POINT('',(8.570058737178E-2,-1.968503937008E-2,0.E0));
#3122=VERTEX_POINT('',#3121);
#3123=VERTEX_POINT('',#349);
#3124=VERTEX_POINT('',#678);
#3125=CARTESIAN_POINT('',(-1.267235824374E-2,-1.968498337175E-2,
-8.864213203688E-9));
#3126=CARTESIAN_POINT('',(-1.390249311735E-2,-1.968496937403E-2,
6.447561357816E-9));
#3127=VERTEX_POINT('',#3125);
#3128=VERTEX_POINT('',#3126);
#3129=VERTEX_POINT('',#1929);
#3130=VERTEX_POINT('',#1879);
#3131=CARTESIAN_POINT('',(2.239161598726E-2,1.116265225852E-8,
-1.435727105481E-2));
#3132=VERTEX_POINT('',#3131);
#3133=VERTEX_POINT('',#1462);
#3134=VERTEX_POINT('',#1270);
#3135=VERTEX_POINT('',#464);
#3136=VERTEX_POINT('',#1141);
#3137=CARTESIAN_POINT('',(9.251968503937E-2,0.E0,1.574803149606E-2));
#3138=VERTEX_POINT('',#3137);
#3139=CARTESIAN_POINT('',(5.622527498323E-2,-1.968520381468E-2,
-1.508637533284E-9));
#3140=VERTEX_POINT('',#3139);
#3141=VERTEX_POINT('',#2047);
#3142=VERTEX_POINT('',#1989);
#3143=VERTEX_POINT('',#1958);
#3144=VERTEX_POINT('',#1306);
#3145=CARTESIAN_POINT('',(5.130402285267E-2,1.968499490937E-2,
8.208919433973E-9));
#3146=VERTEX_POINT('',#3145);
#3147=CARTESIAN_POINT('',(-3.850879991250E-2,1.968488088609E-2,
-9.024038307304E-9));
#3148=CARTESIAN_POINT('',(-3.727858799644E-2,1.968511812432E-2,
3.908556766408E-11));
#3149=VERTEX_POINT('',#3147);
#3150=VERTEX_POINT('',#3148);
#3151=VERTEX_POINT('',#2071);
#3152=VERTEX_POINT('',#2076);
#3153=VERTEX_POINT('',#2295);
#3154=VERTEX_POINT('',#1227);
#3155=VERTEX_POINT('',#2683);
#3156=VERTEX_POINT('',#2621);
#3157=VERTEX_POINT('',#2640);
#3158=VERTEX_POINT('',#2776);
#3159=VERTEX_POINT('',#2789);
#3160=VERTEX_POINT('',#2738);
#3161=VERTEX_POINT('',#2762);
#3162=CARTESIAN_POINT('',(-2.005428840594E-2,1.259177199872E-8,
-1.968496042599E-2));
#3163=VERTEX_POINT('',#3162);
#3164=VERTEX_POINT('',#2170);
#3165=VERTEX_POINT('',#2573);
#3166=VERTEX_POINT('',#2592);
#3167=VERTEX_POINT('',#2100);
#3168=CARTESIAN_POINT('',(-4.527559055118E-2,0.E0,1.968503937008E-2));
#3169=VERTEX_POINT('',#3168);
#3170=VERTEX_POINT('',#2534);
#3171=VERTEX_POINT('',#2539);
#3172=CARTESIAN_POINT('',(-4.835137651867E-2,0.E0,1.435762180118E-2));
#3173=VERTEX_POINT('',#3172);
#3174=CARTESIAN_POINT('',(-4.835137651867E-2,0.E0,-1.435762180118E-2));
#3175=VERTEX_POINT('',#3174);
#3176=CARTESIAN_POINT('',(-6.102362204724E-2,0.E0,-1.435762180118E-2));
#3177=VERTEX_POINT('',#3176);
#3178=CARTESIAN_POINT('',(-6.102362204724E-2,0.E0,1.435762180118E-2));
#3179=VERTEX_POINT('',#3178);
#3180=CARTESIAN_POINT('',(-6.496062992126E-2,0.E0,1.829462967520E-2));
#3181=VERTEX_POINT('',#3180);
#3182=CARTESIAN_POINT('',(-6.496062992126E-2,0.E0,-1.829462967520E-2));
#3183=VERTEX_POINT('',#3182);
#3184=CARTESIAN_POINT('',(-6.496062992126E-2,0.E0,3.937007874016E-2));
#3185=CARTESIAN_POINT('',(-6.496062992126E-2,0.E0,-3.937007874016E-2));
#3186=VERTEX_POINT('',#3184);
#3187=VERTEX_POINT('',#3185);
#3188=CARTESIAN_POINT('',(-9.251968503937E-2,0.E0,3.695897383984E-2));
#3189=CARTESIAN_POINT('',(-9.251968503937E-2,3.545584267220E-2,
1.043307086614E-2));
#3190=VERTEX_POINT('',#3188);
#3191=VERTEX_POINT('',#3189);
#3192=VERTEX_POINT('',#2936);
#3193=VERTEX_POINT('',#2941);
#3194=VERTEX_POINT('',#2979);
#3195=CARTESIAN_POINT('',(-9.251968503937E-2,0.E0,-3.695897383984E-2));
#3196=VERTEX_POINT('',#3195);
#3197=CARTESIAN_POINT('',(-7.480314960630E-2,3.706874412485E-2,
-1.043307086614E-2));
#3198=VERTEX_POINT('',#3197);
#3199=CARTESIAN_POINT('',(-9.251968503937E-2,-3.545584267220E-2,
-1.043307086614E-2));
#3200=VERTEX_POINT('',#3199);
#3201=CARTESIAN_POINT('',(-7.480314960630E-2,-3.706874412485E-2,
-1.043307086614E-2));
#3202=VERTEX_POINT('',#3201);
#3203=VERTEX_POINT('',#2989);
#3204=CARTESIAN_POINT('',(-6.496062992126E-2,0.E0,0.E0));
#3205=DIRECTION('',(1.E0,0.E0,0.E0));
#3206=DIRECTION('',(0.E0,-1.E0,0.E0));
#3207=AXIS2_PLACEMENT_3D('',#3204,#3205,#3206);
#3208=CYLINDRICAL_SURFACE('',#3207,1.968503937008E-2);
#3210=ORIENTED_EDGE('',*,*,#3209,.F.);
#3212=ORIENTED_EDGE('',*,*,#3211,.F.);
#3214=ORIENTED_EDGE('',*,*,#3213,.F.);
#3216=ORIENTED_EDGE('',*,*,#3215,.F.);
#3217=EDGE_LOOP('',(#3210,#3212,#3214,#3216));
#3218=FACE_OUTER_BOUND('',#3217,.F.);
#3220=FILL_AREA_STYLE_COLOUR('',#50);
#3221=FILL_AREA_STYLE('',(#3220));
#3222=SURFACE_STYLE_FILL_AREA(#3221);
#3223=SURFACE_SIDE_STYLE('',(#3222));
#3224=SURFACE_STYLE_USAGE(.BOTH.,#3223);
#3225=PRESENTATION_STYLE_ASSIGNMENT((#3224));
#3226=OVER_RIDING_STYLED_ITEM('',(#3225),#3219,#119);
#3227=CARTESIAN_POINT('',(-6.496062992126E-2,0.E0,0.E0));
#3228=DIRECTION('',(1.E0,0.E0,0.E0));
#3229=DIRECTION('',(0.E0,-1.E0,0.E0));
#3230=AXIS2_PLACEMENT_3D('',#3227,#3228,#3229);
#3231=CYLINDRICAL_SURFACE('',#3230,1.968503937008E-2);
#3233=ORIENTED_EDGE('',*,*,#3232,.T.);
#3235=ORIENTED_EDGE('',*,*,#3234,.F.);
#3236=ORIENTED_EDGE('',*,*,#3209,.T.);
#3238=ORIENTED_EDGE('',*,*,#3237,.F.);
#3239=EDGE_LOOP('',(#3233,#3235,#3236,#3238));
#3240=FACE_OUTER_BOUND('',#3239,.F.);
#3242=FILL_AREA_STYLE_COLOUR('',#50);
#3243=FILL_AREA_STYLE('',(#3242));
#3244=SURFACE_STYLE_FILL_AREA(#3243);
#3245=SURFACE_SIDE_STYLE('',(#3244));
#3246=SURFACE_STYLE_USAGE(.BOTH.,#3245);
#3247=PRESENTATION_STYLE_ASSIGNMENT((#3246));
#3248=OVER_RIDING_STYLED_ITEM('',(#3247),#3241,#119);
#3249=CARTESIAN_POINT('',(-6.496062992126E-2,0.E0,0.E0));
#3250=DIRECTION('',(1.E0,0.E0,0.E0));
#3251=DIRECTION('',(0.E0,-1.E0,0.E0));
#3252=AXIS2_PLACEMENT_3D('',#3249,#3250,#3251);
#3253=CYLINDRICAL_SURFACE('',#3252,1.968503937008E-2);
#3255=ORIENTED_EDGE('',*,*,#3254,.F.);
#3257=ORIENTED_EDGE('',*,*,#3256,.F.);
#3258=ORIENTED_EDGE('',*,*,#3232,.F.);
#3260=ORIENTED_EDGE('',*,*,#3259,.F.);
#3262=ORIENTED_EDGE('',*,*,#3261,.F.);
#3263=EDGE_LOOP('',(#3255,#3257,#3258,#3260,#3262));
#3264=FACE_OUTER_BOUND('',#3263,.F.);
#3266=FILL_AREA_STYLE_COLOUR('',#50);
#3267=FILL_AREA_STYLE('',(#3266));
#3268=SURFACE_STYLE_FILL_AREA(#3267);
#3269=SURFACE_SIDE_STYLE('',(#3268));
#3270=SURFACE_STYLE_USAGE(.BOTH.,#3269);
#3271=PRESENTATION_STYLE_ASSIGNMENT((#3270));
#3272=OVER_RIDING_STYLED_ITEM('',(#3271),#3265,#119);
#3273=CARTESIAN_POINT('',(-6.496062992126E-2,0.E0,0.E0));
#3274=DIRECTION('',(1.E0,0.E0,0.E0));
#3275=DIRECTION('',(0.E0,-1.E0,0.E0));
#3276=AXIS2_PLACEMENT_3D('',#3273,#3274,#3275);
#3277=CYLINDRICAL_SURFACE('',#3276,1.968503937008E-2);
#3278=ORIENTED_EDGE('',*,*,#3254,.T.);
#3280=ORIENTED_EDGE('',*,*,#3279,.F.);
#3282=ORIENTED_EDGE('',*,*,#3281,.T.);
#3284=ORIENTED_EDGE('',*,*,#3283,.F.);
#3285=EDGE_LOOP('',(#3278,#3280,#3282,#3284));
#3286=FACE_OUTER_BOUND('',#3285,.F.);
#3288=FILL_AREA_STYLE_COLOUR('',#50);
#3289=FILL_AREA_STYLE('',(#3288));
#3290=SURFACE_STYLE_FILL_AREA(#3289);
#3291=SURFACE_SIDE_STYLE('',(#3290));
#3292=SURFACE_STYLE_USAGE(.BOTH.,#3291);
#3293=PRESENTATION_STYLE_ASSIGNMENT((#3292));
#3294=OVER_RIDING_STYLED_ITEM('',(#3293),#3287,#119);
#3295=CARTESIAN_POINT('',(6.768513507274E-2,3.230304776012E-3,
-1.964838842749E-2));
#3296=CARTESIAN_POINT('',(6.657231770798E-2,2.917631717912E-3,
-1.774654878004E-2));
#3297=CARTESIAN_POINT('',(6.545950034322E-2,2.604958659812E-3,
-1.584470913260E-2));
#3298=CARTESIAN_POINT('',(6.434668297845E-2,2.292285601712E-3,
-1.394286948515E-2));
#3299=CARTESIAN_POINT('',(6.760003760334E-2,2.163237510938E-3,
-1.982545243716E-2));
#3300=CARTESIAN_POINT('',(6.648722023858E-2,1.953849810754E-3,
-1.790647411419E-2));
#3301=CARTESIAN_POINT('',(6.537440287381E-2,1.744462110571E-3,
-1.598749579122E-2));
#3302=CARTESIAN_POINT('',(6.426158550905E-2,1.535074410387E-3,
-1.406851746826E-2));
#3303=CARTESIAN_POINT('',(6.735090490502E-2,-1.003195849083E-3,
-2.008141575293E-2));
#3304=CARTESIAN_POINT('',(6.623808754026E-2,-9.060928400002E-4,
-1.813766180096E-2));
#3305=CARTESIAN_POINT('',(6.512527017550E-2,-8.089898309171E-4,
-1.619390784899E-2));
#3306=CARTESIAN_POINT('',(6.401245281073E-2,-7.118868218341E-4,
-1.425015389702E-2));
#3307=CARTESIAN_POINT('',(6.688851761353E-2,-6.881886028593E-3,
-1.915576123728E-2));
#3308=CARTESIAN_POINT('',(6.577570024876E-2,-6.215763015670E-3,
-1.730160478406E-2));
#3309=CARTESIAN_POINT('',(6.466288288400E-2,-5.549640002748E-3,
-1.544744833085E-2));
#3310=CARTESIAN_POINT('',(6.355006551924E-2,-4.883516989825E-3,
-1.359329187763E-2));
#3311=CARTESIAN_POINT('',(6.629797319826E-2,-1.353991576835E-2,
-1.535802706155E-2));
#3312=CARTESIAN_POINT('',(6.518515583350E-2,-1.222933761451E-2,
-1.387146724114E-2));
#3313=CARTESIAN_POINT('',(6.407233846874E-2,-1.091875946066E-2,
-1.238490742072E-2));
#3314=CARTESIAN_POINT('',(6.295952110397E-2,-9.608181306814E-3,
-1.089834760030E-2));
#3315=CARTESIAN_POINT('',(6.565820941874E-2,-1.852574590160E-2,
-8.717554568915E-3));
#3316=CARTESIAN_POINT('',(6.454539205397E-2,-1.673257094559E-2,
-7.873750459019E-3));
#3317=CARTESIAN_POINT('',(6.343257468921E-2,-1.493939598958E-2,
-7.029946349122E-3));
#3318=CARTESIAN_POINT('',(6.231975732445E-2,-1.314622103356E-2,
-6.186142239226E-3));
#3319=CARTESIAN_POINT('',(6.501844563921E-2,-2.046424270897E-2,
-6.431142713229E-4));
#3320=CARTESIAN_POINT('',(6.390562827445E-2,-1.848343353052E-2,
-5.808648800532E-4));
#3321=CARTESIAN_POINT('',(6.279281090969E-2,-1.650262435207E-2,
-5.186154887835E-4));
#3322=CARTESIAN_POINT('',(6.167999354492E-2,-1.452181517362E-2,
-4.563660975138E-4));
#3323=CARTESIAN_POINT('',(6.437868185968E-2,-1.903656614160E-2,
7.537109499743E-3));
#3324=CARTESIAN_POINT('',(6.326586449492E-2,-1.719394701927E-2,
6.807565001645E-3));
#3325=CARTESIAN_POINT('',(6.215304713016E-2,-1.535132789695E-2,
6.078020503547E-3));
#3326=CARTESIAN_POINT('',(6.104022976540E-2,-1.350870877462E-2,
5.348476005449E-3));
#3327=CARTESIAN_POINT('',(6.373891808016E-2,-1.447754915720E-2,
1.447754925689E-2));
#3328=CARTESIAN_POINT('',(6.262610071540E-2,-1.307621402548E-2,
1.307621411552E-2));
#3329=CARTESIAN_POINT('',(6.151328335063E-2,-1.167487889377E-2,
1.167487897416E-2));
#3330=CARTESIAN_POINT('',(6.040046598587E-2,-1.027354376205E-2,
1.027354383279E-2));
#3331=CARTESIAN_POINT('',(6.309915430063E-2,-7.537109648978E-3,
1.903656589203E-2));
#3332=CARTESIAN_POINT('',(6.198633693587E-2,-6.807565136434E-3,
1.719394679386E-2));
#3333=CARTESIAN_POINT('',(6.087351957111E-2,-6.078020623891E-3,
1.535132769569E-2));
#3334=CARTESIAN_POINT('',(5.976070220634E-2,-5.348476111348E-3,
1.350870859753E-2));
#3335=CARTESIAN_POINT('',(6.245939052111E-2,6.431147685112E-4,
2.046424360752E-2));
#3336=CARTESIAN_POINT('',(6.134657315634E-2,5.808653291169E-4,
1.848343434209E-2));
#3337=CARTESIAN_POINT('',(6.023375579158E-2,5.186158897225E-4,
1.650262507667E-2));
#3338=CARTESIAN_POINT('',(5.912093842682E-2,4.563664503281E-4,
1.452181581124E-2));
#3339=CARTESIAN_POINT('',(6.181962674158E-2,8.717552729318E-3,
1.852574255700E-2));
#3340=CARTESIAN_POINT('',(6.070680937682E-2,7.873748797483E-3,
1.673256792472E-2));
#3341=CARTESIAN_POINT('',(5.959399201205E-2,7.029944865648E-3,
1.493939329244E-2));
#3342=CARTESIAN_POINT('',(5.848117464729E-2,6.186140933813E-3,
1.314621866016E-2));
#3343=CARTESIAN_POINT('',(6.117986296205E-2,1.535803392266E-2,
1.353992824829E-2));
#3344=CARTESIAN_POINT('',(6.006704559729E-2,1.387147343814E-2,
1.222934888646E-2));
#3345=CARTESIAN_POINT('',(5.895422823253E-2,1.238491295361E-2,
1.091876952464E-2));
#3346=CARTESIAN_POINT('',(5.784141086776E-2,1.089835246908E-2,
9.608190162811E-3));
#3347=CARTESIAN_POINT('',(6.054009918252E-2,1.947226061662E-2,
6.326921004533E-3));
#3348=CARTESIAN_POINT('',(5.942728181776E-2,1.758746902657E-2,
5.714515093631E-3));
#3349=CARTESIAN_POINT('',(5.831446445300E-2,1.570267743653E-2,
5.102109182729E-3));
#3350=CARTESIAN_POINT('',(5.720164708824E-2,1.381788584648E-2,
4.489703271827E-3));
#3351=CARTESIAN_POINT('',(5.990033540300E-2,2.038348058472E-2,
-1.926806211506E-3));
#3352=CARTESIAN_POINT('',(5.878751803824E-2,1.841048866876E-2,
-1.740303564762E-3));
#3353=CARTESIAN_POINT('',(5.767470067347E-2,1.643749675280E-2,
-1.553800918017E-3));
#3354=CARTESIAN_POINT('',(5.656188330871E-2,1.446450483685E-2,
-1.367298271272E-3));
#3355=CARTESIAN_POINT('',(5.926057162347E-2,1.794180657157E-2,
-9.863591631422E-3));
#3356=CARTESIAN_POINT('',(5.814775425871E-2,1.620515324702E-2,
-8.908858387008E-3));
#3357=CARTESIAN_POINT('',(5.703493689395E-2,1.446849992247E-2,
-7.954125142594E-3));
#3358=CARTESIAN_POINT('',(5.592211952918E-2,1.273184659792E-2,
-6.999391898181E-3));
#3359=CARTESIAN_POINT('',(5.862080784394E-2,1.254887136370E-2,
-1.617790747967E-2));
#3360=CARTESIAN_POINT('',(5.750799047918E-2,1.133422003602E-2,
-1.461198842370E-2));
#3361=CARTESIAN_POINT('',(5.639517311442E-2,1.011956870834E-2,
-1.304606936774E-2));
#3362=CARTESIAN_POINT('',(5.528235574966E-2,8.904917380662E-3,
-1.148015031178E-2));
#3363=CARTESIAN_POINT('',(5.798104406441E-2,5.091762910721E-3,
-1.983110721529E-2));
#3364=CARTESIAN_POINT('',(5.686822669965E-2,4.598912486130E-3,
-1.791158154559E-2));
#3365=CARTESIAN_POINT('',(5.575540933489E-2,4.106062061539E-3,
-1.599205587589E-2));
#3366=CARTESIAN_POINT('',(5.464259197013E-2,3.613211636948E-3,
-1.407253020619E-2));
#3367=CARTESIAN_POINT('',(5.734128028489E-2,-3.202893435296E-3,
-2.022227327887E-2));
#3368=CARTESIAN_POINT('',(5.622846292012E-2,-2.892873621494E-3,
-1.826488520986E-2));
#3369=CARTESIAN_POINT('',(5.511564555536E-2,-2.582853807692E-3,
-1.630749714085E-2));
#3370=CARTESIAN_POINT('',(5.400282819060E-2,-2.272833993890E-3,
-1.435010907184E-2));
#3371=CARTESIAN_POINT('',(5.670151650536E-2,-1.097070344235E-2,
-1.728706247178E-2));
#3372=CARTESIAN_POINT('',(5.558869914060E-2,-9.908808781422E-3,
-1.561378423229E-2));
#3373=CARTESIAN_POINT('',(5.447588177583E-2,-8.846914120490E-3,
-1.394050599280E-2));
#3374=CARTESIAN_POINT('',(5.336306441107E-2,-7.785019459558E-3,
-1.226722775331E-2));
#3375=CARTESIAN_POINT('',(5.606175272583E-2,-1.693393422716E-2,
-1.150828981706E-2));
#3376=CARTESIAN_POINT('',(5.494893536107E-2,-1.529483656684E-2,
-1.039436019738E-2));
#3377=CARTESIAN_POINT('',(5.383611799631E-2,-1.365573890653E-2,
-9.280430577696E-3));
#3378=CARTESIAN_POINT('',(5.272330063154E-2,-1.201664124621E-2,
-8.166500958013E-3));
#3379=CARTESIAN_POINT('',(5.542198894630E-2,-2.011168949366E-2,
-3.836509954863E-3));
#3380=CARTESIAN_POINT('',(5.430917158154E-2,-1.816500523519E-2,
-3.465160072051E-3));
#3381=CARTESIAN_POINT('',(5.319635421678E-2,-1.621832097671E-2,
-3.093810189239E-3));
#3382=CARTESIAN_POINT('',(5.208353685202E-2,-1.427163671824E-2,
-2.722460306428E-3));
#3383=CARTESIAN_POINT('',(5.478222516677E-2,-1.998125789910E-2,
4.466340301943E-3));
#3384=CARTESIAN_POINT('',(5.366940780201E-2,-1.804719859350E-2,
4.034026827656E-3));
#3385=CARTESIAN_POINT('',(5.255659043725E-2,-1.611313928789E-2,
3.601713353369E-3));
#3386=CARTESIAN_POINT('',(5.144377307249E-2,-1.417907998228E-2,
3.169399879082E-3));
#3387=CARTESIAN_POINT('',(5.414246138725E-2,-1.656409423412E-2,
1.203451889884E-2));
#3388=CARTESIAN_POINT('',(5.302964402248E-2,-1.496079474446E-2,
1.086965363448E-2));
#3389=CARTESIAN_POINT('',(5.191682665772E-2,-1.335749525479E-2,
9.704788370125E-3));
#3390=CARTESIAN_POINT('',(5.080400929296E-2,-1.175419576513E-2,
8.539923105768E-3));
#3391=CARTESIAN_POINT('',(5.350269760772E-2,-1.042229030816E-2,
1.762313047264E-2));
#3392=CARTESIAN_POINT('',(5.238988024296E-2,-9.413478567774E-3,
1.591732297760E-2));
#3393=CARTESIAN_POINT('',(5.127706287819E-2,-8.404666827391E-3,
1.421151548257E-2));
#3394=CARTESIAN_POINT('',(5.016424551343E-2,-7.395855087007E-3,
1.250570798753E-2));
#3395=CARTESIAN_POINT('',(5.286293382819E-2,-2.566116046951E-3,
2.031290012177E-2));
#3396=CARTESIAN_POINT('',(5.175011646343E-2,-2.317732254252E-3,
1.834673994793E-2));
#3397=CARTESIAN_POINT('',(5.063729909866E-2,-2.069348461553E-3,
1.638057977409E-2));
#3398=CARTESIAN_POINT('',(4.952448173390E-2,-1.820964668854E-3,
1.441441960025E-2));
#3399=CARTESIAN_POINT('',(5.222317004866E-2,5.712160563895E-3,
1.966138562298E-2));
#3400=CARTESIAN_POINT('',(5.111035268390E-2,5.159259572901E-3,
1.775828792927E-2));
#3401=CARTESIAN_POINT('',(4.999753531914E-2,4.606358581906E-3,
1.585519023555E-2));
#3402=CARTESIAN_POINT('',(4.888471795437E-2,4.053457590911E-3,
1.395209254184E-2));
#3403=CARTESIAN_POINT('',(5.158340626913E-2,1.305083960728E-2,
1.577575508394E-2));
#3404=CARTESIAN_POINT('',(5.047058890437E-2,1.178760093052E-2,
1.424876183470E-2));
#3405=CARTESIAN_POINT('',(4.935777153961E-2,1.052436225376E-2,
1.272176858547E-2));
#3406=CARTESIAN_POINT('',(4.824495417484E-2,9.261123577001E-3,
1.119477533624E-2));
#3407=CARTESIAN_POINT('',(5.094364248960E-2,1.824277627339E-2,
9.295158780902E-3));
#3408=CARTESIAN_POINT('',(4.983082512484E-2,1.647699098651E-2,
8.395446238875E-3));
#3409=CARTESIAN_POINT('',(4.871800776008E-2,1.471120569962E-2,
7.495733696847E-3));
#3410=CARTESIAN_POINT('',(4.760519039532E-2,1.294542041274E-2,
6.596021154819E-3));
#3411=CARTESIAN_POINT('',(5.030387871007E-2,2.043394501318E-2,
1.285594851348E-3));
#3412=CARTESIAN_POINT('',(4.919106134531E-2,1.845606845993E-2,
1.161157406116E-3));
#3413=CARTESIAN_POINT('',(4.807824398055E-2,1.647819190668E-2,
1.036719960883E-3));
#3414=CARTESIAN_POINT('',(4.696542661579E-2,1.450031535343E-2,
9.122825156511E-4));
#3415=CARTESIAN_POINT('',(4.966411493054E-2,1.926391884024E-2,
-6.935437537742E-3));
#3416=CARTESIAN_POINT('',(4.855129756578E-2,1.739929341558E-2,
-6.264131077655E-3));
#3417=CARTESIAN_POINT('',(4.743848020102E-2,1.553466799091E-2,
-5.592824617567E-3));
#3418=CARTESIAN_POINT('',(4.632566283626E-2,1.367004256625E-2,
-4.921518157480E-3));
#3419=CARTESIAN_POINT('',(4.902435115102E-2,1.492515623569E-2,
-1.401565461416E-2));
#3420=CARTESIAN_POINT('',(4.791153378625E-2,1.348049557163E-2,
-1.265902795093E-2));
#3421=CARTESIAN_POINT('',(4.679871642149E-2,1.203583490757E-2,
-1.130240128771E-2));
#3422=CARTESIAN_POINT('',(4.568589905673E-2,1.059117424351E-2,
-9.945774624483E-3));
#3423=CARTESIAN_POINT('',(4.838458737149E-2,8.131343508492E-3,
-1.879042617053E-2));
#3424=CARTESIAN_POINT('',(4.727177000672E-2,7.344280919184E-3,
-1.697163183962E-2));
#3425=CARTESIAN_POINT('',(4.615895264196E-2,6.557218329876E-3,
-1.515283750870E-2));
#3426=CARTESIAN_POINT('',(4.504613527720E-2,5.770155740568E-3,
-1.333404317778E-2));
#3427=CARTESIAN_POINT('',(4.774482359196E-2,1.964032235457E-13,
-2.047434645900E-2));
#3428=CARTESIAN_POINT('',(4.663200622720E-2,1.773919552917E-13,
-1.849255930150E-2));
#3429=CARTESIAN_POINT('',(4.551918886243E-2,1.583809038780E-13,
-1.651077214399E-2));
#3430=CARTESIAN_POINT('',(4.440637149767E-2,1.393700693048E-13,
-1.452898498648E-2));
#3431=CARTESIAN_POINT('',(4.710505981243E-2,-8.131343508132E-3,
-1.879042617069E-2));
#3432=CARTESIAN_POINT('',(4.599224244767E-2,-7.344280918859E-3,
-1.697163183976E-2));
#3433=CARTESIAN_POINT('',(4.487942508290E-2,-6.557218329586E-3,
-1.515283750882E-2));
#3434=CARTESIAN_POINT('',(4.376660771814E-2,-5.770155740312E-3,
-1.333404317789E-2));
#3435=CARTESIAN_POINT('',(4.646529603290E-2,-1.492515623543E-2,
-1.401565461445E-2));
#3436=CARTESIAN_POINT('',(4.535247866814E-2,-1.348049557139E-2,
-1.265902795119E-2));
#3437=CARTESIAN_POINT('',(4.423966130338E-2,-1.203583490735E-2,
-1.130240128794E-2));
#3438=CARTESIAN_POINT('',(4.312684393861E-2,-1.059117424332E-2,
-9.945774624685E-3));
#3439=CARTESIAN_POINT('',(4.582553225337E-2,-1.926391884011E-2,
-6.935437538108E-3));
#3440=CARTESIAN_POINT('',(4.471271488861E-2,-1.739929341546E-2,
-6.264131077986E-3));
#3441=CARTESIAN_POINT('',(4.359989752385E-2,-1.553466799080E-2,
-5.592824617863E-3));
#3442=CARTESIAN_POINT('',(4.248708015908E-2,-1.367004256615E-2,
-4.921518157740E-3));
#3443=CARTESIAN_POINT('',(4.518576847384E-2,-2.043394501320E-2,
1.285594850962E-3));
#3444=CARTESIAN_POINT('',(4.407295110908E-2,-1.845606845995E-2,
1.161157405767E-3));
#3445=CARTESIAN_POINT('',(4.296013374432E-2,-1.647819190670E-2,
1.036719960572E-3));
#3446=CARTESIAN_POINT('',(4.184731637955E-2,-1.450031535345E-2,
9.122825153772E-4));
#3447=CARTESIAN_POINT('',(4.454600469431E-2,-1.824277627357E-2,
9.295158780561E-3));
#3448=CARTESIAN_POINT('',(4.343318732955E-2,-1.647699098667E-2,
8.395446238566E-3));
#3449=CARTESIAN_POINT('',(4.232036996479E-2,-1.471120569976E-2,
7.495733696572E-3));
#3450=CARTESIAN_POINT('',(4.120755260003E-2,-1.294542041286E-2,
6.596021154577E-3));
#3451=CARTESIAN_POINT('',(4.390624091478E-2,-1.305083960757E-2,
1.577575508369E-2));
#3452=CARTESIAN_POINT('',(4.279342355002E-2,-1.178760093079E-2,
1.424876183449E-2));
#3453=CARTESIAN_POINT('',(4.168060618526E-2,-1.052436225400E-2,
1.272176858528E-2));
#3454=CARTESIAN_POINT('',(4.056778882050E-2,-9.261123577208E-3,
1.119477533607E-2));
#3455=CARTESIAN_POINT('',(4.326647713526E-2,-5.712160564255E-3,
1.966138562288E-2));
#3456=CARTESIAN_POINT('',(4.215365977049E-2,-5.159259573225E-3,
1.775828792917E-2));
#3457=CARTESIAN_POINT('',(4.104084240573E-2,-4.606358582196E-3,
1.585519023547E-2));
#3458=CARTESIAN_POINT('',(3.992802504097E-2,-4.053457591167E-3,
1.395209254177E-2));
#3459=CARTESIAN_POINT('',(4.262671335573E-2,2.566116046585E-3,
2.031290012181E-2));
#3460=CARTESIAN_POINT('',(4.151389599096E-2,2.317732253922E-3,
1.834673994797E-2));
#3461=CARTESIAN_POINT('',(4.040107862620E-2,2.069348461258E-3,
1.638057977413E-2));
#3462=CARTESIAN_POINT('',(3.928826126144E-2,1.820964668594E-3,
1.441441960029E-2));
#3463=CARTESIAN_POINT('',(4.198694957620E-2,1.042229030785E-2,
1.762313047283E-2));
#3464=CARTESIAN_POINT('',(4.087413221144E-2,9.413478567493E-3,
1.591732297777E-2));
#3465=CARTESIAN_POINT('',(3.976131484667E-2,8.404666827140E-3,
1.421151548272E-2));
#3466=CARTESIAN_POINT('',(3.864849748191E-2,7.395855086786E-3,
1.250570798766E-2));
#3467=CARTESIAN_POINT('',(4.134718579667E-2,1.656409423391E-2,
1.203451889913E-2));
#3468=CARTESIAN_POINT('',(4.023436843191E-2,1.496079474427E-2,
1.086965363474E-2));
#3469=CARTESIAN_POINT('',(3.912155106714E-2,1.335749525462E-2,
9.704788370357E-3));
#3470=CARTESIAN_POINT('',(3.800873370238E-2,1.175419576498E-2,
8.539923105972E-3));
#3471=CARTESIAN_POINT('',(4.070742201714E-2,1.998125789903E-2,
4.466340302282E-3));
#3472=CARTESIAN_POINT('',(3.959460465238E-2,1.804719859343E-2,
4.034026827962E-3));
#3473=CARTESIAN_POINT('',(3.848178728762E-2,1.611313928783E-2,
3.601713353642E-3));
#3474=CARTESIAN_POINT('',(3.736896992285E-2,1.417907998223E-2,
3.169399879322E-3));
#3475=CARTESIAN_POINT('',(4.006765823761E-2,2.011168949373E-2,
-3.836509954532E-3));
#3476=CARTESIAN_POINT('',(3.895484087285E-2,1.816500523525E-2,
-3.465160071752E-3));
#3477=CARTESIAN_POINT('',(3.784202350809E-2,1.621832097676E-2,
-3.093810188972E-3));
#3478=CARTESIAN_POINT('',(3.672920614333E-2,1.427163671828E-2,
-2.722460306193E-3));
#3479=CARTESIAN_POINT('',(3.942789445808E-2,1.693393422735E-2,
-1.150828981679E-2));
#3480=CARTESIAN_POINT('',(3.831507709332E-2,1.529483656701E-2,
-1.039436019713E-2));
#3481=CARTESIAN_POINT('',(3.720225972856E-2,1.365573890668E-2,
-9.280430577478E-3));
#3482=CARTESIAN_POINT('',(3.608944236380E-2,1.201664124634E-2,
-8.166500957821E-3));
#3483=CARTESIAN_POINT('',(3.878813067856E-2,1.097070344262E-2,
-1.728706247161E-2));
#3484=CARTESIAN_POINT('',(3.767531331379E-2,9.908808781665E-3,
-1.561378423214E-2));
#3485=CARTESIAN_POINT('',(3.656249594903E-2,8.846914120707E-3,
-1.394050599267E-2));
#3486=CARTESIAN_POINT('',(3.544967858427E-2,7.785019459749E-3,
-1.226722775319E-2));
#3487=CARTESIAN_POINT('',(3.814836689903E-2,3.202893435599E-3,
-2.022227327883E-2));
#3488=CARTESIAN_POINT('',(3.703554953427E-2,2.892873621768E-3,
-1.826488520982E-2));
#3489=CARTESIAN_POINT('',(3.592273216950E-2,2.582853807937E-3,
-1.630749714081E-2));
#3490=CARTESIAN_POINT('',(3.480991480474E-2,2.272833994105E-3,
-1.435010907180E-2));
#3491=CARTESIAN_POINT('',(3.750860311950E-2,-5.091762910436E-3,
-1.983110721536E-2));
#3492=CARTESIAN_POINT('',(3.639578575474E-2,-4.598912485872E-3,
-1.791158154566E-2));
#3493=CARTESIAN_POINT('',(3.528296838998E-2,-4.106062061309E-3,
-1.599205587595E-2));
#3494=CARTESIAN_POINT('',(3.417015102521E-2,-3.613211636746E-3,
-1.407253020624E-2));
#3495=CARTESIAN_POINT('',(3.686883933997E-2,-1.254887136348E-2,
-1.617790747984E-2));
#3496=CARTESIAN_POINT('',(3.575602197521E-2,-1.133422003582E-2,
-1.461198842386E-2));
#3497=CARTESIAN_POINT('',(3.464320461045E-2,-1.011956870816E-2,
-1.304606936788E-2));
#3498=CARTESIAN_POINT('',(3.353038724569E-2,-8.904917380505E-3,
-1.148015031190E-2));
#3499=CARTESIAN_POINT('',(3.622907556045E-2,-1.794180657144E-2,
-9.863591631658E-3));
#3500=CARTESIAN_POINT('',(3.511625819568E-2,-1.620515324691E-2,
-8.908858387221E-3));
#3501=CARTESIAN_POINT('',(3.400344083092E-2,-1.446849992237E-2,
-7.954125142785E-3));
#3502=CARTESIAN_POINT('',(3.289062346616E-2,-1.273184659783E-2,
-6.999391898348E-3));
#3503=CARTESIAN_POINT('',(3.558931178092E-2,-2.038348058470E-2,
-1.926806211759E-3));
#3504=CARTESIAN_POINT('',(3.447649441616E-2,-1.841048866874E-2,
-1.740303564990E-3));
#3505=CARTESIAN_POINT('',(3.336367705139E-2,-1.643749675279E-2,
-1.553800918221E-3));
#3506=CARTESIAN_POINT('',(3.225085968663E-2,-1.446450483683E-2,
-1.367298271452E-3));
#3507=CARTESIAN_POINT('',(3.494954800139E-2,-1.947226061670E-2,
6.326921004306E-3));
#3508=CARTESIAN_POINT('',(3.383673063663E-2,-1.758746902664E-2,
5.714515093426E-3));
#3509=CARTESIAN_POINT('',(3.272391327187E-2,-1.570267743659E-2,
5.102109182546E-3));
#3510=CARTESIAN_POINT('',(3.161109590710E-2,-1.381788584653E-2,
4.489703271666E-3));
#3511=CARTESIAN_POINT('',(3.430978422186E-2,-1.535803392281E-2,
1.353992824812E-2));
#3512=CARTESIAN_POINT('',(3.319696685710E-2,-1.387147343827E-2,
1.222934888631E-2));
#3513=CARTESIAN_POINT('',(3.208414949234E-2,-1.238491295373E-2,
1.091876952450E-2));
#3514=CARTESIAN_POINT('',(3.097133212758E-2,-1.089835246918E-2,
9.608190162693E-3));
#3515=CARTESIAN_POINT('',(3.367002044234E-2,-8.717552729507E-3,
1.852574255691E-2));
#3516=CARTESIAN_POINT('',(3.255720307757E-2,-7.873748797653E-3,
1.673256792464E-2));
#3517=CARTESIAN_POINT('',(3.144438571281E-2,-7.029944865800E-3,
1.493939329237E-2));
#3518=CARTESIAN_POINT('',(3.033156834805E-2,-6.186140933947E-3,
1.314621866010E-2));
#3519=CARTESIAN_POINT('',(3.303025666281E-2,-6.431147687010E-4,
2.046424360751E-2));
#3520=CARTESIAN_POINT('',(3.191743929805E-2,-5.808653292883E-4,
1.848343434209E-2));
#3521=CARTESIAN_POINT('',(3.080462193329E-2,-5.186158898756E-4,
1.650262507667E-2));
#3522=CARTESIAN_POINT('',(2.969180456852E-2,-4.563664504629E-4,
1.452181581124E-2));
#3523=CARTESIAN_POINT('',(3.239049288328E-2,7.537109648819E-3,
1.903656589210E-2));
#3524=CARTESIAN_POINT('',(3.127767551852E-2,6.807565136291E-3,
1.719394679392E-2));
#3525=CARTESIAN_POINT('',(3.016485815376E-2,6.078020623763E-3,
1.535132769575E-2));
#3526=CARTESIAN_POINT('',(2.905204078900E-2,5.348476111236E-3,
1.350870859757E-2));
#3527=CARTESIAN_POINT('',(3.175072910376E-2,1.447754915709E-2,
1.447754925700E-2));
#3528=CARTESIAN_POINT('',(3.063791173899E-2,1.307621402539E-2,
1.307621411562E-2));
#3529=CARTESIAN_POINT('',(2.952509437423E-2,1.167487889368E-2,
1.167487897425E-2));
#3530=CARTESIAN_POINT('',(2.841227700947E-2,1.027354376198E-2,
1.027354383287E-2));
#3531=CARTESIAN_POINT('',(3.111096532423E-2,1.903656614155E-2,
7.537109499868E-3));
#3532=CARTESIAN_POINT('',(2.999814795947E-2,1.719394701923E-2,
6.807565001758E-3));
#3533=CARTESIAN_POINT('',(2.888533059471E-2,1.535132789691E-2,
6.078020503648E-3));
#3534=CARTESIAN_POINT('',(2.777251322994E-2,1.350870877459E-2,
5.348476005537E-3));
#3535=CARTESIAN_POINT('',(3.047120154471E-2,2.046424270898E-2,
-6.431142712102E-4));
#3536=CARTESIAN_POINT('',(2.935838417994E-2,1.848343353053E-2,
-5.808648799514E-4));
#3537=CARTESIAN_POINT('',(2.824556681518E-2,1.650262435208E-2,
-5.186154886927E-4));
#3538=CARTESIAN_POINT('',(2.713274945042E-2,1.452181517363E-2,
-4.563660974339E-4));
#3539=CARTESIAN_POINT('',(2.983143776518E-2,1.852574590165E-2,
-8.717554568833E-3));
#3540=CARTESIAN_POINT('',(2.871862040042E-2,1.673257094563E-2,
-7.873750458945E-3));
#3541=CARTESIAN_POINT('',(2.760580303566E-2,1.493939598961E-2,
-7.029946349056E-3));
#3542=CARTESIAN_POINT('',(2.649298567089E-2,1.314622103359E-2,
-6.186142239168E-3));
#3543=CARTESIAN_POINT('',(2.919167398565E-2,1.353991576841E-2,
-1.535802706151E-2));
#3544=CARTESIAN_POINT('',(2.807885662089E-2,1.222933761456E-2,
-1.387146724110E-2));
#3545=CARTESIAN_POINT('',(2.696603925613E-2,1.091875946070E-2,
-1.238490742069E-2));
#3546=CARTESIAN_POINT('',(2.585322189137E-2,9.608181306853E-3,
-1.089834760027E-2));
#3547=CARTESIAN_POINT('',(2.860112788634E-2,6.881867041970E-3,
-1.915577206724E-2));
#3548=CARTESIAN_POINT('',(2.748831052157E-2,6.215745866832E-3,
-1.730161456575E-2));
#3549=CARTESIAN_POINT('',(2.637549315681E-2,5.549624691694E-3,
-1.544745706427E-2));
#3550=CARTESIAN_POINT('',(2.526267579205E-2,4.883503516556E-3,
-1.359329956278E-2));
#3551=CARTESIAN_POINT('',(2.813873892607E-2,1.003152675350E-3,
-2.008142078262E-2));
#3552=CARTESIAN_POINT('',(2.702592156131E-2,9.060538452112E-4,
-1.813766634381E-2));
#3553=CARTESIAN_POINT('',(2.591310419655E-2,8.089550150723E-4,
-1.619391190499E-2));
#3554=CARTESIAN_POINT('',(2.480028683179E-2,7.118561849333E-4,
-1.425015746618E-2));
#3555=CARTESIAN_POINT('',(2.788960455899E-2,-2.163301047338E-3,
-1.982544550397E-2));
#3556=CARTESIAN_POINT('',(2.677678719423E-2,-1.953907197233E-3,
-1.790646785209E-2));
#3557=CARTESIAN_POINT('',(2.566396982946E-2,-1.744513347128E-3,
-1.598749020022E-2));
#3558=CARTESIAN_POINT('',(2.455115246470E-2,-1.535119497023E-3,
-1.406851254834E-2));
#3559=CARTESIAN_POINT('',(2.780450710487E-2,-3.230367551792E-3,
-1.964837801067E-2));
#3560=CARTESIAN_POINT('',(2.669168974011E-2,-2.917688417394E-3,
-1.774653937151E-2));
#3561=CARTESIAN_POINT('',(2.557887237535E-2,-2.605009282996E-3,
-1.584470073234E-2));
#3562=CARTESIAN_POINT('',(2.446605501058E-2,-2.292330148597E-3,
-1.394286209318E-2));
#3563=B_SPLINE_SURFACE_WITH_KNOTS('',3,3,((#3295,#3296,#3297,#3298),(#3299,
#3300,#3301,#3302),(#3303,#3304,#3305,#3306),(#3307,#3308,#3309,#3310),(#3311,
#3312,#3313,#3314),(#3315,#3316,#3317,#3318),(#3319,#3320,#3321,#3322),(#3323,
#3324,#3325,#3326),(#3327,#3328,#3329,#3330),(#3331,#3332,#3333,#3334),(#3335,
#3336,#3337,#3338),(#3339,#3340,#3341,#3342),(#3343,#3344,#3345,#3346),(#3347,
#3348,#3349,#3350),(#3351,#3352,#3353,#3354),(#3355,#3356,#3357,#3358),(#3359,
#3360,#3361,#3362),(#3363,#3364,#3365,#3366),(#3367,#3368,#3369,#3370),(#3371,
#3372,#3373,#3374),(#3375,#3376,#3377,#3378),(#3379,#3380,#3381,#3382),(#3383,
#3384,#3385,#3386),(#3387,#3388,#3389,#3390),(#3391,#3392,#3393,#3394),(#3395,
#3396,#3397,#3398),(#3399,#3400,#3401,#3402),(#3403,#3404,#3405,#3406),(#3407,
#3408,#3409,#3410),(#3411,#3412,#3413,#3414),(#3415,#3416,#3417,#3418),(#3419,
#3420,#3421,#3422),(#3423,#3424,#3425,#3426),(#3427,#3428,#3429,#3430),(#3431,
#3432,#3433,#3434),(#3435,#3436,#3437,#3438),(#3439,#3440,#3441,#3442),(#3443,
#3444,#3445,#3446),(#3447,#3448,#3449,#3450),(#3451,#3452,#3453,#3454),(#3455,
#3456,#3457,#3458),(#3459,#3460,#3461,#3462),(#3463,#3464,#3465,#3466),(#3467,
#3468,#3469,#3470),(#3471,#3472,#3473,#3474),(#3475,#3476,#3477,#3478),(#3479,
#3480,#3481,#3482),(#3483,#3484,#3485,#3486),(#3487,#3488,#3489,#3490),(#3491,
#3492,#3493,#3494),(#3495,#3496,#3497,#3498),(#3499,#3500,#3501,#3502),(#3503,
#3504,#3505,#3506),(#3507,#3508,#3509,#3510),(#3511,#3512,#3513,#3514),(#3515,
#3516,#3517,#3518),(#3519,#3520,#3521,#3522),(#3523,#3524,#3525,#3526),(#3527,
#3528,#3529,#3530),(#3531,#3532,#3533,#3534),(#3535,#3536,#3537,#3538),(#3539,
#3540,#3541,#3542),(#3543,#3544,#3545,#3546),(#3547,#3548,#3549,#3550),(#3551,
#3552,#3553,#3554),(#3555,#3556,#3557,#3558),(#3559,#3560,#3561,#3562)),
.UNSPECIFIED.,.F.,.F.,.F.,(4,1,1,1,1,1,1,1,1,1,1,1,1,1,1,1,1,1,1,1,1,1,1,1,1,1,
1,1,1,1,1,1,1,1,1,1,1,1,1,1,1,1,1,1,1,1,1,1,1,1,1,1,1,1,1,1,1,1,1,1,1,1,1,1,4),(
4,4),(-6.484433022544E-3,0.E0,1.249949572788E-2,2.874951039820E-2,
4.499952506852E-2,6.124953973884E-2,7.749955440916E-2,9.374956907949E-2,
1.099995837498E-1,1.262495984201E-1,1.424996130905E-1,1.587496277608E-1,
1.749996424311E-1,1.912496571014E-1,2.074996717717E-1,2.237496864421E-1,
2.399997011124E-1,2.562497157827E-1,2.724997304530E-1,2.887497451234E-1,
3.049997597937E-1,3.212497744640E-1,3.374997891343E-1,3.537498038046E-1,
3.699998184750E-1,3.862498331453E-1,4.024998478156E-1,4.187498624859E-1,
4.349998771563E-1,4.512498918266E-1,4.674999064969E-1,4.837499211672E-1,
4.999999358375E-1,5.162499505079E-1,5.324999651782E-1,5.487499798485E-1,
5.649999945188E-1,5.812500091892E-1,5.975000238595E-1,6.137500385298E-1,
6.300000532001E-1,6.462500678704E-1,6.625000825408E-1,6.787500972111E-1,
6.950001118814E-1,7.112501265517E-1,7.275001412221E-1,7.437501558924E-1,
7.600001705627E-1,7.762501852330E-1,7.925001999033E-1,8.087502145737E-1,
8.250002292440E-1,8.412502439143E-1,8.575002585846E-1,8.737502732549E-1,
8.900002879253E-1,9.062503025956E-1,9.225003172659E-1,9.387503319362E-1,
9.550003466066E-1,9.712503612769E-1,9.875003759472E-1,1.E0,1.006484431858E0),(
-2.192070425132E-2,1.021731267827E0),.UNSPECIFIED.);
#3564=ORIENTED_EDGE('',*,*,#3279,.T.);
#3565=ORIENTED_EDGE('',*,*,#3261,.T.);
#3567=ORIENTED_EDGE('',*,*,#3566,.T.);
#3569=ORIENTED_EDGE('',*,*,#3568,.T.);
#3571=ORIENTED_EDGE('',*,*,#3570,.T.);
#3573=ORIENTED_EDGE('',*,*,#3572,.T.);
#3575=ORIENTED_EDGE('',*,*,#3574,.T.);
#3577=ORIENTED_EDGE('',*,*,#3576,.T.);
#3579=ORIENTED_EDGE('',*,*,#3578,.T.);
#3581=ORIENTED_EDGE('',*,*,#3580,.T.);
#3583=ORIENTED_EDGE('',*,*,#3582,.T.);
#3585=ORIENTED_EDGE('',*,*,#3584,.T.);
#3586=EDGE_LOOP('',(#3564,#3565,#3567,#3569,#3571,#3573,#3575,#3577,#3579,#3581,
#3583,#3585));
#3587=FACE_OUTER_BOUND('',#3586,.F.);
#3589=FILL_AREA_STYLE_COLOUR('',#50);
#3590=FILL_AREA_STYLE('',(#3589));
#3591=SURFACE_STYLE_FILL_AREA(#3590);
#3592=SURFACE_SIDE_STYLE('',(#3591));
#3593=SURFACE_STYLE_USAGE(.BOTH.,#3592);
#3594=PRESENTATION_STYLE_ASSIGNMENT((#3593));
#3595=OVER_RIDING_STYLED_ITEM('',(#3594),#3588,#119);
#3596=CARTESIAN_POINT('',(9.598205799528E-2,-1.160930495895E-2,
-1.617682751158E-2));
#3597=CARTESIAN_POINT('',(9.486926883391E-2,-1.048560014205E-2,
-1.461101637463E-2));
#3598=CARTESIAN_POINT('',(9.375647967254E-2,-9.361895325147E-3,
-1.304520523768E-2));
#3599=CARTESIAN_POINT('',(9.264369051117E-2,-8.238190508246E-3,
-1.147939410074E-2));
#3600=CARTESIAN_POINT('',(9.589698409876E-2,-1.248892424911E-2,
-1.554754171900E-2));
#3601=CARTESIAN_POINT('',(9.478419493739E-2,-1.128007803599E-2,
-1.404264133242E-2));
#3602=CARTESIAN_POINT('',(9.367140577601E-2,-1.007123182286E-2,
-1.253774094584E-2));
#3603=CARTESIAN_POINT('',(9.255861661464E-2,-8.862385609739E-3,
-1.103284055927E-2));
#3604=CARTESIAN_POINT('',(9.569400642763E-2,-1.446145398371E-2,
-1.387135372375E-2));
#3605=CARTESIAN_POINT('',(9.458121726626E-2,-1.306167978893E-2,
-1.252869737598E-2));
#3606=CARTESIAN_POINT('',(9.346842810488E-2,-1.166190559415E-2,
-1.118604102821E-2));
#3607=CARTESIAN_POINT('',(9.235563894351E-2,-1.026213139937E-2,
-9.843384680445E-3));
#3608=CARTESIAN_POINT('',(9.533775201765E-2,-1.730175764427E-2,
-1.030703473504E-2));
#3609=CARTESIAN_POINT('',(9.422496285628E-2,-1.562706062541E-2,
-9.309381161405E-3));
#3610=CARTESIAN_POINT('',(9.311217369491E-2,-1.395236360656E-2,
-8.311727587769E-3));
#3611=CARTESIAN_POINT('',(9.199938453354E-2,-1.227766658771E-2,
-7.314074014132E-3));
#3612=CARTESIAN_POINT('',(9.491329476536E-2,-1.948986559716E-2,
-5.311265052142E-3));
#3613=CARTESIAN_POINT('',(9.380050560398E-2,-1.760337403460E-2,
-4.797169320827E-3));
#3614=CARTESIAN_POINT('',(9.268771644261E-2,-1.571688247203E-2,
-4.283073589512E-3));
#3615=CARTESIAN_POINT('',(9.157492728124E-2,-1.383039090947E-2,
-3.768977858197E-3));
#3616=CARTESIAN_POINT('',(9.445346454882E-2,-2.019297490695E-2,
5.552235266693E-4));
#3617=CARTESIAN_POINT('',(9.334067538745E-2,-1.823842696022E-2,
5.014815194103E-4));
#3618=CARTESIAN_POINT('',(9.222788622608E-2,-1.628387901349E-2,
4.477395121514E-4));
#3619=CARTESIAN_POINT('',(9.111509706470E-2,-1.432933106675E-2,
3.939975048924E-4));
#3620=CARTESIAN_POINT('',(9.399363433229E-2,-1.916856568544E-2,
6.374210813777E-3));
#3621=CARTESIAN_POINT('',(9.288084517091E-2,-1.731317385363E-2,
5.757228882411E-3));
#3622=CARTESIAN_POINT('',(9.176805600954E-2,-1.545778202182E-2,
5.140246951046E-3));
#3623=CARTESIAN_POINT('',(9.065526684817E-2,-1.360239019001E-2,
4.523265019680E-3));
#3624=CARTESIAN_POINT('',(9.353380411575E-2,-1.650428138160E-2,
1.164788306447E-2));
#3625=CARTESIAN_POINT('',(9.242101495438E-2,-1.490677485097E-2,
1.052044413918E-2));
#3626=CARTESIAN_POINT('',(9.130822579301E-2,-1.330926832034E-2,
9.393005213894E-3));
#3627=CARTESIAN_POINT('',(9.019543663163E-2,-1.171176178971E-2,
8.265566288608E-3));
#3628=CARTESIAN_POINT('',(9.307397389922E-2,-1.242805093149E-2,
1.592507555044E-2));
#3629=CARTESIAN_POINT('',(9.196118473784E-2,-1.122509685751E-2,
1.438363235735E-2));
#3630=CARTESIAN_POINT('',(9.084839557647E-2,-1.002214278354E-2,
1.284218916425E-2));
#3631=CARTESIAN_POINT('',(8.973560641510E-2,-8.819188709560E-3,
1.130074597116E-2));
#3632=CARTESIAN_POINT('',(9.261414368268E-2,-7.288597340363E-3,
1.883987342472E-2));
#3633=CARTESIAN_POINT('',(9.150135452131E-2,-6.583108771600E-3,
1.701629685472E-2));
#3634=CARTESIAN_POINT('',(9.038856535993E-2,-5.877620202837E-3,
1.519272028471E-2));
#3635=CARTESIAN_POINT('',(8.927577619856E-2,-5.172131634075E-3,
1.336914371471E-2));
#3636=CARTESIAN_POINT('',(9.215431346614E-2,-1.525602198043E-3,
2.014291487486E-2));
#3637=CARTESIAN_POINT('',(9.104152430477E-2,-1.377933879856E-3,
1.819321241193E-2));
#3638=CARTESIAN_POINT('',(8.992873514340E-2,-1.230265561668E-3,
1.624350994901E-2));
#3639=CARTESIAN_POINT('',(8.881594598202E-2,-1.082597243480E-3,
1.429380748608E-2));
#3640=CARTESIAN_POINT('',(9.169448324961E-2,4.367908631530E-3,
1.972272435366E-2));
#3641=CARTESIAN_POINT('',(9.058169408823E-2,3.945123633945E-3,
1.781369358593E-2));
#3642=CARTESIAN_POINT('',(8.946890492686E-2,3.522338636360E-3,
1.590466281820E-2));
#3643=CARTESIAN_POINT('',(8.835611576549E-2,3.099553638775E-3,
1.399563205047E-2));
#3644=CARTESIAN_POINT('',(9.123465303307E-2,9.887743663436E-3,
1.761524927409E-2));
#3645=CARTESIAN_POINT('',(9.012186387170E-2,8.930674724152E-3,
1.591020831512E-2));
#3646=CARTESIAN_POINT('',(8.900907471033E-2,7.973605784868E-3,
1.420516735614E-2));
#3647=CARTESIAN_POINT('',(8.789628554895E-2,7.016536845584E-3,
1.250012639717E-2));
#3648=CARTESIAN_POINT('',(9.077482281654E-2,1.456167947257E-2,
1.400078471657E-2));
#3649=CARTESIAN_POINT('',(8.966203365516E-2,1.315220410575E-2,
1.264560029493E-2));
#3650=CARTESIAN_POINT('',(8.854924449379E-2,1.174272873894E-2,
1.129041587329E-2));
#3651=CARTESIAN_POINT('',(8.743645533242E-2,1.033325337212E-2,
9.935231451658E-3));
#3652=CARTESIAN_POINT('',(9.03149926E-2,1.798985955008E-2,9.188549129770E-3));
#3653=CARTESIAN_POINT('',(8.920220343863E-2,1.624855876565E-2,
8.299157649922E-3));
#3654=CARTESIAN_POINT('',(8.808941427725E-2,1.450725798121E-2,
7.409766170073E-3));
#3655=CARTESIAN_POINT('',(8.697662511588E-2,1.276595719677E-2,
6.520374690224E-3));
#3656=CARTESIAN_POINT('',(8.985516238346E-2,1.987900213608E-2,
3.590230607554E-3));
#3657=CARTESIAN_POINT('',(8.874237322209E-2,1.795484470078E-2,
3.242719758131E-3));
#3658=CARTESIAN_POINT('',(8.762958406072E-2,1.603068726547E-2,
2.895208908708E-3));
#3659=CARTESIAN_POINT('',(8.651679489934E-2,1.410652983016E-2,
2.547698059285E-3));
#3660=CARTESIAN_POINT('',(8.939533216693E-2,2.006749055657E-2,
-2.315233142384E-3));
#3661=CARTESIAN_POINT('',(8.828254300555E-2,1.812508867453E-2,
-2.091133711493E-3));
#3662=CARTESIAN_POINT('',(8.716975384418E-2,1.618268679248E-2,
-1.867034280601E-3));
#3663=CARTESIAN_POINT('',(8.605696468281E-2,1.424028491043E-2,
-1.642934849710E-3));
#3664=CARTESIAN_POINT('',(8.893550195039E-2,1.853919957472E-2,
-8.022628052609E-3));
#3665=CARTESIAN_POINT('',(8.782271278902E-2,1.674472626755E-2,
-7.246090110088E-3));
#3666=CARTESIAN_POINT('',(8.670992362765E-2,1.495025296038E-2,
-6.469552167567E-3));
#3667=CARTESIAN_POINT('',(8.559713446627E-2,1.315577965322E-2,
-5.693014225046E-3));
#3668=CARTESIAN_POINT('',(8.847567173386E-2,1.542487490937E-2,
-1.304368490006E-2));
#3669=CARTESIAN_POINT('',(8.736288257248E-2,1.393184786796E-2,
-1.178114148302E-2));
#3670=CARTESIAN_POINT('',(8.625009341111E-2,1.243882082654E-2,
-1.051859806598E-2));
#3671=CARTESIAN_POINT('',(8.513730424974E-2,1.094579378513E-2,
-9.256054648936E-3));
#3672=CARTESIAN_POINT('',(8.801584151732E-2,1.099094790244E-2,
-1.694885087395E-2));
#3673=CARTESIAN_POINT('',(8.690305235595E-2,9.927096005715E-3,
-1.530831292312E-2));
#3674=CARTESIAN_POINT('',(8.579026319457E-2,8.863244108986E-3,
-1.366777497228E-2));
#3675=CARTESIAN_POINT('',(8.467747403320E-2,7.799392212257E-3,
-1.202723702144E-2));
#3676=CARTESIAN_POINT('',(8.755601130078E-2,5.616742243433E-3,
-1.940403793834E-2));
#3677=CARTESIAN_POINT('',(8.644322213941E-2,5.073078317250E-3,
-1.752585393200E-2));
#3678=CARTESIAN_POINT('',(8.533043297804E-2,4.529414391067E-3,
-1.564766992566E-2));
#3679=CARTESIAN_POINT('',(8.421764381666E-2,3.985750464884E-3,
-1.376948591932E-2));
#3680=CARTESIAN_POINT('',(8.709618108425E-2,-2.379772777688E-4,
-2.019920415653E-2));
#3681=CARTESIAN_POINT('',(8.598339192287E-2,-2.149426332068E-4,
-1.824405325916E-2));
#3682=CARTESIAN_POINT('',(8.487060276150E-2,-1.919079886447E-4,
-1.628890236180E-2));
#3683=CARTESIAN_POINT('',(8.375781360013E-2,-1.688733440827E-4,
-1.433375146444E-2));
#3684=CARTESIAN_POINT('',(8.663635086771E-2,-6.072337776623E-3,
-1.926632283723E-2));
#3685=CARTESIAN_POINT('',(8.552356170634E-2,-5.484575181569E-3,
-1.740146875228E-2));
#3686=CARTESIAN_POINT('',(8.441077254496E-2,-4.896812586516E-3,
-1.553661466732E-2));
#3687=CARTESIAN_POINT('',(8.329798338359E-2,-4.309049991462E-3,
-1.367176058237E-2));
#3688=CARTESIAN_POINT('',(8.617652065117E-2,-1.138720808862E-2,
-1.668520223696E-2));
#3689=CARTESIAN_POINT('',(8.506373148980E-2,-1.028500079667E-2,
-1.507018375042E-2));
#3690=CARTESIAN_POINT('',(8.395094232843E-2,-9.182793504718E-3,
-1.345516526387E-2));
#3691=CARTESIAN_POINT('',(8.283815316706E-2,-8.080586212767E-3,
-1.184014677733E-2));
#3692=CARTESIAN_POINT('',(8.571669043464E-2,-1.572789957932E-2,
-1.267665794145E-2));
#3693=CARTESIAN_POINT('',(8.460390127326E-2,-1.420554173107E-2,
-1.144964033434E-2));
#3694=CARTESIAN_POINT('',(8.349111211189E-2,-1.268318388281E-2,
-1.022262272722E-2));
#3695=CARTESIAN_POINT('',(8.237832295052E-2,-1.116082603456E-2,
-8.995605120104E-3));
#3696=CARTESIAN_POINT('',(8.525686021810E-2,-1.872306488358E-2,
-7.583622030858E-3));
#3697=CARTESIAN_POINT('',(8.414407105673E-2,-1.691079461665E-2,
-6.849577000965E-3));
#3698=CARTESIAN_POINT('',(8.303128189536E-2,-1.509852434972E-2,
-6.115531971072E-3));
#3699=CARTESIAN_POINT('',(8.191849273398E-2,-1.328625408279E-2,
-5.381486941178E-3));
#3700=CARTESIAN_POINT('',(8.479703000157E-2,-2.011646677601E-2,
-1.841805144831E-3));
#3701=CARTESIAN_POINT('',(8.368424084019E-2,-1.816932431613E-2,
-1.663530448770E-3));
#3702=CARTESIAN_POINT('',(8.257145167882E-2,-1.622218185626E-2,
-1.485255752708E-3));
#3703=CARTESIAN_POINT('',(8.145866251745E-2,-1.427503939638E-2,
-1.306981056647E-3));
#3704=CARTESIAN_POINT('',(8.433719978503E-2,-1.978889933688E-2,
4.057578683952E-3));
#3705=CARTESIAN_POINT('',(8.322441062366E-2,-1.787346326344E-2,
3.664831596316E-3));
#3706=CARTESIAN_POINT('',(8.211162146228E-2,-1.595802718999E-2,
3.272084508679E-3));
#3707=CARTESIAN_POINT('',(8.099883230091E-2,-1.404259111654E-2,
2.879337421043E-3));
#3708=CARTESIAN_POINT('',(8.387736956849E-2,-1.776838605180E-2,
9.609835527008E-3));
#3709=CARTESIAN_POINT('',(8.276458040712E-2,-1.604852245397E-2,
8.679666278332E-3));
#3710=CARTESIAN_POINT('',(8.165179124575E-2,-1.432865885614E-2,
7.749497029655E-3));
#3711=CARTESIAN_POINT('',(8.053900208437E-2,-1.260879525832E-2,
6.819327780978E-3));
#3712=CARTESIAN_POINT('',(8.341753935196E-2,-1.422778239464E-2,
1.433996826610E-2));
#3713=CARTESIAN_POINT('',(8.230475019058E-2,-1.285062608190E-2,
1.295195309449E-2));
#3714=CARTESIAN_POINT('',(8.119196102921E-2,-1.147346976917E-2,
1.156393792289E-2));
#3715=CARTESIAN_POINT('',(8.007917186784E-2,-1.009631345643E-2,
1.017592275128E-2));
#3716=CARTESIAN_POINT('',(8.295770913542E-2,-9.469987993706E-3,
1.784331272889E-2));
#3717=CARTESIAN_POINT('',(8.184491997405E-2,-8.553355071912E-3,
1.611619671860E-2));
#3718=CARTESIAN_POINT('',(8.073213081267E-2,-7.636722150118E-3,
1.438908070831E-2));
#3719=CARTESIAN_POINT('',(7.961934165130E-2,-6.720089228324E-3,
1.266196469802E-2));
#3720=CARTESIAN_POINT('',(8.249787891888E-2,-3.902033484205E-3,
1.982015682153E-2));
#3721=CARTESIAN_POINT('',(8.138508975751E-2,-3.524342154930E-3,
1.790169522793E-2));
#3722=CARTESIAN_POINT('',(8.027230059614E-2,-3.146650825654E-3,
1.598323363434E-2));
#3723=CARTESIAN_POINT('',(7.915951143477E-2,-2.768959496379E-3,
1.406477204074E-2));
#3724=CARTESIAN_POINT('',(8.203804870235E-2,1.999741075893E-3,
2.010138098169E-2));
#3725=CARTESIAN_POINT('',(8.092525954097E-2,1.806179214310E-3,
1.815569872807E-2));
#3726=CARTESIAN_POINT('',(7.981247037960E-2,1.612617352728E-3,
1.621001647445E-2));
#3727=CARTESIAN_POINT('',(7.869968121823E-2,1.419055491145E-3,
1.426433422083E-2));
#3728=CARTESIAN_POINT('',(8.157821848581E-2,7.730437230376E-3,
1.866292640421E-2));
#3729=CARTESIAN_POINT('',(8.046542932444E-2,6.982181449066E-3,
1.685647714889E-2));
#3730=CARTESIAN_POINT('',(7.935264016307E-2,6.233925667756E-3,
1.505002789357E-2));
#3731=CARTESIAN_POINT('',(7.823985100169E-2,5.485669886446E-3,
1.324357863825E-2));
#3732=CARTESIAN_POINT('',(8.111838826928E-2,1.279979232825E-2,
1.562785327854E-2));
#3733=CARTESIAN_POINT('',(8.000559910790E-2,1.156085611756E-2,
1.411517925809E-2));
#3734=CARTESIAN_POINT('',(7.889280994653E-2,1.032191990687E-2,
1.260250523763E-2));
#3735=CARTESIAN_POINT('',(7.778002078516E-2,9.082983696177E-3,
1.108983121718E-2));
#3736=CARTESIAN_POINT('',(8.065855805274E-2,1.677412162997E-2,
1.125581295531E-2));
#3737=CARTESIAN_POINT('',(7.954576889137E-2,1.515049632755E-2,
1.016632385318E-2));
#3738=CARTESIAN_POINT('',(7.843297972999E-2,1.352687102512E-2,
9.076834751058E-3));
#3739=CARTESIAN_POINT('',(7.732019056862E-2,1.190324572270E-2,
7.987345648934E-3));
#3740=CARTESIAN_POINT('',(8.019872783620E-2,1.931342015763E-2,
5.920834701004E-3));
#3741=CARTESIAN_POINT('',(7.908593867483E-2,1.744400735999E-2,
5.347736613124E-3));
#3742=CARTESIAN_POINT('',(7.797314951346E-2,1.557459456235E-2,
4.774638525243E-3));
#3743=CARTESIAN_POINT('',(7.686036035208E-2,1.370518176471E-2,
4.201540437363E-3));
#3744=CARTESIAN_POINT('',(7.973889761967E-2,2.020045021545E-2,
7.932739012880E-5));
#3745=CARTESIAN_POINT('',(7.862610845829E-2,1.824517870773E-2,
7.164901741698E-5));
#3746=CARTESIAN_POINT('',(7.751331929692E-2,1.628990720001E-2,
6.397064470517E-5));
#3747=CARTESIAN_POINT('',(7.640053013555E-2,1.433463569229E-2,
5.629227199336E-5));
#3748=CARTESIAN_POINT('',(7.927906740313E-2,1.935932613510E-2,
-5.768966401050E-3));
#3749=CARTESIAN_POINT('',(7.816627824176E-2,1.748546993898E-2,
-5.210568171671E-3));
#3750=CARTESIAN_POINT('',(7.705348908039E-2,1.561161374286E-2,
-4.652169942292E-3));
#3751=CARTESIAN_POINT('',(7.594069991901E-2,1.373775754674E-2,
-4.093771712913E-3));
#3752=CARTESIAN_POINT('',(7.881923718660E-2,1.686200631577E-2,
-1.112372351099E-2));
#3753=CARTESIAN_POINT('',(7.770644802522E-2,1.522987435036E-2,
-1.004701980346E-2));
#3754=CARTESIAN_POINT('',(7.659365886385E-2,1.359774238495E-2,
-8.970316095923E-3));
#3755=CARTESIAN_POINT('',(7.548086970248E-2,1.196561041955E-2,
-7.893612388391E-3));
#3756=CARTESIAN_POINT('',(7.835940697006E-2,1.292213716304E-2,
-1.552684297858E-2));
#3757=CARTESIAN_POINT('',(7.724661780869E-2,1.167135877225E-2,
-1.402394609474E-2));
#3758=CARTESIAN_POINT('',(7.613382864731E-2,1.042058038146E-2,
-1.252104921091E-2));
#3759=CARTESIAN_POINT('',(7.502103948594E-2,9.169801990664E-3,
-1.101815232707E-2));
#3760=CARTESIAN_POINT('',(7.789957675352E-2,7.876775579494E-3,
-1.860163670788E-2));
#3761=CARTESIAN_POINT('',(7.678678759215E-2,7.114355202768E-3,
-1.680111989445E-2));
#3762=CARTESIAN_POINT('',(7.567399843078E-2,6.351934826042E-3,
-1.500060308101E-2));
#3763=CARTESIAN_POINT('',(7.456120926941E-2,5.589514449317E-3,
-1.320008626758E-2));
#3764=CARTESIAN_POINT('',(7.743974653699E-2,2.157553652840E-3,
-2.008505523958E-2));
#3765=CARTESIAN_POINT('',(7.632695737562E-2,1.948716565608E-3,
-1.814095321106E-2));
#3766=CARTESIAN_POINT('',(7.521416821424E-2,1.739879478376E-3,
-1.619685118253E-2));
#3767=CARTESIAN_POINT('',(7.410137905287E-2,1.531042391143E-3,
-1.425274915401E-2));
#3768=CARTESIAN_POINT('',(7.697991632045E-2,-3.746247589309E-3,
-1.985019170541E-2));
#3769=CARTESIAN_POINT('',(7.586712715908E-2,-3.383635316111E-3,
-1.792882293142E-2));
#3770=CARTESIAN_POINT('',(7.475433799771E-2,-3.021023042914E-3,
-1.600745415744E-2));
#3771=CARTESIAN_POINT('',(7.364154883633E-2,-2.658410769716E-3,
-1.408608538346E-2));
#3772=CARTESIAN_POINT('',(7.652008610392E-2,-9.329556307529E-3,
-1.791713874608E-2));
#3773=CARTESIAN_POINT('',(7.540729694254E-2,-8.426516254796E-3,
-1.618287686002E-2));
#3774=CARTESIAN_POINT('',(7.429450778117E-2,-7.523476202063E-3,
-1.444861497395E-2));
#3775=CARTESIAN_POINT('',(7.318171861980E-2,-6.620436149331E-3,
-1.271435308788E-2));
#3776=CARTESIAN_POINT('',(7.606025588738E-2,-1.411471888701E-2,
-1.445126958029E-2));
#3777=CARTESIAN_POINT('',(7.494746672601E-2,-1.274850638259E-2,
-1.305248116918E-2));
#3778=CARTESIAN_POINT('',(7.383467756464E-2,-1.138229387817E-2,
-1.165369275806E-2));
#3779=CARTESIAN_POINT('',(7.272188840326E-2,-1.001608137375E-2,
-1.025490434694E-2));
#3780=CARTESIAN_POINT('',(7.560042567085E-2,-1.769236333727E-2,
-9.749090279798E-3));
#3781=CARTESIAN_POINT('',(7.448763650947E-2,-1.597985824117E-2,
-8.805442081517E-3));
#3782=CARTESIAN_POINT('',(7.337484734810E-2,-1.426735314506E-2,
-7.861793883236E-3));
#3783=CARTESIAN_POINT('',(7.226205818673E-2,-1.255484804895E-2,
-6.918145684954E-3));
#3784=CARTESIAN_POINT('',(7.514059545431E-2,-1.975642117985E-2,
-4.212873592475E-3));
#3785=CARTESIAN_POINT('',(7.402780629294E-2,-1.784412877966E-2,
-3.805094973032E-3));
#3786=CARTESIAN_POINT('',(7.291501713157E-2,-1.593183637946E-2,
-3.397316353588E-3));
#3787=CARTESIAN_POINT('',(7.180222797019E-2,-1.401954397927E-2,
-2.989537734145E-3));
#3788=CARTESIAN_POINT('',(7.468076523778E-2,-2.013031169183E-2,
1.683755603221E-3));
#3789=CARTESIAN_POINT('',(7.356797607640E-2,-1.818182913463E-2,
1.520779069439E-3));
#3790=CARTESIAN_POINT('',(7.245518691503E-2,-1.623334657742E-2,
1.357802535658E-3));
#3791=CARTESIAN_POINT('',(7.134239775366E-2,-1.428486402021E-2,
1.194826001876E-3));
#3792=CARTESIAN_POINT('',(7.422093502124E-2,-1.878204843587E-2,
7.436339038435E-3));
#3793=CARTESIAN_POINT('',(7.310814585987E-2,-1.696406894672E-2,
6.716550039253E-3));
#3794=CARTESIAN_POINT('',(7.199535669850E-2,-1.514608945757E-2,
5.996761040071E-3));
#3795=CARTESIAN_POINT('',(7.088256753712E-2,-1.332810996842E-2,
5.276972040889E-3));
#3796=CARTESIAN_POINT('',(7.376110480471E-2,-1.582697570875E-2,
1.255274159921E-2));
#3797=CARTESIAN_POINT('',(7.264831564333E-2,-1.429502793894E-2,
1.133771828384E-2));
#3798=CARTESIAN_POINT('',(7.153552648196E-2,-1.276308016913E-2,
1.012269496847E-2));
#3799=CARTESIAN_POINT('',(7.042273732059E-2,-1.123113239932E-2,
8.907671653105E-3));
#3800=CARTESIAN_POINT('',(7.330127458817E-2,-1.151790080474E-2,
1.659525362247E-2));
#3801=CARTESIAN_POINT('',(7.218848542680E-2,-1.040304331235E-2,
1.498894157371E-2));
#3802=CARTESIAN_POINT('',(7.107569626543E-2,-9.288185819968E-3,
1.338262952495E-2));
#3803=CARTESIAN_POINT('',(6.996290710405E-2,-8.173328327583E-3,
1.177631747619E-2));
#3804=CARTESIAN_POINT('',(7.284144437164E-2,-6.223466281204E-3,
1.921803707949E-2));
#3805=CARTESIAN_POINT('',(7.172865521026E-2,-5.621075435005E-3,
1.735785674019E-2));
#3806=CARTESIAN_POINT('',(7.061586604889E-2,-5.018684588805E-3,
1.549767640088E-2));
#3807=CARTESIAN_POINT('',(6.950307688752E-2,-4.416293742606E-3,
1.363749606158E-2));
#3808=CARTESIAN_POINT('',(7.238161415510E-2,-3.966124851536E-4,
2.019671211554E-2));
#3809=CARTESIAN_POINT('',(7.126882499373E-2,-3.582229896940E-4,
1.824180243145E-2));
#3810=CARTESIAN_POINT('',(7.015603583236E-2,-3.198334942345E-4,
1.628689274736E-2));
#3811=CARTESIAN_POINT('',(6.904324667098E-2,-2.814439987749E-4,
1.433198306327E-2));
#3812=CARTESIAN_POINT('',(7.192178393857E-2,5.464171619281E-3,
1.944755280895E-2));
#3813=CARTESIAN_POINT('',(7.080899477720E-2,4.935275531990E-3,
1.756515684764E-2));
#3814=CARTESIAN_POINT('',(6.969620561582E-2,4.406379444699E-3,
1.568276088633E-2));
#3815=CARTESIAN_POINT('',(6.858341645445E-2,3.877483357407E-3,
1.380036492502E-2));
#3816=CARTESIAN_POINT('',(7.146195372203E-2,1.085749432128E-2,
1.703464994672E-2));
#3817=CARTESIAN_POINT('',(7.034916456066E-2,9.806559858674E-3,
1.538580720661E-2));
#3818=CARTESIAN_POINT('',(6.923637539929E-2,8.755625396065E-3,
1.373696446649E-2));
#3819=CARTESIAN_POINT('',(6.812358623792E-2,7.704690933455E-3,
1.208812172637E-2));
#3820=CARTESIAN_POINT('',(7.100212350550E-2,1.532195536073E-2,
1.316442804098E-2));
#3821=CARTESIAN_POINT('',(6.988933434413E-2,1.383889025872E-2,
1.189019747733E-2));
#3822=CARTESIAN_POINT('',(6.877654518275E-2,1.235582515671E-2,
1.061596691369E-2));
#3823=CARTESIAN_POINT('',(6.766375602138E-2,1.087276005470E-2,
9.341736350039E-3));
#3824=CARTESIAN_POINT('',(7.054229328897E-2,1.847561886017E-2,
8.167985650287E-3));
#3825=CARTESIAN_POINT('',(6.942950412759E-2,1.668729975047E-2,
7.377378042677E-3));
#3826=CARTESIAN_POINT('',(6.831671496622E-2,1.489898064077E-2,
6.586770435068E-3));
#3827=CARTESIAN_POINT('',(6.720392580485E-2,1.311066153107E-2,
5.796162827458E-3));
#3828=CARTESIAN_POINT('',(7.008246307243E-2,2.004868800326E-2,
2.472769821690E-3));
#3829=CARTESIAN_POINT('',(6.896967391106E-2,1.810810608544E-2,
2.233421870237E-3));
#3830=CARTESIAN_POINT('',(6.785688474969E-2,1.616752416762E-2,
1.994073918783E-3));
#3831=CARTESIAN_POINT('',(6.674409558831E-2,1.422694224980E-2,
1.754725967330E-3));
#3832=CARTESIAN_POINT('',(6.962263285590E-2,1.990658638484E-2,
-3.433992182537E-3));
#3833=CARTESIAN_POINT('',(6.850984369453E-2,1.797975897460E-2,
-3.101604191149E-3));
#3834=CARTESIAN_POINT('',(6.739705453315E-2,1.605293156436E-2,
-2.769216199761E-3));
#3835=CARTESIAN_POINT('',(6.628426537178E-2,1.412610415413E-2,
-2.436828208373E-3));
#3836=CARTESIAN_POINT('',(6.916280263937E-2,1.806147047277E-2,
-9.046975090975E-3));
#3837=CARTESIAN_POINT('',(6.805001347799E-2,1.631323821922E-2,
-8.171287052453E-3));
#3838=CARTESIAN_POINT('',(6.693722431662E-2,1.456500596566E-2,
-7.295599013930E-3));
#3839=CARTESIAN_POINT('',(6.582443515525E-2,1.281677371211E-2,
-6.419910975408E-3));
#3840=CARTESIAN_POINT('',(6.870297242283E-2,1.467119180957E-2,
-1.388598716851E-2));
#3841=CARTESIAN_POINT('',(6.759018326146E-2,1.325111636454E-2,
-1.254191439896E-2));
#3842=CARTESIAN_POINT('',(6.647739410009E-2,1.183104091951E-2,
-1.119784162942E-2));
#3843=CARTESIAN_POINT('',(6.536460493871E-2,1.041096547448E-2,
-9.853768859873E-3));
#3844=CARTESIAN_POINT('',(6.824314220630E-2,1.002578459281E-2,
-1.753704766339E-2));
#3845=CARTESIAN_POINT('',(6.713035304493E-2,9.055354194089E-3,
-1.583957610904E-2));
#3846=CARTESIAN_POINT('',(6.601756388355E-2,8.084923795371E-3,
-1.414210455469E-2));
#3847=CARTESIAN_POINT('',(6.490477472218E-2,7.114493396653E-3,
-1.244463300035E-2));
#3848=CARTESIAN_POINT('',(6.781868445953E-2,4.946010083603E-3,
-1.952236662467E-2));
#3849=CARTESIAN_POINT('',(6.670589529816E-2,4.467268645159E-3,
-1.763272917514E-2));
#3850=CARTESIAN_POINT('',(6.559310613679E-2,3.988527206714E-3,
-1.574309172561E-2));
#3851=CARTESIAN_POINT('',(6.448031697541E-2,3.509785768270E-3,
-1.385345427608E-2));
#3852=CARTESIAN_POINT('',(6.746242955829E-2,4.172512487124E-4,
-2.003432137393E-2));
#3853=CARTESIAN_POINT('',(6.634964039692E-2,3.768640558792E-4,
-1.809513005189E-2));
#3854=CARTESIAN_POINT('',(6.523685123555E-2,3.364768630460E-4,
-1.615593872986E-2));
#3855=CARTESIAN_POINT('',(6.412406207417E-2,2.960896702129E-4,
-1.421674740783E-2));
#3856=CARTESIAN_POINT('',(6.725945139589E-2,-2.162787844720E-3,
-1.982477316334E-2));
#3857=CARTESIAN_POINT('',(6.614666223452E-2,-1.953444121935E-3,
-1.790586473804E-2));
#3858=CARTESIAN_POINT('',(6.503387307315E-2,-1.744100399151E-3,
-1.598695631274E-2));
#3859=CARTESIAN_POINT('',(6.392108391178E-2,-1.534756676366E-3,
-1.406804788744E-2));
#3860=CARTESIAN_POINT('',(6.717437750258E-2,-3.229744654270E-3,
-1.964775962626E-2));
#3861=CARTESIAN_POINT('',(6.606158834120E-2,-2.917126488222E-3,
-1.774598495401E-2));
#3862=CARTESIAN_POINT('',(6.494879917983E-2,-2.604508322173E-3,
-1.584421028177E-2));
#3863=CARTESIAN_POINT('',(6.383601001846E-2,-2.291890156125E-3,
-1.394243560952E-2));
#3864=B_SPLINE_SURFACE_WITH_KNOTS('',3,3,((#3596,#3597,#3598,#3599),(#3600,
#3601,#3602,#3603),(#3604,#3605,#3606,#3607),(#3608,#3609,#3610,#3611),(#3612,
#3613,#3614,#3615),(#3616,#3617,#3618,#3619),(#3620,#3621,#3622,#3623),(#3624,
#3625,#3626,#3627),(#3628,#3629,#3630,#3631),(#3632,#3633,#3634,#3635),(#3636,
#3637,#3638,#3639),(#3640,#3641,#3642,#3643),(#3644,#3645,#3646,#3647),(#3648,
#3649,#3650,#3651),(#3652,#3653,#3654,#3655),(#3656,#3657,#3658,#3659),(#3660,
#3661,#3662,#3663),(#3664,#3665,#3666,#3667),(#3668,#3669,#3670,#3671),(#3672,
#3673,#3674,#3675),(#3676,#3677,#3678,#3679),(#3680,#3681,#3682,#3683),(#3684,
#3685,#3686,#3687),(#3688,#3689,#3690,#3691),(#3692,#3693,#3694,#3695),(#3696,
#3697,#3698,#3699),(#3700,#3701,#3702,#3703),(#3704,#3705,#3706,#3707),(#3708,
#3709,#3710,#3711),(#3712,#3713,#3714,#3715),(#3716,#3717,#3718,#3719),(#3720,
#3721,#3722,#3723),(#3724,#3725,#3726,#3727),(#3728,#3729,#3730,#3731),(#3732,
#3733,#3734,#3735),(#3736,#3737,#3738,#3739),(#3740,#3741,#3742,#3743),(#3744,
#3745,#3746,#3747),(#3748,#3749,#3750,#3751),(#3752,#3753,#3754,#3755),(#3756,
#3757,#3758,#3759),(#3760,#3761,#3762,#3763),(#3764,#3765,#3766,#3767),(#3768,
#3769,#3770,#3771),(#3772,#3773,#3774,#3775),(#3776,#3777,#3778,#3779),(#3780,
#3781,#3782,#3783),(#3784,#3785,#3786,#3787),(#3788,#3789,#3790,#3791),(#3792,
#3793,#3794,#3795),(#3796,#3797,#3798,#3799),(#3800,#3801,#3802,#3803),(#3804,
#3805,#3806,#3807),(#3808,#3809,#3810,#3811),(#3812,#3813,#3814,#3815),(#3816,
#3817,#3818,#3819),(#3820,#3821,#3822,#3823),(#3824,#3825,#3826,#3827),(#3828,
#3829,#3830,#3831),(#3832,#3833,#3834,#3835),(#3836,#3837,#3838,#3839),(#3840,
#3841,#3842,#3843),(#3844,#3845,#3846,#3847),(#3848,#3849,#3850,#3851),(#3852,
#3853,#3854,#3855),(#3856,#3857,#3858,#3859),(#3860,#3861,#3862,#3863)),
.UNSPECIFIED.,.F.,.F.,.F.,(4,1,1,1,1,1,1,1,1,1,1,1,1,1,1,1,1,1,1,1,1,1,1,1,1,1,
1,1,1,1,1,1,1,1,1,1,1,1,1,1,1,1,1,1,1,1,1,1,1,1,1,1,1,1,1,1,1,1,1,1,1,1,1,1,4),(
4,4),(-9.019314799617E-3,0.E0,1.249985368812E-2,2.874985769147E-2,
4.499986169482E-2,6.124986569817E-2,7.749986970152E-2,9.374987370488E-2,
1.099998777082E-1,1.262498817116E-1,1.424998857149E-1,1.587498897183E-1,
1.749998937216E-1,1.912498977250E-1,2.074999017283E-1,2.237499057317E-1,
2.399999097350E-1,2.562499137384E-1,2.724999177417E-1,2.887499217451E-1,
3.049999257484E-1,3.212499297518E-1,3.374999337552E-1,3.537499377585E-1,
3.699999417619E-1,3.862499457652E-1,4.024999497686E-1,4.187499537719E-1,
4.349999577753E-1,4.512499617786E-1,4.674999657820E-1,4.837499697853E-1,
4.999999737887E-1,5.162499777920E-1,5.324999817954E-1,5.487499857987E-1,
5.649999898021E-1,5.812499938054E-1,5.974999978088E-1,6.137500018121E-1,
6.300000058155E-1,6.462500098188E-1,6.625000138222E-1,6.787500178255E-1,
6.950000218289E-1,7.112500258322E-1,7.275000298356E-1,7.437500338389E-1,
7.600000378423E-1,7.762500418456E-1,7.925000458490E-1,8.087500498524E-1,
8.250000538557E-1,8.412500578591E-1,8.575000618624E-1,8.737500658658E-1,
8.900000698691E-1,9.062500738725E-1,9.225000778758E-1,9.387500818792E-1,
9.550000858825E-1,9.712500898859E-1,9.875000938892E-1,1.E0,1.009019314460E0),(
-2.183738488189E-2,1.021788136744E0),.UNSPECIFIED.);
#3866=ORIENTED_EDGE('',*,*,#3865,.T.);
#3868=ORIENTED_EDGE('',*,*,#3867,.T.);
#3870=ORIENTED_EDGE('',*,*,#3869,.T.);
#3872=ORIENTED_EDGE('',*,*,#3871,.F.);
#3874=ORIENTED_EDGE('',*,*,#3873,.F.);
#3876=ORIENTED_EDGE('',*,*,#3875,.F.);
#3877=ORIENTED_EDGE('',*,*,#3566,.F.);
#3878=ORIENTED_EDGE('',*,*,#3259,.T.);
#3879=ORIENTED_EDGE('',*,*,#3237,.T.);
#3880=ORIENTED_EDGE('',*,*,#3215,.T.);
#3882=ORIENTED_EDGE('',*,*,#3881,.T.);
#3883=EDGE_LOOP('',(#3866,#3868,#3870,#3872,#3874,#3876,#3877,#3878,#3879,#3880,
#3882));
#3884=FACE_OUTER_BOUND('',#3883,.F.);
#3886=FILL_AREA_STYLE_COLOUR('',#50);
#3887=FILL_AREA_STYLE('',(#3886));
#3888=SURFACE_STYLE_FILL_AREA(#3887);
#3889=SURFACE_SIDE_STYLE('',(#3888));
#3890=SURFACE_STYLE_USAGE(.BOTH.,#3889);
#3891=PRESENTATION_STYLE_ASSIGNMENT((#3890));
#3892=OVER_RIDING_STYLED_ITEM('',(#3891),#3885,#119);
#3893=CARTESIAN_POINT('',(-6.496062992126E-2,0.E0,0.E0));
#3894=DIRECTION('',(1.E0,0.E0,0.E0));
#3895=DIRECTION('',(0.E0,-1.E0,0.E0));
#3896=AXIS2_PLACEMENT_3D('',#3893,#3894,#3895);
#3897=CYLINDRICAL_SURFACE('',#3896,1.968503937008E-2);
#3899=ORIENTED_EDGE('',*,*,#3898,.F.);
#3901=ORIENTED_EDGE('',*,*,#3900,.T.);
#3903=ORIENTED_EDGE('',*,*,#3902,.T.);
#3904=ORIENTED_EDGE('',*,*,#3865,.F.);
#3905=ORIENTED_EDGE('',*,*,#3881,.F.);
#3906=ORIENTED_EDGE('',*,*,#3213,.T.);
#3907=EDGE_LOOP('',(#3899,#3901,#3903,#3904,#3905,#3906));
#3908=FACE_OUTER_BOUND('',#3907,.F.);
#3910=FILL_AREA_STYLE_COLOUR('',#50);
#3911=FILL_AREA_STYLE('',(#3910));
#3912=SURFACE_STYLE_FILL_AREA(#3911);
#3913=SURFACE_SIDE_STYLE('',(#3912));
#3914=SURFACE_STYLE_USAGE(.BOTH.,#3913);
#3915=PRESENTATION_STYLE_ASSIGNMENT((#3914));
#3916=OVER_RIDING_STYLED_ITEM('',(#3915),#3909,#119);
#3917=CARTESIAN_POINT('',(9.370886783271E-2,1.404419973949E-2,
-1.551279774805E-3));
#3918=CARTESIAN_POINT('',(9.259606436703E-2,1.595987591223E-2,
-1.762879563826E-3));
#3919=CARTESIAN_POINT('',(9.148326090134E-2,1.787555208496E-2,
-1.974479352847E-3));
#3920=CARTESIAN_POINT('',(9.037045743565E-2,1.979122825770E-2,
-2.186079141868E-3));
#3921=CARTESIAN_POINT('',(9.362378811500E-2,1.396108768789E-2,
-2.314273342487E-3));
#3922=CARTESIAN_POINT('',(9.251098464931E-2,1.586542709671E-2,
-2.629948025391E-3));
#3923=CARTESIAN_POINT('',(9.139818118362E-2,1.776976650552E-2,
-2.945622708295E-3));
#3924=CARTESIAN_POINT('',(9.028537771793E-2,1.967410591434E-2,
-3.261297391200E-3));
#3925=CARTESIAN_POINT('',(9.340720743731E-2,1.358711566044E-2,
-4.238180008147E-3));
#3926=CARTESIAN_POINT('',(9.229440397162E-2,1.544044402444E-2,
-4.816282043719E-3));
#3927=CARTESIAN_POINT('',(9.118160050593E-2,1.729377238844E-2,
-5.394384079292E-3));
#3928=CARTESIAN_POINT('',(9.006879704024E-2,1.914710075245E-2,
-5.972486114864E-3));
#3929=CARTESIAN_POINT('',(9.301967336106E-2,1.222013928742E-2,
-7.485852941177E-3));
#3930=CARTESIAN_POINT('',(9.190686989537E-2,1.388700746750E-2,
-8.506948509315E-3));
#3931=CARTESIAN_POINT('',(9.079406642968E-2,1.555387564758E-2,
-9.528044077452E-3));
#3932=CARTESIAN_POINT('',(8.968126296399E-2,1.722074382766E-2,
-1.054913964559E-2));
#3933=CARTESIAN_POINT('',(9.254626560396E-2,9.470316153279E-3,
-1.082790898276E-2));
#3934=CARTESIAN_POINT('',(9.143346213827E-2,1.076209919109E-2,
-1.230487225753E-2));
#3935=CARTESIAN_POINT('',(9.032065867258E-2,1.205388222890E-2,
-1.378183553231E-2));
#3936=CARTESIAN_POINT('',(8.920785520689E-2,1.334566526672E-2,
-1.525879880708E-2));
#3937=CARTESIAN_POINT('',(9.203340540827E-2,5.485266245333E-3,
-1.329821264029E-2));
#3938=CARTESIAN_POINT('',(9.092060194258E-2,6.233475046278E-3,
-1.511213365876E-2));
#3939=CARTESIAN_POINT('',(8.980779847689E-2,6.981683847222E-3,
-1.692605467723E-2));
#3940=CARTESIAN_POINT('',(8.869499501120E-2,7.729892648166E-3,
-1.873997569569E-2));
#3941=CARTESIAN_POINT('',(9.152054521257E-2,9.174953843520E-4,
-1.435579241429E-2));
#3942=CARTESIAN_POINT('',(9.040774174688E-2,1.042644846693E-3,
-1.631397087793E-2));
#3943=CARTESIAN_POINT('',(8.929493828119E-2,1.167794309033E-3,
-1.827214934156E-2));
#3944=CARTESIAN_POINT('',(8.818213481550E-2,1.292943771374E-3,
-2.023032780519E-2));
#3945=CARTESIAN_POINT('',(9.100768501688E-2,-3.747744247937E-3,
-1.388830426003E-2));
#3946=CARTESIAN_POINT('',(8.989488155119E-2,-4.258949193072E-3,
-1.578271576401E-2));
#3947=CARTESIAN_POINT('',(8.878207808550E-2,-4.770154138207E-3,
-1.767712726799E-2));
#3948=CARTESIAN_POINT('',(8.766927461981E-2,-5.281359083342E-3,
-1.957153877197E-2));
#3949=CARTESIAN_POINT('',(9.049482482118E-2,-8.014847092403E-3,
-1.194540941888E-2));
#3950=CARTESIAN_POINT('',(8.938202135549E-2,-9.108099245452E-3,
-1.357480351906E-2));
#3951=CARTESIAN_POINT('',(8.826921788980E-2,-1.020135139850E-2,
-1.520419761925E-2));
#3952=CARTESIAN_POINT('',(8.715641442411E-2,-1.129460355155E-2,
-1.683359171943E-2));
#3953=CARTESIAN_POINT('',(8.998196462549E-2,-1.143050285149E-2,
-8.733509323127E-3));
#3954=CARTESIAN_POINT('',(8.886916115980E-2,-1.298966196068E-2,
-9.924789426304E-3));
#3955=CARTESIAN_POINT('',(8.775635769411E-2,-1.454882106986E-2,
-1.111606952948E-2));
#3956=CARTESIAN_POINT('',(8.664355422842E-2,-1.610798017904E-2,
-1.230734963266E-2));
#3957=CARTESIAN_POINT('',(8.946910442979E-2,-1.363185370277E-2,
-4.593815961554E-3));
#3958=CARTESIAN_POINT('',(8.835630096410E-2,-1.549128448651E-2,
-5.220427939647E-3));
#3959=CARTESIAN_POINT('',(8.724349749841E-2,-1.735071527026E-2,
-5.847039917739E-3));
#3960=CARTESIAN_POINT('',(8.613069403272E-2,-1.921014605400E-2,
-6.473651895832E-3));
#3961=CARTESIAN_POINT('',(8.895624423410E-2,-1.438504193799E-2,
3.389558033341E-5));
#3962=CARTESIAN_POINT('',(8.784344076841E-2,-1.634721013522E-2,
3.851905171736E-5));
#3963=CARTESIAN_POINT('',(8.673063730272E-2,-1.830937833245E-2,
4.314252310131E-5));
#3964=CARTESIAN_POINT('',(8.561783383703E-2,-2.027154652969E-2,
4.776599448526E-5));
#3965=CARTESIAN_POINT('',(8.844338403840E-2,-1.361005356550E-2,
4.658006270342E-3));
#3966=CARTESIAN_POINT('',(8.733058057271E-2,-1.546651073706E-2,
5.293374022872E-3));
#3967=CARTESIAN_POINT('',(8.621777710702E-2,-1.732296790861E-2,
5.928741775402E-3));
#3968=CARTESIAN_POINT('',(8.510497364133E-2,-1.917942508016E-2,
6.564109527932E-3));
#3969=CARTESIAN_POINT('',(8.793052384271E-2,-1.138921848764E-2,
8.787279596642E-3));
#3970=CARTESIAN_POINT('',(8.681772037702E-2,-1.294274627047E-2,
9.985894146329E-3));
#3971=CARTESIAN_POINT('',(8.570491691133E-2,-1.449627405330E-2,
1.118450869602E-2));
#3972=CARTESIAN_POINT('',(8.459211344564E-2,-1.604980183612E-2,
1.238312324570E-2));
#3973=CARTESIAN_POINT('',(8.741766364701E-2,-7.958464290291E-3,
1.198304746755E-2));
#3974=CARTESIAN_POINT('',(8.630486018132E-2,-9.044025639125E-3,
1.361757552441E-2));
#3975=CARTESIAN_POINT('',(8.519205671563E-2,-1.012958698796E-2,
1.525210358127E-2));
#3976=CARTESIAN_POINT('',(8.407925324994E-2,-1.121514833679E-2,
1.688663163814E-2));
#3977=CARTESIAN_POINT('',(8.690480345132E-2,-3.682252775811E-3,
1.390581155360E-2));
#3978=CARTESIAN_POINT('',(8.579199998563E-2,-4.184524463445E-3,
1.580261111142E-2));
#3979=CARTESIAN_POINT('',(8.467919651994E-2,-4.686796151079E-3,
1.769941066924E-2));
#3980=CARTESIAN_POINT('',(8.356639305425E-2,-5.189067838712E-3,
1.959621022706E-2));
#3981=CARTESIAN_POINT('',(8.639194325562E-2,9.851381721947E-4,
1.435130946119E-2));
#3982=CARTESIAN_POINT('',(8.527913978993E-2,1.119514338750E-3,
1.630887643492E-2));
#3983=CARTESIAN_POINT('',(8.416633632424E-2,1.253890505305E-3,
1.826644340864E-2));
#3984=CARTESIAN_POINT('',(8.305353285855E-2,1.388266671860E-3,
2.022401038236E-2));
#3985=CARTESIAN_POINT('',(8.587908305993E-2,5.547874221255E-3,
1.327221428754E-2));
#3986=CARTESIAN_POINT('',(8.476627959424E-2,6.304622961101E-3,
1.508258904308E-2));
#3987=CARTESIAN_POINT('',(8.365347612855E-2,7.061371700947E-3,
1.689296379862E-2));
#3988=CARTESIAN_POINT('',(8.254067266286E-2,7.818120440793E-3,
1.870333855415E-2));
#3989=CARTESIAN_POINT('',(8.536622286423E-2,9.521238918787E-3,
1.078316233396E-2));
#3990=CARTESIAN_POINT('',(8.425341939854E-2,1.081996799342E-2,
1.225402201505E-2));
#3991=CARTESIAN_POINT('',(8.314061593285E-2,1.211869706806E-2,
1.372488169614E-2));
#3992=CARTESIAN_POINT('',(8.202781246716E-2,1.341742614269E-2,
1.519574137722E-2));
#3993=CARTESIAN_POINT('',(8.485336266854E-2,1.248312692705E-2,
7.148574864430E-3));
#3994=CARTESIAN_POINT('',(8.374055920285E-2,1.418586750743E-2,
8.123664566288E-3));
#3995=CARTESIAN_POINT('',(8.262775573716E-2,1.588860808782E-2,
9.098754268146E-3));
#3996=CARTESIAN_POINT('',(8.151495227147E-2,1.759134866820E-2,1.007384397E-2));
#3997=CARTESIAN_POINT('',(8.434050247284E-2,1.411888584607E-2,
2.754567649363E-3));
#3998=CARTESIAN_POINT('',(8.322769900715E-2,1.604474945543E-2,
3.130299959496E-3));
#3999=CARTESIAN_POINT('',(8.211489554146E-2,1.797061306480E-2,
3.506032269628E-3));
#4000=CARTESIAN_POINT('',(8.100209207577E-2,1.989647667416E-2,
3.881764579761E-3));
#4001=CARTESIAN_POINT('',(8.382764227714E-2,1.425474291055E-2,
-1.932067551420E-3));
#4002=CARTESIAN_POINT('',(8.271483881145E-2,1.619913788135E-2,
-2.195608076408E-3));
#4003=CARTESIAN_POINT('',(8.160203534577E-2,1.814353285214E-2,
-2.459148601396E-3));
#4004=CARTESIAN_POINT('',(8.048923188008E-2,2.008792782293E-2,
-2.722689126383E-3));
#4005=CARTESIAN_POINT('',(8.331478208145E-2,1.287626551830E-2,
-6.413452016767E-3));
#4006=CARTESIAN_POINT('',(8.220197861576E-2,1.463263152739E-2,
-7.288268484876E-3));
#4007=CARTESIAN_POINT('',(8.108917515007E-2,1.638899753648E-2,
-8.163084952985E-3));
#4008=CARTESIAN_POINT('',(7.997637168438E-2,1.814536354556E-2,
-9.037901421094E-3));
#4009=CARTESIAN_POINT('',(8.280192188575E-2,1.012989445931E-2,
-1.021351157597E-2));
#4010=CARTESIAN_POINT('',(8.168911842006E-2,1.151164620081E-2,
-1.160666897397E-2));
#4011=CARTESIAN_POINT('',(8.057631495437E-2,1.289339794231E-2,
-1.299982637197E-2));
#4012=CARTESIAN_POINT('',(7.946351148868E-2,1.427514968381E-2,
-1.439298376997E-2));
#4013=CARTESIAN_POINT('',(8.228906169006E-2,6.307386964946E-3,
-1.292855174193E-2));
#4014=CARTESIAN_POINT('',(8.117625822437E-2,7.167735802553E-3,
-1.469204976812E-2));
#4015=CARTESIAN_POINT('',(8.006345475868E-2,8.028084640159E-3,
-1.645554779431E-2));
#4016=CARTESIAN_POINT('',(7.895065129299E-2,8.888433477766E-3,
-1.821904582050E-2));
#4017=CARTESIAN_POINT('',(8.177620149436E-2,1.814822250127E-3,
-1.427014368077E-2));
#4018=CARTESIAN_POINT('',(8.066339802867E-2,2.062370120907E-3,
-1.621663936851E-2));
#4019=CARTESIAN_POINT('',(7.955059456298E-2,2.309917991687E-3,
-1.816313505626E-2));
#4020=CARTESIAN_POINT('',(7.843779109729E-2,2.557465862467E-3,
-2.010963074401E-2));
#4021=CARTESIAN_POINT('',(8.126334129867E-2,-2.870537794883E-3,
-1.409576508166E-2));
#4022=CARTESIAN_POINT('',(8.015053783298E-2,-3.262088823678E-3,
-1.601847494084E-2));
#4023=CARTESIAN_POINT('',(7.903773436729E-2,-3.653639852473E-3,
-1.794118480003E-2));
#4024=CARTESIAN_POINT('',(7.792493090160E-2,-4.045190881268E-3,
-1.986389465921E-2));
#4025=CARTESIAN_POINT('',(8.075048110297E-2,-7.250949913477E-3,
-1.242394083298E-2));
#4026=CARTESIAN_POINT('',(7.963767763728E-2,-8.240003917025E-3,
-1.411860823068E-2));
#4027=CARTESIAN_POINT('',(7.852487417159E-2,-9.229057920572E-3,
-1.581327562838E-2));
#4028=CARTESIAN_POINT('',(7.741207070590E-2,-1.021811192412E-2,
-1.750794302607E-2));
#4029=CARTESIAN_POINT('',(8.023762090727E-2,-1.086106660360E-2,
-9.432275054376E-3));
#4030=CARTESIAN_POINT('',(7.912481744158E-2,-1.234255268960E-2,
-1.071886915810E-2));
#4031=CARTESIAN_POINT('',(7.801201397589E-2,-1.382403877560E-2,
-1.200546326183E-2));
#4032=CARTESIAN_POINT('',(7.689921051021E-2,-1.530552486159E-2,
-1.329205736555E-2));
#4033=CARTESIAN_POINT('',(7.972476071158E-2,-1.331737171691E-2,
-5.438583549322E-3));
#4034=CARTESIAN_POINT('',(7.861195724589E-2,-1.513390609799E-2,
-6.180424673212E-3));
#4035=CARTESIAN_POINT('',(7.749915378020E-2,-1.695044047907E-2,
-6.922265797103E-3));
#4036=CARTESIAN_POINT('',(7.638635031451E-2,-1.876697486015E-2,
-7.664106920993E-3));
#4037=CARTESIAN_POINT('',(7.921190051588E-2,-1.435892280830E-2,
-8.671310480690E-4));
#4038=CARTESIAN_POINT('',(7.809909705019E-2,-1.631752826822E-2,
-9.854106452151E-4));
#4039=CARTESIAN_POINT('',(7.698629358450E-2,-1.827613372815E-2,
-1.103690242361E-3));
#4040=CARTESIAN_POINT('',(7.587349011881E-2,-2.023473918807E-2,
-1.221969839507E-3));
#4041=CARTESIAN_POINT('',(7.869904032019E-2,-1.387507202421E-2,
3.796440015605E-3));
#4042=CARTESIAN_POINT('',(7.758623685450E-2,-1.576767860664E-2,
4.314287227552E-3));
#4043=CARTESIAN_POINT('',(7.647343338881E-2,-1.766028518906E-2,
4.832134439499E-3));
#4044=CARTESIAN_POINT('',(7.536062992312E-2,-1.955289177148E-2,
5.349981651446E-3));
#4045=CARTESIAN_POINT('',(7.818618012449E-2,-1.191722063642E-2,
8.056701109774E-3));
#4046=CARTESIAN_POINT('',(7.707337665880E-2,-1.354276969168E-2,
9.155662291839E-3));
#4047=CARTESIAN_POINT('',(7.596057319311E-2,-1.516831874694E-2,
1.025462347390E-2));
#4048=CARTESIAN_POINT('',(7.484776972742E-2,-1.679386780220E-2,
1.135358465597E-2));
#4049=CARTESIAN_POINT('',(7.767331992880E-2,-8.693358493355E-3,
1.146106882342E-2));
#4050=CARTESIAN_POINT('',(7.656051646311E-2,-9.879161888045E-3,
1.302439723418E-2));
#4051=CARTESIAN_POINT('',(7.544771299742E-2,-1.106496528273E-2,
1.458772564494E-2));
#4052=CARTESIAN_POINT('',(7.433490953173E-2,-1.225076867742E-2,
1.615105405571E-2));
#4053=CARTESIAN_POINT('',(7.716045973310E-2,-4.545968483546E-3,
1.364788448866E-2));
#4054=CARTESIAN_POINT('',(7.604765626741E-2,-5.166053904394E-3,
1.550950192562E-2));
#4055=CARTESIAN_POINT('',(7.493485280172E-2,-5.786139325243E-3,
1.737111936258E-2));
#4056=CARTESIAN_POINT('',(7.382204933603E-2,-6.406224746092E-3,
1.923273679955E-2));
#4057=CARTESIAN_POINT('',(7.664759953740E-2,8.435669788119E-5,
1.438483452865E-2));
#4058=CARTESIAN_POINT('',(7.553479607171E-2,9.586323575016E-5,
1.634697443456E-2));
#4059=CARTESIAN_POINT('',(7.442199260602E-2,1.073697736191E-4,
1.830911434046E-2));
#4060=CARTESIAN_POINT('',(7.330918914034E-2,1.188763114881E-4,
2.027125424636E-2));
#4061=CARTESIAN_POINT('',(7.613473934171E-2,4.705720352954E-3,
1.359362999456E-2));
#4062=CARTESIAN_POINT('',(7.502193587602E-2,5.347596467146E-3,
1.544784693569E-2));
#4063=CARTESIAN_POINT('',(7.390913241033E-2,5.989472581338E-3,
1.730206387682E-2));
#4064=CARTESIAN_POINT('',(7.279632894464E-2,6.631348695530E-3,
1.915628081796E-2));
#4065=CARTESIAN_POINT('',(7.562187914601E-2,8.827177800040E-3,
1.135832349230E-2));
#4066=CARTESIAN_POINT('',(7.450907568032E-2,1.003123459913E-2,
1.290763709365E-2));
#4067=CARTESIAN_POINT('',(7.339627221463E-2,1.123529139821E-2,
1.445695069500E-2));
#4068=CARTESIAN_POINT('',(7.228346874894E-2,1.243934819730E-2,
1.600626429634E-2));
#4069=CARTESIAN_POINT('',(7.510901895032E-2,1.201089125678E-2,
7.916379961010E-3));
#4070=CARTESIAN_POINT('',(7.399621548463E-2,1.364921730032E-2,
8.996200865508E-3));
#4071=CARTESIAN_POINT('',(7.288341201894E-2,1.528754334387E-2,
1.007602177001E-2));
#4072=CARTESIAN_POINT('',(7.177060855325E-2,1.692586938741E-2,
1.115584267450E-2));
#4073=CARTESIAN_POINT('',(7.459615875462E-2,1.391864297921E-2,
3.633449887712E-3));
#4074=CARTESIAN_POINT('',(7.348335528893E-2,1.581719278673E-2,
4.129064696946E-3));
#4075=CARTESIAN_POINT('',(7.237055182324E-2,1.771574259424E-2,
4.624679506180E-3));
#4076=CARTESIAN_POINT('',(7.125774835755E-2,1.961429240176E-2,
5.120294315413E-3));
#4077=CARTESIAN_POINT('',(7.408329855893E-2,1.434776539302E-2,
-1.035475106456E-3));
#4078=CARTESIAN_POINT('',(7.297049509324E-2,1.630484894390E-2,
-1.176717400477E-3));
#4079=CARTESIAN_POINT('',(7.185769162755E-2,1.826193249478E-2,
-1.317959694499E-3));
#4080=CARTESIAN_POINT('',(7.074488816186E-2,2.021901604566E-2,
-1.459201988520E-3));
#4081=CARTESIAN_POINT('',(7.357043836323E-2,1.325267122515E-2,
-5.594397721581E-3));
#4082=CARTESIAN_POINT('',(7.245763489754E-2,1.506038024112E-2,
-6.357492423654E-3));
#4083=CARTESIAN_POINT('',(7.134483143185E-2,1.686808925709E-2,
-7.120587125726E-3));
#4084=CARTESIAN_POINT('',(7.023202796616E-2,1.867579827306E-2,
-7.883681827799E-3));
#4085=CARTESIAN_POINT('',(7.305757816754E-2,1.074969640970E-2,
-9.559006620379E-3));
#4086=CARTESIAN_POINT('',(7.194477470185E-2,1.221599122594E-2,
-1.086288733679E-2));
#4087=CARTESIAN_POINT('',(7.083197123616E-2,1.368228604218E-2,
-1.216676805319E-2));
#4088=CARTESIAN_POINT('',(6.971916777047E-2,1.514858085842E-2,
-1.347064876960E-2));
#4089=CARTESIAN_POINT('',(7.254471797184E-2,7.104741288134E-3,
-1.250812662624E-2));
#4090=CARTESIAN_POINT('',(7.143191450615E-2,8.073851942468E-3,
-1.421427724983E-2));
#4091=CARTESIAN_POINT('',(7.031911104046E-2,9.042962596803E-3,
-1.592042787343E-2));
#4092=CARTESIAN_POINT('',(6.920630757477E-2,1.001207325114E-2,
-1.762657849703E-2));
#4093=CARTESIAN_POINT('',(7.203185777615E-2,2.705023025178E-3,
-1.412846173164E-2));
#4094=CARTESIAN_POINT('',(7.091905431046E-2,3.073997281609E-3,
-1.605563152407E-2));
#4095=CARTESIAN_POINT('',(6.980625084477E-2,3.442971538039E-3,
-1.798280131650E-2));
#4096=CARTESIAN_POINT('',(6.869344737908E-2,3.811945794470E-3,
-1.990997110892E-2));
#4097=CARTESIAN_POINT('',(7.151899758045E-2,-1.982059913450E-3,
-1.424787770051E-2));
#4098=CARTESIAN_POINT('',(7.040619411476E-2,-2.252419565090E-3,
-1.619133623352E-2));
#4099=CARTESIAN_POINT('',(6.929339064907E-2,-2.522779216731E-3,
-1.813479476652E-2));
#4100=CARTESIAN_POINT('',(6.818058718338E-2,-2.793138868371E-3,
-2.007825329953E-2));
#4101=CARTESIAN_POINT('',(7.100613738476E-2,-6.458581241737E-3,
-1.285368852949E-2));
#4102=CARTESIAN_POINT('',(6.989333391907E-2,-7.339553488215E-3,
-1.460697496122E-2));
#4103=CARTESIAN_POINT('',(6.878053045338E-2,-8.220525734693E-3,
-1.636026139295E-2));
#4104=CARTESIAN_POINT('',(6.766772698769E-2,-9.101497981171E-3,
-1.811354782468E-2));
#4105=CARTESIAN_POINT('',(7.049327718906E-2,-1.024898341815E-2,
-1.009400412937E-2));
#4106=CARTESIAN_POINT('',(6.938047372337E-2,-1.164697929496E-2,
-1.147086030892E-2));
#4107=CARTESIAN_POINT('',(6.826767025768E-2,-1.304497517177E-2,
-1.284771648847E-2));
#4108=CARTESIAN_POINT('',(6.715486679199E-2,-1.444297104858E-2,
-1.422457266802E-2));
#4109=CARTESIAN_POINT('',(6.998041699337E-2,-1.295059789534E-2,
-6.261996057374E-3));
#4110=CARTESIAN_POINT('',(6.886761352768E-2,-1.471710309115E-2,
-7.116153422222E-3));
#4111=CARTESIAN_POINT('',(6.775481006199E-2,-1.648360828696E-2,
-7.970310787071E-3));
#4112=CARTESIAN_POINT('',(6.664200659630E-2,-1.825011348277E-2,
-8.824468151919E-3));
#4113=CARTESIAN_POINT('',(6.946755679767E-2,-1.427642210038E-2,
-1.764752810170E-3));
#4114=CARTESIAN_POINT('',(6.835475333198E-2,-1.622377418572E-2,
-2.005471040608E-3));
#4115=CARTESIAN_POINT('',(6.724194986629E-2,-1.817112627106E-2,
-2.246189271047E-3));
#4116=CARTESIAN_POINT('',(6.612914640060E-2,-2.011847835640E-2,
-2.486907501485E-3));
#4117=CARTESIAN_POINT('',(6.895469660198E-2,-1.408560878757E-2,
2.919966704044E-3));
#4118=CARTESIAN_POINT('',(6.784189313629E-2,-1.600693329401E-2,
3.318260002622E-3));
#4119=CARTESIAN_POINT('',(6.672908967060E-2,-1.792825780046E-2,
3.716553301200E-3));
#4120=CARTESIAN_POINT('',(6.561628620491E-2,-1.984958230690E-2,
4.114846599777E-3));
#4121=CARTESIAN_POINT('',(6.844183640628E-2,-1.239842876615E-2,
7.294487274636E-3));
#4122=CARTESIAN_POINT('',(6.732903294059E-2,-1.408961623196E-2,
8.289479920964E-3));
#4123=CARTESIAN_POINT('',(6.621622947490E-2,-1.578080369777E-2,
9.284472567292E-3));
#4124=CARTESIAN_POINT('',(6.510342600921E-2,-1.747199116357E-2,
1.027946521362E-2));
#4125=CARTESIAN_POINT('',(6.792897621059E-2,-9.394117456738E-3,
1.089408728065E-2));
#4126=CARTESIAN_POINT('',(6.681617274490E-2,-1.067550673556E-2,
1.238007749828E-2));
#4127=CARTESIAN_POINT('',(6.570336927921E-2,-1.195689601438E-2,
1.386606771590E-2));
#4128=CARTESIAN_POINT('',(6.459056581352E-2,-1.323828529319E-2,
1.535205793353E-2));
#4129=CARTESIAN_POINT('',(6.741611601489E-2,-5.391834044625E-3,
1.333636780027E-2));
#4130=CARTESIAN_POINT('',(6.630331254920E-2,-6.127298378531E-3,
1.515549331113E-2));
#4131=CARTESIAN_POINT('',(6.519050908352E-2,-6.862762712437E-3,
1.697461882200E-2));
#4132=CARTESIAN_POINT('',(6.407770561783E-2,-7.598227046343E-3,
1.879374433287E-2));
#4133=CARTESIAN_POINT('',(6.690325581920E-2,-8.167560105273E-4,
1.436187627330E-2));
#4134=CARTESIAN_POINT('',(6.579045235351E-2,-9.281642827913E-4,
1.632088459581E-2));
#4135=CARTESIAN_POINT('',(6.467764888782E-2,-1.039572555055E-3,
1.827989291831E-2));
#4136=CARTESIAN_POINT('',(6.356484542213E-2,-1.150980827319E-3,
2.023890124081E-2));
#4137=CARTESIAN_POINT('',(6.639039562351E-2,3.845089058520E-3,
1.386166911306E-2));
#4138=CARTESIAN_POINT('',(6.527759215782E-2,4.369572163865E-3,
1.575244749324E-2));
#4139=CARTESIAN_POINT('',(6.416478869213E-2,4.894055269211E-3,
1.764322587341E-2));
#4140=CARTESIAN_POINT('',(6.305198522644E-2,5.418538374556E-3,
1.953400425358E-2));
#4141=CARTESIAN_POINT('',(6.587753542781E-2,8.098455987166E-3,
1.188888519106E-2));
#4142=CARTESIAN_POINT('',(6.476473196212E-2,9.203112675219E-3,
1.351056919609E-2));
#4143=CARTESIAN_POINT('',(6.365192849643E-2,1.030776936327E-2,
1.513225320112E-2));
#4144=CARTESIAN_POINT('',(6.253912503074E-2,1.141242605132E-2,
1.675393720615E-2));
#4145=CARTESIAN_POINT('',(6.536467523212E-2,1.149149376574E-2,
8.653100690910E-3));
#4146=CARTESIAN_POINT('',(6.425187176643E-2,1.305897224117E-2,
9.833412785680E-3));
#4147=CARTESIAN_POINT('',(6.313906830074E-2,1.462645071659E-2,
1.101372488045E-2));
#4148=CARTESIAN_POINT('',(6.202626483505E-2,1.619392919201E-2,
1.219403697522E-2));
#4149=CARTESIAN_POINT('',(6.485181503643E-2,1.366374731603E-2,
4.498065070976E-3));
#4150=CARTESIAN_POINT('',(6.373901157074E-2,1.552752849611E-2,
5.111616304918E-3));
#4151=CARTESIAN_POINT('',(6.262620810505E-2,1.739130967618E-2,
5.725167538860E-3));
#4152=CARTESIAN_POINT('',(6.151340463936E-2,1.925509085625E-2,
6.338718772802E-3));
#4153=CARTESIAN_POINT('',(6.433895484073E-2,1.438445016666E-2,
-1.348168021309E-4));
#4154=CARTESIAN_POINT('',(6.322615137504E-2,1.634653764429E-2,
-1.532062682677E-4));
#4155=CARTESIAN_POINT('',(6.211334790935E-2,1.830862512192E-2,
-1.715957344044E-4));
#4156=CARTESIAN_POINT('',(6.100054444367E-2,2.027071259955E-2,
-1.899852005412E-4));
#4157=CARTESIAN_POINT('',(6.382609464504E-2,1.357703892893E-2,
-4.753376436286E-3));
#4158=CARTESIAN_POINT('',(6.271329117935E-2,1.542899279279E-2,
-5.401753000843E-3));
#4159=CARTESIAN_POINT('',(6.160048771366E-2,1.728094665666E-2,
-6.050129565400E-3));
#4160=CARTESIAN_POINT('',(6.048768424797E-2,1.913290052053E-2,
-6.698506129957E-3));
#4161=CARTESIAN_POINT('',(6.331323444935E-2,1.132728954683E-2,
-8.866967730345E-3));
#4162=CARTESIAN_POINT('',(6.220043098366E-2,1.287237001343E-2,
-1.007645201001E-2));
#4163=CARTESIAN_POINT('',(6.108762751797E-2,1.441745048003E-2,
-1.128593628968E-2));
#4164=CARTESIAN_POINT('',(5.997482405228E-2,1.596253094663E-2,
-1.249542056935E-2));
#4165=CARTESIAN_POINT('',(6.280037425366E-2,7.874195161536E-3,
-1.203858594437E-2));
#4166=CARTESIAN_POINT('',(6.168757078797E-2,8.948261917225E-3,
-1.368068963663E-2));
#4167=CARTESIAN_POINT('',(6.057476732228E-2,1.002232867291E-2,
-1.532279332889E-2));
#4168=CARTESIAN_POINT('',(5.946196385659E-2,1.109639542860E-2,
-1.696489702116E-2));
#4169=CARTESIAN_POINT('',(6.232696713693E-2,3.914600691019E-3,
-1.378570551930E-2));
#4170=CARTESIAN_POINT('',(6.121416367124E-2,4.448565417288E-3,
-1.566612220929E-2));
#4171=CARTESIAN_POINT('',(6.010136020555E-2,4.982530143558E-3,
-1.754653889928E-2));
#4172=CARTESIAN_POINT('',(5.898855673986E-2,5.516494869827E-3,
-1.942695558927E-2));
#4173=CARTESIAN_POINT('',(6.193943369642E-2,4.186659352775E-4,
-1.422661527202E-2));
#4174=CARTESIAN_POINT('',(6.082663023073E-2,4.757733797332E-4,
-1.616717353813E-2));
#4175=CARTESIAN_POINT('',(5.971382676504E-2,5.328808241889E-4,
-1.810773180423E-2));
#4176=CARTESIAN_POINT('',(5.860102329935E-2,5.899882686446E-4,
-2.004829007034E-2));
#4177=CARTESIAN_POINT('',(6.172285365447E-2,-1.534825865874E-3,
-1.406812497043E-2));
#4178=CARTESIAN_POINT('',(6.061005018878E-2,-1.744181286267E-3,
-1.598706462530E-2));
#4179=CARTESIAN_POINT('',(5.949724672309E-2,-1.953536706661E-3,
-1.790600428016E-2));
#4180=CARTESIAN_POINT('',(5.838444325740E-2,-2.162892127055E-3,
-1.982494393503E-2));
#4181=CARTESIAN_POINT('',(6.163777393212E-2,-2.291979145827E-3,
-1.394248355178E-2));
#4182=CARTESIAN_POINT('',(6.052497046643E-2,-2.604612825176E-3,
-1.584428529373E-2));
#4183=CARTESIAN_POINT('',(5.941216700074E-2,-2.917246504526E-3,
-1.774608703569E-2));
#4184=CARTESIAN_POINT('',(5.829936353505E-2,-3.229880183875E-3,
-1.964788877764E-2));
#4185=B_SPLINE_SURFACE_WITH_KNOTS('',3,3,((#3917,#3918,#3919,#3920),(#3921,
#3922,#3923,#3924),(#3925,#3926,#3927,#3928),(#3929,#3930,#3931,#3932),(#3933,
#3934,#3935,#3936),(#3937,#3938,#3939,#3940),(#3941,#3942,#3943,#3944),(#3945,
#3946,#3947,#3948),(#3949,#3950,#3951,#3952),(#3953,#3954,#3955,#3956),(#3957,
#3958,#3959,#3960),(#3961,#3962,#3963,#3964),(#3965,#3966,#3967,#3968),(#3969,
#3970,#3971,#3972),(#3973,#3974,#3975,#3976),(#3977,#3978,#3979,#3980),(#3981,
#3982,#3983,#3984),(#3985,#3986,#3987,#3988),(#3989,#3990,#3991,#3992),(#3993,
#3994,#3995,#3996),(#3997,#3998,#3999,#4000),(#4001,#4002,#4003,#4004),(#4005,
#4006,#4007,#4008),(#4009,#4010,#4011,#4012),(#4013,#4014,#4015,#4016),(#4017,
#4018,#4019,#4020),(#4021,#4022,#4023,#4024),(#4025,#4026,#4027,#4028),(#4029,
#4030,#4031,#4032),(#4033,#4034,#4035,#4036),(#4037,#4038,#4039,#4040),(#4041,
#4042,#4043,#4044),(#4045,#4046,#4047,#4048),(#4049,#4050,#4051,#4052),(#4053,
#4054,#4055,#4056),(#4057,#4058,#4059,#4060),(#4061,#4062,#4063,#4064),(#4065,
#4066,#4067,#4068),(#4069,#4070,#4071,#4072),(#4073,#4074,#4075,#4076),(#4077,
#4078,#4079,#4080),(#4081,#4082,#4083,#4084),(#4085,#4086,#4087,#4088),(#4089,
#4090,#4091,#4092),(#4093,#4094,#4095,#4096),(#4097,#4098,#4099,#4100),(#4101,
#4102,#4103,#4104),(#4105,#4106,#4107,#4108),(#4109,#4110,#4111,#4112),(#4113,
#4114,#4115,#4116),(#4117,#4118,#4119,#4120),(#4121,#4122,#4123,#4124),(#4125,
#4126,#4127,#4128),(#4129,#4130,#4131,#4132),(#4133,#4134,#4135,#4136),(#4137,
#4138,#4139,#4140),(#4141,#4142,#4143,#4144),(#4145,#4146,#4147,#4148),(#4149,
#4150,#4151,#4152),(#4153,#4154,#4155,#4156),(#4157,#4158,#4159,#4160),(#4161,
#4162,#4163,#4164),(#4165,#4166,#4167,#4168),(#4169,#4170,#4171,#4172),(#4173,
#4174,#4175,#4176),(#4177,#4178,#4179,#4180),(#4181,#4182,#4183,#4184)),
.UNSPECIFIED.,.F.,.F.,.F.,(4,1,1,1,1,1,1,1,1,1,1,1,1,1,1,1,1,1,1,1,1,1,1,1,1,1,
1,1,1,1,1,1,1,1,1,1,1,1,1,1,1,1,1,1,1,1,1,1,1,1,1,1,1,1,1,1,1,1,1,1,1,1,1,1,4),(
4,4),(-8.087267895579E-3,0.E0,1.249984744148E-2,2.874985354128E-2,
4.499985964108E-2,6.124986574088E-2,7.749987184068E-2,9.374987794048E-2,
1.099998840403E-1,1.262498901401E-1,1.424998962399E-1,1.587499023397E-1,
1.749999084395E-1,1.912499145393E-1,2.074999206391E-1,2.237499267389E-1,
2.399999328387E-1,2.562499389385E-1,2.724999450383E-1,2.887499511381E-1,
3.049999572379E-1,3.212499633376E-1,3.374999694374E-1,3.537499755372E-1,
3.699999816370E-1,3.862499877368E-1,4.024999938366E-1,4.187499999364E-1,
4.350000060362E-1,4.512500121360E-1,4.675000182358E-1,4.837500243356E-1,
5.000000304354E-1,5.162500365352E-1,5.325000426350E-1,5.487500487348E-1,
5.650000548346E-1,5.812500609344E-1,5.975000670342E-1,6.137500731340E-1,
6.300000792338E-1,6.462500853336E-1,6.625000914334E-1,6.787500975332E-1,
6.950001036330E-1,7.112501097328E-1,7.275001158326E-1,7.437501219324E-1,
7.600001280322E-1,7.762501341320E-1,7.925001402318E-1,8.087501463316E-1,
8.250001524314E-1,8.412501585312E-1,8.575001646310E-1,8.737501707308E-1,
8.900001768306E-1,9.062501829304E-1,9.225001890302E-1,9.387501951300E-1,
9.550002012298E-1,9.712502073296E-1,9.875002134294E-1,1.E0,1.008087268336E0),(
-2.178288514270E-2,1.021856051738E0),.UNSPECIFIED.);
#4187=ORIENTED_EDGE('',*,*,#4186,.F.);
#4189=ORIENTED_EDGE('',*,*,#4188,.F.);
#4191=ORIENTED_EDGE('',*,*,#4190,.F.);
#4192=ORIENTED_EDGE('',*,*,#3898,.T.);
#4193=ORIENTED_EDGE('',*,*,#3211,.T.);
#4194=ORIENTED_EDGE('',*,*,#3234,.T.);
#4195=ORIENTED_EDGE('',*,*,#3256,.T.);
#4196=ORIENTED_EDGE('',*,*,#3283,.T.);
#4198=ORIENTED_EDGE('',*,*,#4197,.T.);
#4200=ORIENTED_EDGE('',*,*,#4199,.F.);
#4202=ORIENTED_EDGE('',*,*,#4201,.F.);
#4203=EDGE_LOOP('',(#4187,#4189,#4191,#4192,#4193,#4194,#4195,#4196,#4198,#4200,
#4202));
#4204=FACE_OUTER_BOUND('',#4203,.F.);
#4206=FILL_AREA_STYLE_COLOUR('',#50);
#4207=FILL_AREA_STYLE('',(#4206));
#4208=SURFACE_STYLE_FILL_AREA(#4207);
#4209=SURFACE_SIDE_STYLE('',(#4208));
#4210=SURFACE_STYLE_USAGE(.BOTH.,#4209);
#4211=PRESENTATION_STYLE_ASSIGNMENT((#4210));
#4212=OVER_RIDING_STYLED_ITEM('',(#4211),#4205,#119);
#4213=CARTESIAN_POINT('',(9.251968503937E-2,0.E0,0.E0));
#4214=DIRECTION('',(1.E0,0.E0,0.E0));
#4215=DIRECTION('',(0.E0,0.E0,-1.E0));
#4216=AXIS2_PLACEMENT_3D('',#4213,#4214,#4215);
#4217=PLANE('',#4216);
#4219=ORIENTED_EDGE('',*,*,#4218,.F.);
#4221=ORIENTED_EDGE('',*,*,#4220,.F.);
#4222=ORIENTED_EDGE('',*,*,#4186,.T.);
#4224=ORIENTED_EDGE('',*,*,#4223,.F.);
#4225=ORIENTED_EDGE('',*,*,#3873,.T.);
#4226=EDGE_LOOP('',(#4219,#4221,#4222,#4224,#4225));
#4227=FACE_OUTER_BOUND('',#4226,.F.);
#4229=FILL_AREA_STYLE_COLOUR('',#50);
#4230=FILL_AREA_STYLE('',(#4229));
#4231=SURFACE_STYLE_FILL_AREA(#4230);
#4232=SURFACE_SIDE_STYLE('',(#4231));
#4233=SURFACE_STYLE_USAGE(.BOTH.,#4232);
#4234=PRESENTATION_STYLE_ASSIGNMENT((#4233));
#4235=OVER_RIDING_STYLED_ITEM('',(#4234),#4228,#119);
#4236=CARTESIAN_POINT('',(9.143661323803E-2,0.E0,0.E0));
#4237=DIRECTION('',(-1.E0,0.E0,0.E0));
#4238=DIRECTION('',(0.E0,0.E0,1.E0));
#4239=AXIS2_PLACEMENT_3D('',#4236,#4237,#4238);
#4240=CONICAL_SURFACE('',#4239,1.637334329212E-2,3.E1);
#4242=ORIENTED_EDGE('',*,*,#4241,.T.);
#4243=ORIENTED_EDGE('',*,*,#4218,.T.);
#4244=ORIENTED_EDGE('',*,*,#3871,.T.);
#4245=EDGE_LOOP('',(#4242,#4243,#4244));
#4246=FACE_OUTER_BOUND('',#4245,.F.);
#4248=FILL_AREA_STYLE_COLOUR('',#50);
#4249=FILL_AREA_STYLE('',(#4248));
#4250=SURFACE_STYLE_FILL_AREA(#4249);
#4251=SURFACE_SIDE_STYLE('',(#4250));
#4252=SURFACE_STYLE_USAGE(.BOTH.,#4251);
#4253=PRESENTATION_STYLE_ASSIGNMENT((#4252));
#4254=OVER_RIDING_STYLED_ITEM('',(#4253),#4247,#119);
#4255=CARTESIAN_POINT('',(8.911013620557E-2,0.E0,0.E0));
#4256=DIRECTION('',(-1.E0,0.E0,0.E0));
#4257=DIRECTION('',(0.E0,0.E0,1.E0));
#4258=AXIS2_PLACEMENT_3D('',#4255,#4256,#4257);
#4259=CONICAL_SURFACE('',#4258,1.771653543307E-2,3.E1);
#4260=ORIENTED_EDGE('',*,*,#4241,.F.);
#4261=ORIENTED_EDGE('',*,*,#3869,.F.);
#4262=ORIENTED_EDGE('',*,*,#3867,.F.);
#4263=ORIENTED_EDGE('',*,*,#3902,.F.);
#4264=ORIENTED_EDGE('',*,*,#3900,.F.);
#4265=ORIENTED_EDGE('',*,*,#4190,.T.);
#4266=ORIENTED_EDGE('',*,*,#4188,.T.);
#4267=ORIENTED_EDGE('',*,*,#4220,.T.);
#4268=EDGE_LOOP('',(#4260,#4261,#4262,#4263,#4264,#4265,#4266,#4267));
#4269=FACE_OUTER_BOUND('',#4268,.F.);
#4271=FILL_AREA_STYLE_COLOUR('',#50);
#4272=FILL_AREA_STYLE('',(#4271));
#4273=SURFACE_STYLE_FILL_AREA(#4272);
#4274=SURFACE_SIDE_STYLE('',(#4273));
#4275=SURFACE_STYLE_USAGE(.BOTH.,#4274);
#4276=PRESENTATION_STYLE_ASSIGNMENT((#4275));
#4277=OVER_RIDING_STYLED_ITEM('',(#4276),#4270,#119);
#4278=CARTESIAN_POINT('',(9.554252678615E-2,1.189619841048E-2,
-8.035961386278E-3));
#4279=CARTESIAN_POINT('',(9.454728164826E-2,1.189619841048E-2,
-8.035961386278E-3));
#4280=CARTESIAN_POINT('',(9.355203651036E-2,1.189619841048E-2,
-8.035961386278E-3));
#4281=CARTESIAN_POINT('',(9.255679137246E-2,1.189619841048E-2,
-8.035961386278E-3));
#4282=CARTESIAN_POINT('',(9.544263784750E-2,1.138538175002E-2,
-8.796000364428E-3));
#4283=CARTESIAN_POINT('',(9.444739270961E-2,1.138538175002E-2,
-8.796000364428E-3));
#4284=CARTESIAN_POINT('',(9.345214757171E-2,1.138538175002E-2,
-8.796000364428E-3));
#4285=CARTESIAN_POINT('',(9.245690243381E-2,1.138538175002E-2,
-8.796000364428E-3));
#4286=CARTESIAN_POINT('',(9.521459287655E-2,1.004842935057E-2,
-1.041471888171E-2));
#4287=CARTESIAN_POINT('',(9.421934773865E-2,1.004842935057E-2,
-1.041471888171E-2));
#4288=CARTESIAN_POINT('',(9.322410260075E-2,1.004842935057E-2,
-1.041471888171E-2));
#4289=CARTESIAN_POINT('',(9.222885746286E-2,1.004842935057E-2,
-1.041471888171E-2));
#4290=CARTESIAN_POINT('',(9.481994275467E-2,7.176196626460E-3,
-1.265821287642E-2));
#4291=CARTESIAN_POINT('',(9.382469761677E-2,7.176196626460E-3,
-1.265821287642E-2));
#4292=CARTESIAN_POINT('',(9.282945247888E-2,7.176196626460E-3,
-1.265821287642E-2));
#4293=CARTESIAN_POINT('',(9.183420734098E-2,7.176196626460E-3,
-1.265821287642E-2));
#4294=CARTESIAN_POINT('',(9.435857642053E-2,3.199603799533E-3,
-1.424847496525E-2));
#4295=CARTESIAN_POINT('',(9.336333128263E-2,3.199603799533E-3,
-1.424847496525E-2));
#4296=CARTESIAN_POINT('',(9.236808614473E-2,3.199603799533E-3,
-1.424847496525E-2));
#4297=CARTESIAN_POINT('',(9.137284100684E-2,3.199603799533E-3,
-1.424847496525E-2));
#4298=CARTESIAN_POINT('',(9.385876096777E-2,-1.431374691738E-3,
-1.453298877794E-2));
#4299=CARTESIAN_POINT('',(9.286351582988E-2,-1.431374691738E-3,
-1.453298877794E-2));
#4300=CARTESIAN_POINT('',(9.186827069198E-2,-1.431374691738E-3,
-1.453298877794E-2));
#4301=CARTESIAN_POINT('',(9.087302555408E-2,-1.431374691738E-3,
-1.453298877794E-2));
#4302=CARTESIAN_POINT('',(9.335894551502E-2,-5.917863219376E-3,
-1.335048549007E-2));
#4303=CARTESIAN_POINT('',(9.236370037712E-2,-5.917863219376E-3,
-1.335048549007E-2));
#4304=CARTESIAN_POINT('',(9.136845523922E-2,-5.917863219376E-3,
-1.335048549007E-2));
#4305=CARTESIAN_POINT('',(9.037321010133E-2,-5.917863219376E-3,
-1.335048549007E-2));
#4306=CARTESIAN_POINT('',(9.285913006226E-2,-9.806981580280E-3,
-1.082033677724E-2));
#4307=CARTESIAN_POINT('',(9.186388492436E-2,-9.806981580280E-3,
-1.082033677724E-2));
#4308=CARTESIAN_POINT('',(9.086863978647E-2,-9.806981580280E-3,
-1.082033677724E-2));
#4309=CARTESIAN_POINT('',(8.987339464857E-2,-9.806981580280E-3,
-1.082033677724E-2));
#4310=CARTESIAN_POINT('',(9.235931460951E-2,-1.270614740591E-2,
-7.197943586023E-3));
#4311=CARTESIAN_POINT('',(9.136406947161E-2,-1.270614740591E-2,
-7.197943586023E-3));
#4312=CARTESIAN_POINT('',(9.036882433371E-2,-1.270614740591E-2,
-7.197943586023E-3));
#4313=CARTESIAN_POINT('',(8.937357919581E-2,-1.270614740591E-2,
-7.197943586023E-3));
#4314=CARTESIAN_POINT('',(9.185949915675E-2,-1.432270851159E-2,
-2.848963860562E-3));
#4315=CARTESIAN_POINT('',(9.086425401885E-2,-1.432270851159E-2,
-2.848963860562E-3));
#4316=CARTESIAN_POINT('',(8.986900888096E-2,-1.432270851159E-2,
-2.848963860562E-3));
#4317=CARTESIAN_POINT('',(8.887376374306E-2,-1.432270851159E-2,
-2.848963860562E-3));
#4318=CARTESIAN_POINT('',(9.135968370399E-2,-1.449348329319E-2,
1.787600666156E-3));
#4319=CARTESIAN_POINT('',(9.036443856610E-2,-1.449348329319E-2,
1.787600666156E-3));
#4320=CARTESIAN_POINT('',(8.936919342820E-2,-1.449348329319E-2,
1.787600666156E-3));
#4321=CARTESIAN_POINT('',(8.837394829030E-2,-1.449348329319E-2,
1.787600666156E-3));
#4322=CARTESIAN_POINT('',(9.085986825124E-2,-1.320123313457E-2,
6.243718270906E-3));
#4323=CARTESIAN_POINT('',(8.986462311334E-2,-1.320123313457E-2,
6.243718270906E-3));
#4324=CARTESIAN_POINT('',(8.886937797544E-2,-1.320123313457E-2,
6.243718270906E-3));
#4325=CARTESIAN_POINT('',(8.787413283755E-2,-1.320123313457E-2,
6.243718270906E-3));
#4326=CARTESIAN_POINT('',(9.036005279848E-2,-1.057640246586E-2,
1.006957223526E-2));
#4327=CARTESIAN_POINT('',(8.936480766058E-2,-1.057640246586E-2,
1.006957223526E-2));
#4328=CARTESIAN_POINT('',(8.836956252269E-2,-1.057640246586E-2,
1.006957223526E-2));
#4329=CARTESIAN_POINT('',(8.737431738479E-2,-1.057640246586E-2,
1.006957223526E-2));
#4330=CARTESIAN_POINT('',(8.986023734572E-2,-6.883951246859E-3,
1.287896693647E-2));
#4331=CARTESIAN_POINT('',(8.886499220783E-2,-6.883951246859E-3,
1.287896693647E-2));
#4332=CARTESIAN_POINT('',(8.786974706993E-2,-6.883951246859E-3,
1.287896693647E-2));
#4333=CARTESIAN_POINT('',(8.687450193203E-2,-6.883951246859E-3,
1.287896693647E-2));
#4334=CARTESIAN_POINT('',(8.936042189297E-2,-2.496608939538E-3,
1.438831185106E-2));
#4335=CARTESIAN_POINT('',(8.836517675507E-2,-2.496608939538E-3,
1.438831185106E-2));
#4336=CARTESIAN_POINT('',(8.736993161717E-2,-2.496608939538E-3,
1.438831185106E-2));
#4337=CARTESIAN_POINT('',(8.637468647928E-2,-2.496608939538E-3,
1.438831185106E-2));
#4338=CARTESIAN_POINT('',(8.886060644021E-2,2.142750158821E-3,
1.444524821099E-2));
#4339=CARTESIAN_POINT('',(8.786536130231E-2,2.142750158821E-3,
1.444524821099E-2));
#4340=CARTESIAN_POINT('',(8.687011616442E-2,2.142750158821E-3,
1.444524821099E-2));
#4341=CARTESIAN_POINT('',(8.587487102652E-2,2.142750158821E-3,
1.444524821099E-2));
#4342=CARTESIAN_POINT('',(8.836079098746E-2,6.565812259084E-3,
1.304402865294E-2));
#4343=CARTESIAN_POINT('',(8.736554584956E-2,6.565812259084E-3,
1.304402865294E-2));
#4344=CARTESIAN_POINT('',(8.637030071166E-2,6.565812259084E-3,
1.304402865294E-2));
#4345=CARTESIAN_POINT('',(8.537505557376E-2,6.565812259084E-3,
1.304402865294E-2));
#4346=CARTESIAN_POINT('',(8.786097553470E-2,1.032609737815E-2,
1.032609737787E-2));
#4347=CARTESIAN_POINT('',(8.686573039680E-2,1.032609737815E-2,
1.032609737787E-2));
#4348=CARTESIAN_POINT('',(8.587048525890E-2,1.032609737815E-2,
1.032609737787E-2));
#4349=CARTESIAN_POINT('',(8.487524012101E-2,1.032609737815E-2,
1.032609737787E-2));
#4350=CARTESIAN_POINT('',(8.736116008194E-2,1.304402865311E-2,
6.565812258733E-3));
#4351=CARTESIAN_POINT('',(8.636591494405E-2,1.304402865311E-2,
6.565812258733E-3));
#4352=CARTESIAN_POINT('',(8.537066980615E-2,1.304402865311E-2,
6.565812258733E-3));
#4353=CARTESIAN_POINT('',(8.437542466825E-2,1.304402865311E-2,
6.565812258733E-3));
#4354=CARTESIAN_POINT('',(8.686134462919E-2,1.444524821105E-2,
2.142750158433E-3));
#4355=CARTESIAN_POINT('',(8.586609949129E-2,1.444524821105E-2,
2.142750158433E-3));
#4356=CARTESIAN_POINT('',(8.487085435339E-2,1.444524821105E-2,
2.142750158433E-3));
#4357=CARTESIAN_POINT('',(8.387560921549E-2,1.444524821105E-2,
2.142750158433E-3));
#4358=CARTESIAN_POINT('',(8.636152917643E-2,1.438831185099E-2,
-2.496608939928E-3));
#4359=CARTESIAN_POINT('',(8.536628403853E-2,1.438831185099E-2,
-2.496608939928E-3));
#4360=CARTESIAN_POINT('',(8.437103890063E-2,1.438831185099E-2,
-2.496608939928E-3));
#4361=CARTESIAN_POINT('',(8.337579376274E-2,1.438831185099E-2,
-2.496608939928E-3));
#4362=CARTESIAN_POINT('',(8.586171372367E-2,1.287896693630E-2,
-6.883951247197E-3));
#4363=CARTESIAN_POINT('',(8.486646858578E-2,1.287896693630E-2,
-6.883951247197E-3));
#4364=CARTESIAN_POINT('',(8.387122344788E-2,1.287896693630E-2,
-6.883951247197E-3));
#4365=CARTESIAN_POINT('',(8.287597830998E-2,1.287896693630E-2,
-6.883951247197E-3));
#4366=CARTESIAN_POINT('',(8.536189827092E-2,1.006957223491E-2,
-1.057640246616E-2));
#4367=CARTESIAN_POINT('',(8.436665313302E-2,1.006957223491E-2,
-1.057640246616E-2));
#4368=CARTESIAN_POINT('',(8.337140799512E-2,1.006957223491E-2,
-1.057640246616E-2));
#4369=CARTESIAN_POINT('',(8.237616285722E-2,1.006957223491E-2,
-1.057640246616E-2));
#4370=CARTESIAN_POINT('',(8.486208281816E-2,6.243718270822E-3,
-1.320123313463E-2));
#4371=CARTESIAN_POINT('',(8.386683768026E-2,6.243718270822E-3,
-1.320123313463E-2));
#4372=CARTESIAN_POINT('',(8.287159254236E-2,6.243718270822E-3,
-1.320123313463E-2));
#4373=CARTESIAN_POINT('',(8.187634740447E-2,6.243718270822E-3,
-1.320123313463E-2));
#4374=CARTESIAN_POINT('',(8.436226736540E-2,1.787600664752E-3,
-1.449348329366E-2));
#4375=CARTESIAN_POINT('',(8.336702222750E-2,1.787600664752E-3,
-1.449348329366E-2));
#4376=CARTESIAN_POINT('',(8.237177708961E-2,1.787600664752E-3,
-1.449348329366E-2));
#4377=CARTESIAN_POINT('',(8.137653195171E-2,1.787600664752E-3,
-1.449348329366E-2));
#4378=CARTESIAN_POINT('',(8.386245191264E-2,-2.848963857163E-3,
-1.432270850994E-2));
#4379=CARTESIAN_POINT('',(8.286720677475E-2,-2.848963857163E-3,
-1.432270850994E-2));
#4380=CARTESIAN_POINT('',(8.187196163685E-2,-2.848963857163E-3,
-1.432270850994E-2));
#4381=CARTESIAN_POINT('',(8.087671649895E-2,-2.848963857163E-3,
-1.432270850994E-2));
#4382=CARTESIAN_POINT('',(8.336263645989E-2,-7.197943600488E-3,
-1.270614741156E-2));
#4383=CARTESIAN_POINT('',(8.236739132199E-2,-7.197943600488E-3,
-1.270614741156E-2));
#4384=CARTESIAN_POINT('',(8.137214618409E-2,-7.197943600488E-3,
-1.270614741156E-2));
#4385=CARTESIAN_POINT('',(8.037690104620E-2,-7.197943600488E-3,
-1.270614741156E-2));
#4386=CARTESIAN_POINT('',(8.286282100713E-2,-1.082033672480E-2,
-9.806981558157E-3));
#4387=CARTESIAN_POINT('',(8.186757586923E-2,-1.082033672480E-2,
-9.806981558157E-3));
#4388=CARTESIAN_POINT('',(8.087233073134E-2,-1.082033672480E-2,
-9.806981558157E-3));
#4389=CARTESIAN_POINT('',(7.987708559344E-2,-1.082033672480E-2,
-9.806981558158E-3));
#4390=CARTESIAN_POINT('',(8.236300555437E-2,-1.335048568693E-2,
-5.917863300493E-3));
#4391=CARTESIAN_POINT('',(8.136776041648E-2,-1.335048568693E-2,
-5.917863300493E-3));
#4392=CARTESIAN_POINT('',(8.037251527858E-2,-1.335048568693E-2,
-5.917863300493E-3));
#4393=CARTESIAN_POINT('',(7.937727014068E-2,-1.335048568693E-2,
-5.917863300493E-3));
#4394=CARTESIAN_POINT('',(8.186319010162E-2,-1.453298804388E-2,
-1.431374387274E-3));
#4395=CARTESIAN_POINT('',(8.086794496372E-2,-1.453298804388E-2,
-1.431374387274E-3));
#4396=CARTESIAN_POINT('',(7.987269982582E-2,-1.453298804388E-2,
-1.431374387274E-3));
#4397=CARTESIAN_POINT('',(7.887745468793E-2,-1.453298804388E-2,
-1.431374387274E-3));
#4398=CARTESIAN_POINT('',(8.136337464886E-2,-1.424847770485E-2,
3.199602665101E-3));
#4399=CARTESIAN_POINT('',(8.036812951096E-2,-1.424847770485E-2,
3.199602665101E-3));
#4400=CARTESIAN_POINT('',(7.937288437307E-2,-1.424847770485E-2,
3.199602665101E-3));
#4401=CARTESIAN_POINT('',(7.837763923517E-2,-1.424847770485E-2,
3.199602665101E-3));
#4402=CARTESIAN_POINT('',(8.086355919610E-2,-1.252567417874E-2,
7.507600181703E-3));
#4403=CARTESIAN_POINT('',(7.986831405821E-2,-1.252567417874E-2,
7.507600181703E-3));
#4404=CARTESIAN_POINT('',(7.887306892031E-2,-1.252567417874E-2,
7.507600181703E-3));
#4405=CARTESIAN_POINT('',(7.787782378241E-2,-1.252567417874E-2,
7.507600181703E-3));
#4406=CARTESIAN_POINT('',(8.036374374335E-2,-9.538483522425E-3,
1.105775321720E-2));
#4407=CARTESIAN_POINT('',(7.936849860545E-2,-9.538483522425E-3,
1.105775321720E-2));
#4408=CARTESIAN_POINT('',(7.837325346755E-2,-9.538483522425E-3,
1.105775321720E-2));
#4409=CARTESIAN_POINT('',(7.737800832966E-2,-9.538483522425E-3,
1.105775321720E-2));
#4410=CARTESIAN_POINT('',(7.986392829059E-2,-5.588443630594E-3,
1.349169640586E-2));
#4411=CARTESIAN_POINT('',(7.886868315269E-2,-5.588443630594E-3,
1.349169640586E-2));
#4412=CARTESIAN_POINT('',(7.787343801480E-2,-5.588443630594E-3,
1.349169640586E-2));
#4413=CARTESIAN_POINT('',(7.687819287690E-2,-5.588443630594E-3,
1.349169640586E-2));
#4414=CARTESIAN_POINT('',(7.936411283783E-2,-1.074285903387E-3,
1.456373866553E-2));
#4415=CARTESIAN_POINT('',(7.836886769994E-2,-1.074285903387E-3,
1.456373866553E-2));
#4416=CARTESIAN_POINT('',(7.737362256204E-2,-1.074285903386E-3,
1.456373866553E-2));
#4417=CARTESIAN_POINT('',(7.637837742414E-2,-1.074285903386E-3,
1.456373866553E-2));
#4418=CARTESIAN_POINT('',(7.886429738508E-2,3.548314152036E-3,
1.416566414958E-2));
#4419=CARTESIAN_POINT('',(7.786905224718E-2,3.548314152036E-3,
1.416566414958E-2));
#4420=CARTESIAN_POINT('',(7.687380710928E-2,3.548314152036E-3,
1.416566414958E-2));
#4421=CARTESIAN_POINT('',(7.587856197139E-2,3.548314152036E-3,
1.416566414958E-2));
#4422=CARTESIAN_POINT('',(7.836448193232E-2,7.812734465297E-3,
1.233765594815E-2));
#4423=CARTESIAN_POINT('',(7.736923679442E-2,7.812734465297E-3,
1.233765594815E-2));
#4424=CARTESIAN_POINT('',(7.637399165653E-2,7.812734465297E-3,
1.233765594815E-2));
#4425=CARTESIAN_POINT('',(7.537874651863E-2,7.812734465297E-3,
1.233765594815E-2));
#4426=CARTESIAN_POINT('',(7.786466647956E-2,1.128850893255E-2,
9.264239860885E-3));
#4427=CARTESIAN_POINT('',(7.686942134167E-2,1.128850893255E-2,
9.264239860885E-3));
#4428=CARTESIAN_POINT('',(7.587417620377E-2,1.128850893255E-2,
9.264239860885E-3));
#4429=CARTESIAN_POINT('',(7.487893106587E-2,1.128850893255E-2,
9.264239860885E-3));
#4430=CARTESIAN_POINT('',(7.736485102681E-2,1.362478023136E-2,
5.255657691218E-3));
#4431=CARTESIAN_POINT('',(7.636960588891E-2,1.362478023136E-2,
5.255657691218E-3));
#4432=CARTESIAN_POINT('',(7.537436075101E-2,1.362478023136E-2,
5.255657691218E-3));
#4433=CARTESIAN_POINT('',(7.437911561312E-2,1.362478023136E-2,
5.255657691218E-3));
#4434=CARTESIAN_POINT('',(7.686503557405E-2,1.458571663559E-2,
7.165503098407E-4));
#4435=CARTESIAN_POINT('',(7.586979043615E-2,1.458571663559E-2,
7.165503098407E-4));
#4436=CARTESIAN_POINT('',(7.487454529826E-2,1.458571663559E-2,
7.165503098407E-4));
#4437=CARTESIAN_POINT('',(7.387930016036E-2,1.458571663559E-2,
7.165503098407E-4));
#4438=CARTESIAN_POINT('',(7.636522012129E-2,1.407431772791E-2,
-3.894888267205E-3));
#4439=CARTESIAN_POINT('',(7.536997498340E-2,1.407431772791E-2,
-3.894888267205E-3));
#4440=CARTESIAN_POINT('',(7.437472984550E-2,1.407431772791E-2,
-3.894888267205E-3));
#4441=CARTESIAN_POINT('',(7.337948470760E-2,1.407431772791E-2,
-3.894888267205E-3));
#4442=CARTESIAN_POINT('',(7.586540466854E-2,1.214220597496E-2,
-8.113162649787E-3));
#4443=CARTESIAN_POINT('',(7.487015953064E-2,1.214220597496E-2,
-8.113162649787E-3));
#4444=CARTESIAN_POINT('',(7.387491439274E-2,1.214220597496E-2,
-8.113162649787E-3));
#4445=CARTESIAN_POINT('',(7.287966925485E-2,1.214220597496E-2,
-8.113162649787E-3));
#4446=CARTESIAN_POINT('',(7.536558921578E-2,8.984415767666E-3,
-1.151246487221E-2));
#4447=CARTESIAN_POINT('',(7.437034407788E-2,8.984415767666E-3,
-1.151246487221E-2));
#4448=CARTESIAN_POINT('',(7.337509893999E-2,8.984415767666E-3,
-1.151246487221E-2));
#4449=CARTESIAN_POINT('',(7.237985380209E-2,8.984415767666E-3,
-1.151246487221E-2));
#4450=CARTESIAN_POINT('',(7.486577376302E-2,4.919705940171E-3,
-1.374965699872E-2));
#4451=CARTESIAN_POINT('',(7.387052862513E-2,4.919705940171E-3,
-1.374965699872E-2));
#4452=CARTESIAN_POINT('',(7.287528348723E-2,4.919705940171E-3,
-1.374965699872E-2));
#4453=CARTESIAN_POINT('',(7.188003834933E-2,4.919705940171E-3,
-1.374965699872E-2));
#4454=CARTESIAN_POINT('',(7.436595831027E-2,3.583830931811E-4,
-1.459890871534E-2));
#4455=CARTESIAN_POINT('',(7.337071317237E-2,3.583830931811E-4,
-1.459890871534E-2));
#4456=CARTESIAN_POINT('',(7.237546803447E-2,3.583830931811E-4,
-1.459890871534E-2));
#4457=CARTESIAN_POINT('',(7.138022289658E-2,3.583830931812E-4,
-1.459890871534E-2));
#4458=CARTESIAN_POINT('',(7.386614285751E-2,-4.239116247323E-3,
-1.397449346352E-2));
#4459=CARTESIAN_POINT('',(7.287089771962E-2,-4.239116247323E-3,
-1.397449346352E-2));
#4460=CARTESIAN_POINT('',(7.187565258172E-2,-4.239116247323E-3,
-1.397449346352E-2));
#4461=CARTESIAN_POINT('',(7.088040744382E-2,-4.239116247323E-3,
-1.397449346352E-2));
#4462=CARTESIAN_POINT('',(7.336632740476E-2,-8.408703768469E-3,
-1.193944199091E-2));
#4463=CARTESIAN_POINT('',(7.237108226686E-2,-8.408703768469E-3,
-1.193944199091E-2));
#4464=CARTESIAN_POINT('',(7.137583712896E-2,-8.408703768469E-3,
-1.193944199091E-2));
#4465=CARTESIAN_POINT('',(7.038059199107E-2,-8.408703768469E-3,
-1.193944199091E-2));
#4466=CARTESIAN_POINT('',(7.286651195200E-2,-1.172948613352E-2,
-8.699179798337E-3));
#4467=CARTESIAN_POINT('',(7.187126681410E-2,-1.172948613352E-2,
-8.699179798337E-3));
#4468=CARTESIAN_POINT('',(7.087602167621E-2,-1.172948613352E-2,
-8.699179798337E-3));
#4469=CARTESIAN_POINT('',(6.988077653831E-2,-1.172948613352E-2,
-8.699179798337E-3));
#4470=CARTESIAN_POINT('',(7.236669649925E-2,-1.386625148683E-2,
-4.580790742224E-3));
#4471=CARTESIAN_POINT('',(7.137145136135E-2,-1.386625148683E-2,
-4.580790742224E-3));
#4472=CARTESIAN_POINT('',(7.037620622345E-2,-1.386625148683E-2,
-4.580790742224E-3));
#4473=CARTESIAN_POINT('',(6.938096108555E-2,-1.386625148683E-2,
-4.580790742224E-3));
#4474=CARTESIAN_POINT('',(7.186688104649E-2,-1.460330695836E-2,
5.379724443699E-14));
#4475=CARTESIAN_POINT('',(7.087163590859E-2,-1.460330695836E-2,
5.379550971352E-14));
#4476=CARTESIAN_POINT('',(6.987639077070E-2,-1.460330695836E-2,
5.379507603265E-14));
#4477=CARTESIAN_POINT('',(6.888114563280E-2,-1.460330695836E-2,
5.379334130917E-14));
#4478=CARTESIAN_POINT('',(7.136706559373E-2,-1.386625148680E-2,
4.580790742326E-3));
#4479=CARTESIAN_POINT('',(7.037182045584E-2,-1.386625148680E-2,
4.580790742326E-3));
#4480=CARTESIAN_POINT('',(6.937657531794E-2,-1.386625148680E-2,
4.580790742326E-3));
#4481=CARTESIAN_POINT('',(6.838133018004E-2,-1.386625148680E-2,
4.580790742326E-3));
#4482=CARTESIAN_POINT('',(7.086725014098E-2,-1.172948613345E-2,
8.699179798423E-3));
#4483=CARTESIAN_POINT('',(6.987200500308E-2,-1.172948613345E-2,
8.699179798423E-3));
#4484=CARTESIAN_POINT('',(6.887675986519E-2,-1.172948613345E-2,
8.699179798423E-3));
#4485=CARTESIAN_POINT('',(6.788151472729E-2,-1.172948613345E-2,
8.699179798423E-3));
#4486=CARTESIAN_POINT('',(7.036743468822E-2,-8.408703768386E-3,
1.193944199097E-2));
#4487=CARTESIAN_POINT('',(6.937218955033E-2,-8.408703768386E-3,
1.193944199097E-2));
#4488=CARTESIAN_POINT('',(6.837694441243E-2,-8.408703768386E-3,
1.193944199097E-2));
#4489=CARTESIAN_POINT('',(6.738169927453E-2,-8.408703768386E-3,
1.193944199097E-2));
#4490=CARTESIAN_POINT('',(6.986761923547E-2,-4.239116247200E-3,
1.397449346354E-2));
#4491=CARTESIAN_POINT('',(6.887237409757E-2,-4.239116247200E-3,
1.397449346354E-2));
#4492=CARTESIAN_POINT('',(6.787712895967E-2,-4.239116247200E-3,
1.397449346354E-2));
#4493=CARTESIAN_POINT('',(6.688188382178E-2,-4.239116247200E-3,
1.397449346354E-2));
#4494=CARTESIAN_POINT('',(6.936780378271E-2,3.583830932166E-4,
1.459890871536E-2));
#4495=CARTESIAN_POINT('',(6.837255864482E-2,3.583830932166E-4,
1.459890871536E-2));
#4496=CARTESIAN_POINT('',(6.737731350692E-2,3.583830932166E-4,
1.459890871536E-2));
#4497=CARTESIAN_POINT('',(6.638206836902E-2,3.583830932166E-4,
1.459890871536E-2));
#4498=CARTESIAN_POINT('',(6.886798832996E-2,4.919705940545E-3,
1.374965699857E-2));
#4499=CARTESIAN_POINT('',(6.787274319206E-2,4.919705940545E-3,
1.374965699857E-2));
#4500=CARTESIAN_POINT('',(6.687749805416E-2,4.919705940545E-3,
1.374965699857E-2));
#4501=CARTESIAN_POINT('',(6.588225291627E-2,4.919705940545E-3,
1.374965699857E-2));
#4502=CARTESIAN_POINT('',(6.836817287720E-2,8.984415766738E-3,
1.151246487256E-2));
#4503=CARTESIAN_POINT('',(6.737292773931E-2,8.984415766738E-3,
1.151246487256E-2));
#4504=CARTESIAN_POINT('',(6.637768260141E-2,8.984415766738E-3,
1.151246487256E-2));
#4505=CARTESIAN_POINT('',(6.538243746351E-2,8.984415766738E-3,
1.151246487256E-2));
#4506=CARTESIAN_POINT('',(6.786835742445E-2,1.214220597880E-2,
8.113162648128E-3));
#4507=CARTESIAN_POINT('',(6.687311228655E-2,1.214220597880E-2,
8.113162648128E-3));
#4508=CARTESIAN_POINT('',(6.587786714866E-2,1.214220597880E-2,
8.113162648128E-3));
#4509=CARTESIAN_POINT('',(6.488262201076E-2,1.214220597880E-2,
8.113162648128E-3));
#4510=CARTESIAN_POINT('',(6.736854197170E-2,1.407431771382E-2,
3.894888272949E-3));
#4511=CARTESIAN_POINT('',(6.637329683380E-2,1.407431771382E-2,
3.894888272949E-3));
#4512=CARTESIAN_POINT('',(6.537805169590E-2,1.407431771382E-2,
3.894888272949E-3));
#4513=CARTESIAN_POINT('',(6.438280655800E-2,1.407431771382E-2,
3.894888272949E-3));
#4514=CARTESIAN_POINT('',(6.686872651894E-2,1.458571668829E-2,
-7.165503317832E-4));
#4515=CARTESIAN_POINT('',(6.587348138104E-2,1.458571668829E-2,
-7.165503317832E-4));
#4516=CARTESIAN_POINT('',(6.487823624315E-2,1.458571668829E-2,
-7.165503317832E-4));
#4517=CARTESIAN_POINT('',(6.388299110525E-2,1.458571668829E-2,
-7.165503317832E-4));
#4518=CARTESIAN_POINT('',(6.636891106619E-2,1.362478003462E-2,
-5.255657609847E-3));
#4519=CARTESIAN_POINT('',(6.537366592829E-2,1.362478003462E-2,
-5.255657609847E-3));
#4520=CARTESIAN_POINT('',(6.437842079039E-2,1.362478003462E-2,
-5.255657609847E-3));
#4521=CARTESIAN_POINT('',(6.338317565250E-2,1.362478003462E-2,
-5.255657609847E-3));
#4522=CARTESIAN_POINT('',(6.586909561343E-2,1.128850966657E-2,
-9.264240165045E-3));
#4523=CARTESIAN_POINT('',(6.487385047554E-2,1.128850966657E-2,
-9.264240165045E-3));
#4524=CARTESIAN_POINT('',(6.387860533764E-2,1.128850966657E-2,
-9.264240165045E-3));
#4525=CARTESIAN_POINT('',(6.288336019974E-2,1.128850966657E-2,
-9.264240165045E-3));
#4526=CARTESIAN_POINT('',(6.536928016068E-2,7.812731725513E-3,
-1.233765481340E-2));
#4527=CARTESIAN_POINT('',(6.437403502278E-2,7.812731725513E-3,
-1.233765481340E-2));
#4528=CARTESIAN_POINT('',(6.337878988489E-2,7.812731725513E-3,
-1.233765481340E-2));
#4529=CARTESIAN_POINT('',(6.238354474699E-2,7.812731725513E-3,
-1.233765481340E-2));
#4530=CARTESIAN_POINT('',(6.490791382654E-2,3.876370864667E-3,
-1.402504546039E-2));
#4531=CARTESIAN_POINT('',(6.391266868864E-2,3.876370864667E-3,
-1.402504546039E-2));
#4532=CARTESIAN_POINT('',(6.291742355074E-2,3.876370864667E-3,
-1.402504546039E-2));
#4533=CARTESIAN_POINT('',(6.192217841285E-2,3.876370864667E-3,
-1.402504546039E-2));
#4534=CARTESIAN_POINT('',(6.451326370466E-2,2.590058110842E-4,
-1.446963087948E-2));
#4535=CARTESIAN_POINT('',(6.351801856677E-2,2.590058110842E-4,
-1.446963087948E-2));
#4536=CARTESIAN_POINT('',(6.252277342887E-2,2.590058110842E-4,
-1.446963087948E-2));
#4537=CARTESIAN_POINT('',(6.152752829097E-2,2.590058110842E-4,
-1.446963087948E-2));
#4538=CARTESIAN_POINT('',(6.428521873371E-2,-1.830969137090E-3,
-1.427039214681E-2));
#4539=CARTESIAN_POINT('',(6.328997359581E-2,-1.830969137090E-3,
-1.427039214681E-2));
#4540=CARTESIAN_POINT('',(6.229472845791E-2,-1.830969137090E-3,
-1.427039214681E-2));
#4541=CARTESIAN_POINT('',(6.129948332002E-2,-1.830969137090E-3,
-1.427039214681E-2));
#4542=CARTESIAN_POINT('',(6.418532979506E-2,-2.729599777060E-3,
-1.409416535593E-2));
#4543=CARTESIAN_POINT('',(6.319008465716E-2,-2.729599777060E-3,
-1.409416535593E-2));
#4544=CARTESIAN_POINT('',(6.219483951926E-2,-2.729599777060E-3,
-1.409416535593E-2));
#4545=CARTESIAN_POINT('',(6.119959438137E-2,-2.729599777060E-3,
-1.409416535593E-2));
#4546=B_SPLINE_SURFACE_WITH_KNOTS('',3,3,((#4278,#4279,#4280,#4281),(#4282,
#4283,#4284,#4285),(#4286,#4287,#4288,#4289),(#4290,#4291,#4292,#4293),(#4294,
#4295,#4296,#4297),(#4298,#4299,#4300,#4301),(#4302,#4303,#4304,#4305),(#4306,
#4307,#4308,#4309),(#4310,#4311,#4312,#4313),(#4314,#4315,#4316,#4317),(#4318,
#4319,#4320,#4321),(#4322,#4323,#4324,#4325),(#4326,#4327,#4328,#4329),(#4330,
#4331,#4332,#4333),(#4334,#4335,#4336,#4337),(#4338,#4339,#4340,#4341),(#4342,
#4343,#4344,#4345),(#4346,#4347,#4348,#4349),(#4350,#4351,#4352,#4353),(#4354,
#4355,#4356,#4357),(#4358,#4359,#4360,#4361),(#4362,#4363,#4364,#4365),(#4366,
#4367,#4368,#4369),(#4370,#4371,#4372,#4373),(#4374,#4375,#4376,#4377),(#4378,
#4379,#4380,#4381),(#4382,#4383,#4384,#4385),(#4386,#4387,#4388,#4389),(#4390,
#4391,#4392,#4393),(#4394,#4395,#4396,#4397),(#4398,#4399,#4400,#4401),(#4402,
#4403,#4404,#4405),(#4406,#4407,#4408,#4409),(#4410,#4411,#4412,#4413),(#4414,
#4415,#4416,#4417),(#4418,#4419,#4420,#4421),(#4422,#4423,#4424,#4425),(#4426,
#4427,#4428,#4429),(#4430,#4431,#4432,#4433),(#4434,#4435,#4436,#4437),(#4438,
#4439,#4440,#4441),(#4442,#4443,#4444,#4445),(#4446,#4447,#4448,#4449),(#4450,
#4451,#4452,#4453),(#4454,#4455,#4456,#4457),(#4458,#4459,#4460,#4461),(#4462,
#4463,#4464,#4465),(#4466,#4467,#4468,#4469),(#4470,#4471,#4472,#4473),(#4474,
#4475,#4476,#4477),(#4478,#4479,#4480,#4481),(#4482,#4483,#4484,#4485),(#4486,
#4487,#4488,#4489),(#4490,#4491,#4492,#4493),(#4494,#4495,#4496,#4497),(#4498,
#4499,#4500,#4501),(#4502,#4503,#4504,#4505),(#4506,#4507,#4508,#4509),(#4510,
#4511,#4512,#4513),(#4514,#4515,#4516,#4517),(#4518,#4519,#4520,#4521),(#4522,
#4523,#4524,#4525),(#4526,#4527,#4528,#4529),(#4530,#4531,#4532,#4533),(#4534,
#4535,#4536,#4537),(#4538,#4539,#4540,#4541),(#4542,#4543,#4544,#4545)),
.UNSPECIFIED.,.F.,.F.,.F.,(4,1,1,1,1,1,1,1,1,1,1,1,1,1,1,1,1,1,1,1,1,1,1,1,1,1,
1,1,1,1,1,1,1,1,1,1,1,1,1,1,1,1,1,1,1,1,1,1,1,1,1,1,1,1,1,1,1,1,1,1,1,1,1,1,4),(
4,4),(-9.742770895786E-3,0.E0,1.249983109782E-2,2.874983672789E-2,
4.499984235796E-2,6.124984798804E-2,7.749985361811E-2,9.374985924818E-2,
1.099998648783E-1,1.262498705083E-1,1.424998761384E-1,1.587498817685E-1,
1.749998873985E-1,1.912498930286E-1,2.074998986587E-1,2.237499042888E-1,
2.399999099188E-1,2.562499155489E-1,2.724999211790E-1,2.887499268091E-1,
3.049999324391E-1,3.212499380692E-1,3.374999436993E-1,3.537499493293E-1,
3.699999549594E-1,3.862499605895E-1,4.024999662196E-1,4.187499718496E-1,
4.349999774797E-1,4.512499831098E-1,4.674999887399E-1,4.837499943699E-1,5.E-1,
5.162500056301E-1,5.325000112601E-1,5.487500168902E-1,5.650000225203E-1,
5.812500281504E-1,5.975000337804E-1,6.137500394105E-1,6.300000450406E-1,
6.462500506707E-1,6.625000563007E-1,6.787500619308E-1,6.950000675609E-1,
7.112500731909E-1,7.275000788210E-1,7.437500844511E-1,7.600000900812E-1,
7.762500957112E-1,7.925001013413E-1,8.087501069714E-1,8.250001126015E-1,
8.412501182315E-1,8.575001238616E-1,8.737501294917E-1,8.900001351217E-1,
9.062501407518E-1,9.225001463819E-1,9.387501520120E-1,9.550001576420E-1,
9.712501632721E-1,9.875001689022E-1,1.E0,1.009742770896E0),(-8.336582432891E-2,
1.083367706559E0),.UNSPECIFIED.);
#4548=ORIENTED_EDGE('',*,*,#4547,.F.);
#4549=ORIENTED_EDGE('',*,*,#3875,.T.);
#4550=ORIENTED_EDGE('',*,*,#4223,.T.);
#4551=ORIENTED_EDGE('',*,*,#4201,.T.);
#4552=EDGE_LOOP('',(#4548,#4549,#4550,#4551));
#4553=FACE_OUTER_BOUND('',#4552,.F.);
#4555=FILL_AREA_STYLE_COLOUR('',#50);
#4556=FILL_AREA_STYLE('',(#4555));
#4557=SURFACE_STYLE_FILL_AREA(#4556);
#4558=SURFACE_SIDE_STYLE('',(#4557));
#4559=SURFACE_STYLE_USAGE(.BOTH.,#4558);
#4560=PRESENTATION_STYLE_ASSIGNMENT((#4559));
#4561=OVER_RIDING_STYLED_ITEM('',(#4560),#4554,#119);
#4562=CARTESIAN_POINT('',(6.478470715289E-2,2.729919917614E-3,
-1.409424509297E-2));
#4563=CARTESIAN_POINT('',(6.378946337569E-2,2.729919917614E-3,
-1.409424509297E-2));
#4564=CARTESIAN_POINT('',(6.279421959849E-2,2.729919917614E-3,
-1.409424509297E-2));
#4565=CARTESIAN_POINT('',(6.179897582129E-2,2.729919917614E-3,
-1.409424509297E-2));
#4566=CARTESIAN_POINT('',(6.468479560788E-2,1.831257192958E-3,
-1.427059549620E-2));
#4567=CARTESIAN_POINT('',(6.368955183068E-2,1.831257192958E-3,
-1.427059549620E-2));
#4568=CARTESIAN_POINT('',(6.269430805348E-2,1.831257192958E-3,
-1.427059549620E-2));
#4569=CARTESIAN_POINT('',(6.169906427628E-2,1.831257192958E-3,
-1.427059549620E-2));
#4570=CARTESIAN_POINT('',(6.442084815256E-2,-5.875094026503E-4,
-1.450040773615E-2));
#4571=CARTESIAN_POINT('',(6.342560437536E-2,-5.875094026503E-4,
-1.450040773615E-2));
#4572=CARTESIAN_POINT('',(6.243036059816E-2,-5.875094026503E-4,
-1.450040773615E-2));
#4573=CARTESIAN_POINT('',(6.143511682096E-2,-5.875094026503E-4,
-1.450040773615E-2));
#4574=CARTESIAN_POINT('',(6.394364610407E-2,-4.961944940895E-3,
-1.381161501553E-2));
#4575=CARTESIAN_POINT('',(6.294840232687E-2,-4.961944940895E-3,
-1.381161501553E-2));
#4576=CARTESIAN_POINT('',(6.195315854967E-2,-4.961944940895E-3,
-1.381161501553E-2));
#4577=CARTESIAN_POINT('',(6.095791477247E-2,-4.961944940895E-3,
-1.381161501553E-2));
#4578=CARTESIAN_POINT('',(6.335310100741E-2,-9.762496976236E-3,
-1.107338445190E-2));
#4579=CARTESIAN_POINT('',(6.235785723021E-2,-9.762496976236E-3,
-1.107338445190E-2));
#4580=CARTESIAN_POINT('',(6.136261345301E-2,-9.762496976236E-3,
-1.107338445190E-2));
#4581=CARTESIAN_POINT('',(6.036736967582E-2,-9.762496976236E-3,
-1.107338445190E-2));
#4582=CARTESIAN_POINT('',(6.271333722789E-2,-1.335736066908E-2,
-6.285497013070E-3));
#4583=CARTESIAN_POINT('',(6.171809345069E-2,-1.335736066908E-2,
-6.285497013070E-3));
#4584=CARTESIAN_POINT('',(6.072284967349E-2,-1.335736066908E-2,
-6.285497013070E-3));
#4585=CARTESIAN_POINT('',(5.972760589629E-2,-1.335736066908E-2,
-6.285497013070E-3));
#4586=CARTESIAN_POINT('',(6.207357344836E-2,-1.475504803614E-2,
-4.636957302082E-4));
#4587=CARTESIAN_POINT('',(6.107832967116E-2,-1.475504803614E-2,
-4.636957302082E-4));
#4588=CARTESIAN_POINT('',(6.008308589396E-2,-1.475504803614E-2,
-4.636957302082E-4));
#4589=CARTESIAN_POINT('',(5.908784211676E-2,-1.475504803614E-2,
-4.636957302082E-4));
#4590=CARTESIAN_POINT('',(6.143380966883E-2,-1.372567027556E-2,
5.434377137912E-3));
#4591=CARTESIAN_POINT('',(6.043856589164E-2,-1.372567027556E-2,
5.434377137912E-3));
#4592=CARTESIAN_POINT('',(5.944332211444E-2,-1.372567027556E-2,
5.434377137912E-3));
#4593=CARTESIAN_POINT('',(5.844807833724E-2,-1.372567027556E-2,
5.434377137912E-3));
#4594=CARTESIAN_POINT('',(6.079404588931E-2,-1.043854572573E-2,
1.043854579760E-2));
#4595=CARTESIAN_POINT('',(5.979880211211E-2,-1.043854572573E-2,
1.043854579760E-2));
#4596=CARTESIAN_POINT('',(5.880355833491E-2,-1.043854572573E-2,
1.043854579760E-2));
#4597=CARTESIAN_POINT('',(5.780831455771E-2,-1.043854572573E-2,
1.043854579760E-2));
#4598=CARTESIAN_POINT('',(6.015428210978E-2,-5.434377245513E-3,
1.372567009562E-2));
#4599=CARTESIAN_POINT('',(5.915903833258E-2,-5.434377245513E-3,
1.372567009562E-2));
#4600=CARTESIAN_POINT('',(5.816379455539E-2,-5.434377245513E-3,
1.372567009562E-2));
#4601=CARTESIAN_POINT('',(5.716855077819E-2,-5.434377245513E-3,
1.372567009562E-2));
#4602=CARTESIAN_POINT('',(5.951451833026E-2,4.636960886889E-4,
1.475504868400E-2));
#4603=CARTESIAN_POINT('',(5.851927455306E-2,4.636960886889E-4,
1.475504868400E-2));
#4604=CARTESIAN_POINT('',(5.752403077586E-2,4.636960886889E-4,
1.475504868400E-2));
#4605=CARTESIAN_POINT('',(5.652878699866E-2,4.636960886889E-4,
1.475504868400E-2));
#4606=CARTESIAN_POINT('',(5.887475455073E-2,6.285495686691E-3,
1.335735825757E-2));
#4607=CARTESIAN_POINT('',(5.787951077353E-2,6.285495686691E-3,
1.335735825757E-2));
#4608=CARTESIAN_POINT('',(5.688426699633E-2,6.285495686691E-3,
1.335735825757E-2));
#4609=CARTESIAN_POINT('',(5.588902321913E-2,6.285495686691E-3,
1.335735825757E-2));
#4610=CARTESIAN_POINT('',(5.823499077120E-2,1.107338939887E-2,
9.762505974468E-3));
#4611=CARTESIAN_POINT('',(5.723974699400E-2,1.107338939887E-2,
9.762505974468E-3));
#4612=CARTESIAN_POINT('',(5.624450321681E-2,1.107338939887E-2,
9.762505974468E-3));
#4613=CARTESIAN_POINT('',(5.524925943961E-2,1.107338939887E-2,
9.762505974468E-3));
#4614=CARTESIAN_POINT('',(5.759522699168E-2,1.403981299755E-2,
4.561811774339E-3));
#4615=CARTESIAN_POINT('',(5.659998321448E-2,1.403981299755E-2,
4.561811774339E-3));
#4616=CARTESIAN_POINT('',(5.560473943728E-2,1.403981299755E-2,
4.561811774339E-3));
#4617=CARTESIAN_POINT('',(5.460949566008E-2,1.403981299755E-2,
4.561811774339E-3));
#4618=CARTESIAN_POINT('',(5.695546321215E-2,1.469681724598E-2,
-1.389258259463E-3));
#4619=CARTESIAN_POINT('',(5.596021943495E-2,1.469681724598E-2,
-1.389258259463E-3));
#4620=CARTESIAN_POINT('',(5.496497565775E-2,1.469681724598E-2,
-1.389258259463E-3));
#4621=CARTESIAN_POINT('',(5.396973188055E-2,1.469681724598E-2,
-1.389258259463E-3));
#4622=CARTESIAN_POINT('',(5.631569943262E-2,1.293633102302E-2,
-7.111808162178E-3));
#4623=CARTESIAN_POINT('',(5.532045565542E-2,1.293633102302E-2,
-7.111808162178E-3));
#4624=CARTESIAN_POINT('',(5.432521187822E-2,1.293633102302E-2,
-7.111808162178E-3));
#4625=CARTESIAN_POINT('',(5.332996810102E-2,1.293633102302E-2,
-7.111808162178E-3));
#4626=CARTESIAN_POINT('',(5.567593565309E-2,9.047938025555E-3,
-1.166453141616E-2));
#4627=CARTESIAN_POINT('',(5.468069187589E-2,9.047938025555E-3,
-1.166453141616E-2));
#4628=CARTESIAN_POINT('',(5.368544809870E-2,9.047938025555E-3,
-1.166453141616E-2));
#4629=CARTESIAN_POINT('',(5.269020432150E-2,9.047938025555E-3,
-1.166453141616E-2));
#4630=CARTESIAN_POINT('',(5.503617187357E-2,3.671242928689E-3,
-1.429854716505E-2));
#4631=CARTESIAN_POINT('',(5.404092809637E-2,3.671242928689E-3,
-1.429854716505E-2));
#4632=CARTESIAN_POINT('',(5.304568431917E-2,3.671242928689E-3,
-1.429854716505E-2));
#4633=CARTESIAN_POINT('',(5.205044054197E-2,3.671242928689E-3,
-1.429854716505E-2));
#4634=CARTESIAN_POINT('',(5.439640809404E-2,-2.309337665923E-3,
-1.458058418643E-2));
#4635=CARTESIAN_POINT('',(5.340116431684E-2,-2.309337665923E-3,
-1.458058418643E-2));
#4636=CARTESIAN_POINT('',(5.240592053964E-2,-2.309337665923E-3,
-1.458058418643E-2));
#4637=CARTESIAN_POINT('',(5.141067676244E-2,-2.309337665923E-3,
-1.458058418643E-2));
#4638=CARTESIAN_POINT('',(5.375664431451E-2,-7.910053579024E-3,
-1.246424999949E-2));
#4639=CARTESIAN_POINT('',(5.276140053731E-2,-7.910053579024E-3,
-1.246424999949E-2));
#4640=CARTESIAN_POINT('',(5.176615676011E-2,-7.910053579024E-3,
-1.246424999949E-2));
#4641=CARTESIAN_POINT('',(5.077091298291E-2,-7.910053579024E-3,
-1.246424999949E-2));
#4642=CARTESIAN_POINT('',(5.311688053498E-2,-1.220963885720E-2,
-8.297661998998E-3));
#4643=CARTESIAN_POINT('',(5.212163675778E-2,-1.220963885720E-2,
-8.297661998998E-3));
#4644=CARTESIAN_POINT('',(5.112639298058E-2,-1.220963885720E-2,
-8.297661998998E-3));
#4645=CARTESIAN_POINT('',(5.013114920339E-2,-1.220963885720E-2,
-8.297661998998E-3));
#4646=CARTESIAN_POINT('',(5.247711675545E-2,-1.450085149922E-2,
-2.766185364401E-3));
#4647=CARTESIAN_POINT('',(5.148187297825E-2,-1.450085149922E-2,
-2.766185364401E-3));
#4648=CARTESIAN_POINT('',(5.048662920106E-2,-1.450085149922E-2,
-2.766185364401E-3));
#4649=CARTESIAN_POINT('',(4.949138542386E-2,-1.450085149922E-2,
-2.766185364401E-3));
#4650=CARTESIAN_POINT('',(5.183735297592E-2,-1.440680822235E-2,
3.220303171640E-3));
#4651=CARTESIAN_POINT('',(5.084210919873E-2,-1.440680822235E-2,
3.220303171640E-3));
#4652=CARTESIAN_POINT('',(4.984686542153E-2,-1.440680822235E-2,
3.220303171640E-3));
#4653=CARTESIAN_POINT('',(4.885162164433E-2,-1.440680822235E-2,
3.220303171640E-3));
#4654=CARTESIAN_POINT('',(5.119758919640E-2,-1.194297827558E-2,
8.677081628157E-3));
#4655=CARTESIAN_POINT('',(5.020234541920E-2,-1.194297827558E-2,
8.677081628157E-3));
#4656=CARTESIAN_POINT('',(4.920710164200E-2,-1.194297827558E-2,
8.677081628157E-3));
#4657=CARTESIAN_POINT('',(4.821185786480E-2,-1.194297827558E-2,
8.677081628157E-3));
#4658=CARTESIAN_POINT('',(5.055782541687E-2,-7.514638891377E-3,
1.270656043172E-2));
#4659=CARTESIAN_POINT('',(4.956258163967E-2,-7.514638891377E-3,
1.270656043172E-2));
#4660=CARTESIAN_POINT('',(4.856733786247E-2,-7.514638891377E-3,
1.270656043172E-2));
#4661=CARTESIAN_POINT('',(4.757209408527E-2,-7.514638891377E-3,
1.270656043172E-2));
#4662=CARTESIAN_POINT('',(4.991806163734E-2,-1.850210930232E-3,
1.464592759734E-2));
#4663=CARTESIAN_POINT('',(4.892281786014E-2,-1.850210930232E-3,
1.464592759734E-2));
#4664=CARTESIAN_POINT('',(4.792757408294E-2,-1.850210930232E-3,
1.464592759734E-2));
#4665=CARTESIAN_POINT('',(4.693233030574E-2,-1.850210930232E-3,
1.464592759734E-2));
#4666=CARTESIAN_POINT('',(4.927829785781E-2,4.118559611954E-3,
1.417617516806E-2));
#4667=CARTESIAN_POINT('',(4.828305408061E-2,4.118559611954E-3,
1.417617516806E-2));
#4668=CARTESIAN_POINT('',(4.728781030341E-2,4.118559611954E-3,
1.417617516806E-2));
#4669=CARTESIAN_POINT('',(4.629256652621E-2,4.118559611954E-3,
1.417617516806E-2));
#4670=CARTESIAN_POINT('',(4.863853407828E-2,9.409865200285E-3,
1.137457307266E-2));
#4671=CARTESIAN_POINT('',(4.764329030108E-2,9.409865200285E-3,
1.137457307266E-2));
#4672=CARTESIAN_POINT('',(4.664804652388E-2,9.409865200285E-3,
1.137457307266E-2));
#4673=CARTESIAN_POINT('',(4.565280274669E-2,9.409865200285E-3,
1.137457307266E-2));
#4674=CARTESIAN_POINT('',(4.799877029875E-2,1.315333501730E-2,
6.701958937166E-3));
#4675=CARTESIAN_POINT('',(4.700352652155E-2,1.315333501730E-2,
6.701958937166E-3));
#4676=CARTESIAN_POINT('',(4.600828274436E-2,1.315333501730E-2,
6.701958937166E-3));
#4677=CARTESIAN_POINT('',(4.501303896716E-2,1.315333501730E-2,
6.701958937166E-3));
#4678=CARTESIAN_POINT('',(4.735900651922E-2,1.473320291031E-2,
9.269345588017E-4));
#4679=CARTESIAN_POINT('',(4.636376274203E-2,1.473320291031E-2,
9.269345588017E-4));
#4680=CARTESIAN_POINT('',(4.536851896483E-2,1.473320291031E-2,
9.269345588017E-4));
#4681=CARTESIAN_POINT('',(4.437327518763E-2,1.473320291031E-2,
9.269345588017E-4));
#4682=CARTESIAN_POINT('',(4.671924273970E-2,1.388959522687E-2,
-5.000561979073E-3));
#4683=CARTESIAN_POINT('',(4.572399896250E-2,1.388959522687E-2,
-5.000561979073E-3));
#4684=CARTESIAN_POINT('',(4.472875518530E-2,1.388959522687E-2,
-5.000561979073E-3));
#4685=CARTESIAN_POINT('',(4.373351140810E-2,1.388959522687E-2,
-5.000561979073E-3));
#4686=CARTESIAN_POINT('',(4.607947896017E-2,1.076127762636E-2,
-1.010551233343E-2));
#4687=CARTESIAN_POINT('',(4.508423518297E-2,1.076127762636E-2,
-1.010551233343E-2));
#4688=CARTESIAN_POINT('',(4.408899140577E-2,1.076127762636E-2,
-1.010551233343E-2));
#4689=CARTESIAN_POINT('',(4.309374762857E-2,1.076127762636E-2,
-1.010551233343E-2));
#4690=CARTESIAN_POINT('',(4.543971518064E-2,5.862829412863E-3,
-1.354819939875E-2));
#4691=CARTESIAN_POINT('',(4.444447140344E-2,5.862829412863E-3,
-1.354819939875E-2));
#4692=CARTESIAN_POINT('',(4.344922762624E-2,5.862829412863E-3,
-1.354819939875E-2));
#4693=CARTESIAN_POINT('',(4.245398384904E-2,5.862829412863E-3,
-1.354819939875E-2));
#4694=CARTESIAN_POINT('',(4.479995140111E-2,1.416516643565E-13,
-1.476233300237E-2));
#4695=CARTESIAN_POINT('',(4.380470762391E-2,1.416516643565E-13,
-1.476233300237E-2));
#4696=CARTESIAN_POINT('',(4.280946384671E-2,1.416516643565E-13,
-1.476233300237E-2));
#4697=CARTESIAN_POINT('',(4.181422006951E-2,1.416516643565E-13,
-1.476233300237E-2));
#4698=CARTESIAN_POINT('',(4.416018762158E-2,-5.862829412603E-3,
-1.354819939887E-2));
#4699=CARTESIAN_POINT('',(4.316494384438E-2,-5.862829412603E-3,
-1.354819939887E-2));
#4700=CARTESIAN_POINT('',(4.216970006718E-2,-5.862829412603E-3,
-1.354819939887E-2));
#4701=CARTESIAN_POINT('',(4.117445628998E-2,-5.862829412603E-3,
-1.354819939887E-2));
#4702=CARTESIAN_POINT('',(4.352042384205E-2,-1.076127762617E-2,
-1.010551233364E-2));
#4703=CARTESIAN_POINT('',(4.252518006485E-2,-1.076127762617E-2,
-1.010551233364E-2));
#4704=CARTESIAN_POINT('',(4.152993628765E-2,-1.076127762617E-2,
-1.010551233364E-2));
#4705=CARTESIAN_POINT('',(4.053469251045E-2,-1.076127762617E-2,
-1.010551233364E-2));
#4706=CARTESIAN_POINT('',(4.288066006252E-2,-1.388959522677E-2,
-5.000561979337E-3));
#4707=CARTESIAN_POINT('',(4.188541628532E-2,-1.388959522677E-2,
-5.000561979337E-3));
#4708=CARTESIAN_POINT('',(4.089017250812E-2,-1.388959522677E-2,
-5.000561979337E-3));
#4709=CARTESIAN_POINT('',(3.989492873093E-2,-1.388959522677E-2,
-5.000561979337E-3));
#4710=CARTESIAN_POINT('',(4.224089628299E-2,-1.473320291033E-2,
9.269345585232E-4));
#4711=CARTESIAN_POINT('',(4.124565250579E-2,-1.473320291033E-2,
9.269345585232E-4));
#4712=CARTESIAN_POINT('',(4.025040872860E-2,-1.473320291033E-2,
9.269345585232E-4));
#4713=CARTESIAN_POINT('',(3.925516495140E-2,-1.473320291033E-2,
9.269345585232E-4));
#4714=CARTESIAN_POINT('',(4.160113250346E-2,-1.315333501742E-2,
6.701958936920E-3));
#4715=CARTESIAN_POINT('',(4.060588872626E-2,-1.315333501742E-2,
6.701958936920E-3));
#4716=CARTESIAN_POINT('',(3.961064494907E-2,-1.315333501742E-2,
6.701958936920E-3));
#4717=CARTESIAN_POINT('',(3.861540117187E-2,-1.315333501742E-2,
6.701958936920E-3));
#4718=CARTESIAN_POINT('',(4.096136872393E-2,-9.409865200496E-3,
1.137457307248E-2));
#4719=CARTESIAN_POINT('',(3.996612494674E-2,-9.409865200496E-3,
1.137457307248E-2));
#4720=CARTESIAN_POINT('',(3.897088116954E-2,-9.409865200496E-3,
1.137457307248E-2));
#4721=CARTESIAN_POINT('',(3.797563739234E-2,-9.409865200496E-3,
1.137457307248E-2));
#4722=CARTESIAN_POINT('',(4.032160494441E-2,-4.118559612213E-3,
1.417617516799E-2));
#4723=CARTESIAN_POINT('',(3.932636116721E-2,-4.118559612213E-3,
1.417617516799E-2));
#4724=CARTESIAN_POINT('',(3.833111739001E-2,-4.118559612213E-3,
1.417617516799E-2));
#4725=CARTESIAN_POINT('',(3.733587361281E-2,-4.118559612213E-3,
1.417617516799E-2));
#4726=CARTESIAN_POINT('',(3.968184116488E-2,1.850210929968E-3,
1.464592759737E-2));
#4727=CARTESIAN_POINT('',(3.868659738768E-2,1.850210929968E-3,
1.464592759737E-2));
#4728=CARTESIAN_POINT('',(3.769135361048E-2,1.850210929968E-3,
1.464592759737E-2));
#4729=CARTESIAN_POINT('',(3.669610983328E-2,1.850210929968E-3,
1.464592759737E-2));
#4730=CARTESIAN_POINT('',(3.904207738535E-2,7.514638891153E-3,
1.270656043185E-2));
#4731=CARTESIAN_POINT('',(3.804683360815E-2,7.514638891153E-3,
1.270656043185E-2));
#4732=CARTESIAN_POINT('',(3.705158983095E-2,7.514638891153E-3,
1.270656043185E-2));
#4733=CARTESIAN_POINT('',(3.605634605375E-2,7.514638891153E-3,
1.270656043185E-2));
#4734=CARTESIAN_POINT('',(3.840231360582E-2,1.194297827543E-2,
8.677081628364E-3));
#4735=CARTESIAN_POINT('',(3.740706982862E-2,1.194297827543E-2,
8.677081628364E-3));
#4736=CARTESIAN_POINT('',(3.641182605142E-2,1.194297827543E-2,
8.677081628364E-3));
#4737=CARTESIAN_POINT('',(3.541658227422E-2,1.194297827543E-2,
8.677081628364E-3));
#4738=CARTESIAN_POINT('',(3.776254982629E-2,1.440680822229E-2,
3.220303171884E-3));
#4739=CARTESIAN_POINT('',(3.676730604909E-2,1.440680822229E-2,
3.220303171884E-3));
#4740=CARTESIAN_POINT('',(3.577206227189E-2,1.440680822229E-2,
3.220303171884E-3));
#4741=CARTESIAN_POINT('',(3.477681849470E-2,1.440680822229E-2,
3.220303171884E-3));
#4742=CARTESIAN_POINT('',(3.712278604676E-2,1.450085149927E-2,
-2.766185364162E-3));
#4743=CARTESIAN_POINT('',(3.612754226956E-2,1.450085149927E-2,
-2.766185364162E-3));
#4744=CARTESIAN_POINT('',(3.513229849237E-2,1.450085149927E-2,
-2.766185364162E-3));
#4745=CARTESIAN_POINT('',(3.413705471517E-2,1.450085149927E-2,
-2.766185364162E-3));
#4746=CARTESIAN_POINT('',(3.648302226723E-2,1.220963885733E-2,
-8.297661998803E-3));
#4747=CARTESIAN_POINT('',(3.548777849004E-2,1.220963885733E-2,
-8.297661998803E-3));
#4748=CARTESIAN_POINT('',(3.449253471284E-2,1.220963885733E-2,
-8.297661998803E-3));
#4749=CARTESIAN_POINT('',(3.349729093564E-2,1.220963885733E-2,
-8.297661998803E-3));
#4750=CARTESIAN_POINT('',(3.584325848771E-2,7.910053579218E-3,
-1.246424999937E-2));
#4751=CARTESIAN_POINT('',(3.484801471051E-2,7.910053579218E-3,
-1.246424999937E-2));
#4752=CARTESIAN_POINT('',(3.385277093331E-2,7.910053579218E-3,
-1.246424999937E-2));
#4753=CARTESIAN_POINT('',(3.285752715611E-2,7.910053579218E-3,
-1.246424999937E-2));
#4754=CARTESIAN_POINT('',(3.520349470818E-2,2.309337666141E-3,
-1.458058418639E-2));
#4755=CARTESIAN_POINT('',(3.420825093098E-2,2.309337666141E-3,
-1.458058418639E-2));
#4756=CARTESIAN_POINT('',(3.321300715378E-2,2.309337666141E-3,
-1.458058418639E-2));
#4757=CARTESIAN_POINT('',(3.221776337658E-2,2.309337666141E-3,
-1.458058418639E-2));
#4758=CARTESIAN_POINT('',(3.456373092865E-2,-3.671242928484E-3,
-1.429854716511E-2));
#4759=CARTESIAN_POINT('',(3.356848715145E-2,-3.671242928484E-3,
-1.429854716511E-2));
#4760=CARTESIAN_POINT('',(3.257324337425E-2,-3.671242928484E-3,
-1.429854716511E-2));
#4761=CARTESIAN_POINT('',(3.157799959705E-2,-3.671242928484E-3,
-1.429854716511E-2));
#4762=CARTESIAN_POINT('',(3.392396714912E-2,-9.047938025395E-3,
-1.166453141628E-2));
#4763=CARTESIAN_POINT('',(3.292872337192E-2,-9.047938025395E-3,
-1.166453141628E-2));
#4764=CARTESIAN_POINT('',(3.193347959473E-2,-9.047938025395E-3,
-1.166453141628E-2));
#4765=CARTESIAN_POINT('',(3.093823581753E-2,-9.047938025395E-3,
-1.166453141628E-2));
#4766=CARTESIAN_POINT('',(3.328420336960E-2,-1.293633102292E-2,
-7.111808162348E-3));
#4767=CARTESIAN_POINT('',(3.228895959240E-2,-1.293633102292E-2,
-7.111808162348E-3));
#4768=CARTESIAN_POINT('',(3.129371581520E-2,-1.293633102292E-2,
-7.111808162348E-3));
#4769=CARTESIAN_POINT('',(3.029847203800E-2,-1.293633102292E-2,
-7.111808162348E-3));
#4770=CARTESIAN_POINT('',(3.264443959007E-2,-1.469681724596E-2,
-1.389258259646E-3));
#4771=CARTESIAN_POINT('',(3.164919581287E-2,-1.469681724596E-2,
-1.389258259646E-3));
#4772=CARTESIAN_POINT('',(3.065395203567E-2,-1.469681724596E-2,
-1.389258259646E-3));
#4773=CARTESIAN_POINT('',(2.965870825847E-2,-1.469681724596E-2,
-1.389258259646E-3));
#4774=CARTESIAN_POINT('',(3.200467581054E-2,-1.403981299760E-2,
4.561811774175E-3));
#4775=CARTESIAN_POINT('',(3.100943203334E-2,-1.403981299760E-2,
4.561811774175E-3));
#4776=CARTESIAN_POINT('',(3.001418825614E-2,-1.403981299760E-2,
4.561811774175E-3));
#4777=CARTESIAN_POINT('',(2.901894447895E-2,-1.403981299760E-2,
4.561811774175E-3));
#4778=CARTESIAN_POINT('',(3.136491203101E-2,-1.107338939898E-2,
9.762505974348E-3));
#4779=CARTESIAN_POINT('',(3.036966825382E-2,-1.107338939898E-2,
9.762505974348E-3));
#4780=CARTESIAN_POINT('',(2.937442447662E-2,-1.107338939898E-2,
9.762505974348E-3));
#4781=CARTESIAN_POINT('',(2.837918069942E-2,-1.107338939898E-2,
9.762505974348E-3));
#4782=CARTESIAN_POINT('',(3.072514825149E-2,-6.285495686827E-3,
1.335735825751E-2));
#4783=CARTESIAN_POINT('',(2.972990447429E-2,-6.285495686827E-3,
1.335735825751E-2));
#4784=CARTESIAN_POINT('',(2.873466069709E-2,-6.285495686827E-3,
1.335735825751E-2));
#4785=CARTESIAN_POINT('',(2.773941691989E-2,-6.285495686827E-3,
1.335735825751E-2));
#4786=CARTESIAN_POINT('',(3.008538447196E-2,-4.636960888258E-4,
1.475504868400E-2));
#4787=CARTESIAN_POINT('',(2.909014069476E-2,-4.636960888258E-4,
1.475504868400E-2));
#4788=CARTESIAN_POINT('',(2.809489691756E-2,-4.636960888258E-4,
1.475504868400E-2));
#4789=CARTESIAN_POINT('',(2.709965314036E-2,-4.636960888258E-4,
1.475504868400E-2));
#4790=CARTESIAN_POINT('',(2.944562069243E-2,5.434377245398E-3,
1.372567009566E-2));
#4791=CARTESIAN_POINT('',(2.845037691524E-2,5.434377245398E-3,
1.372567009566E-2));
#4792=CARTESIAN_POINT('',(2.745513313804E-2,5.434377245398E-3,
1.372567009566E-2));
#4793=CARTESIAN_POINT('',(2.645988936084E-2,5.434377245398E-3,
1.372567009566E-2));
#4794=CARTESIAN_POINT('',(2.880585691291E-2,1.043854572565E-2,
1.043854579768E-2));
#4795=CARTESIAN_POINT('',(2.781061313571E-2,1.043854572565E-2,
1.043854579768E-2));
#4796=CARTESIAN_POINT('',(2.681536935851E-2,1.043854572565E-2,
1.043854579768E-2));
#4797=CARTESIAN_POINT('',(2.582012558131E-2,1.043854572565E-2,
1.043854579768E-2));
#4798=CARTESIAN_POINT('',(2.816609313338E-2,1.372567027552E-2,
5.434377138002E-3));
#4799=CARTESIAN_POINT('',(2.717084935618E-2,1.372567027552E-2,
5.434377138002E-3));
#4800=CARTESIAN_POINT('',(2.617560557898E-2,1.372567027552E-2,
5.434377138002E-3));
#4801=CARTESIAN_POINT('',(2.518036180179E-2,1.372567027552E-2,
5.434377138002E-3));
#4802=CARTESIAN_POINT('',(2.752632935386E-2,1.475504803614E-2,
-4.636957301269E-4));
#4803=CARTESIAN_POINT('',(2.653108557666E-2,1.475504803614E-2,
-4.636957301269E-4));
#4804=CARTESIAN_POINT('',(2.553584179946E-2,1.475504803614E-2,
-4.636957301269E-4));
#4805=CARTESIAN_POINT('',(2.454059802226E-2,1.475504803614E-2,
-4.636957301269E-4));
#4806=CARTESIAN_POINT('',(2.688656557433E-2,1.335736066911E-2,
-6.285497013011E-3));
#4807=CARTESIAN_POINT('',(2.589132179713E-2,1.335736066911E-2,
-6.285497013011E-3));
#4808=CARTESIAN_POINT('',(2.489607801993E-2,1.335736066911E-2,
-6.285497013011E-3));
#4809=CARTESIAN_POINT('',(2.390083424273E-2,1.335736066911E-2,
-6.285497013011E-3));
#4810=CARTESIAN_POINT('',(2.624680179481E-2,9.762496976276E-3,
-1.107338445187E-2));
#4811=CARTESIAN_POINT('',(2.525155801761E-2,9.762496976276E-3,
-1.107338445187E-2));
#4812=CARTESIAN_POINT('',(2.425631424041E-2,9.762496976276E-3,
-1.107338445187E-2));
#4813=CARTESIAN_POINT('',(2.326107046321E-2,9.762496976276E-3,
-1.107338445187E-2));
#4814=CARTESIAN_POINT('',(2.565625669815E-2,4.961944940923E-3,
-1.381161501552E-2));
#4815=CARTESIAN_POINT('',(2.466101292095E-2,4.961944940923E-3,
-1.381161501552E-2));
#4816=CARTESIAN_POINT('',(2.366576914375E-2,4.961944940923E-3,
-1.381161501552E-2));
#4817=CARTESIAN_POINT('',(2.267052536655E-2,4.961944940923E-3,
-1.381161501552E-2));
#4818=CARTESIAN_POINT('',(2.517905464966E-2,5.875094026615E-4,
-1.450040773615E-2));
#4819=CARTESIAN_POINT('',(2.418381087246E-2,5.875094026615E-4,
-1.450040773615E-2));
#4820=CARTESIAN_POINT('',(2.318856709526E-2,5.875094026615E-4,
-1.450040773615E-2));
#4821=CARTESIAN_POINT('',(2.219332331806E-2,5.875094026615E-4,
-1.450040773615E-2));
#4822=CARTESIAN_POINT('',(2.491510719434E-2,-1.831257192957E-3,
-1.427059549620E-2));
#4823=CARTESIAN_POINT('',(2.391986341714E-2,-1.831257192957E-3,
-1.427059549620E-2));
#4824=CARTESIAN_POINT('',(2.292461963994E-2,-1.831257192957E-3,
-1.427059549620E-2));
#4825=CARTESIAN_POINT('',(2.192937586274E-2,-1.831257192957E-3,
-1.427059549620E-2));
#4826=CARTESIAN_POINT('',(2.481519564933E-2,-2.729919917614E-3,
-1.409424509297E-2));
#4827=CARTESIAN_POINT('',(2.381995187213E-2,-2.729919917614E-3,
-1.409424509297E-2));
#4828=CARTESIAN_POINT('',(2.282470809493E-2,-2.729919917614E-3,
-1.409424509297E-2));
#4829=CARTESIAN_POINT('',(2.182946431773E-2,-2.729919917614E-3,
-1.409424509297E-2));
#4830=B_SPLINE_SURFACE_WITH_KNOTS('',3,3,((#4562,#4563,#4564,#4565),(#4566,
#4567,#4568,#4569),(#4570,#4571,#4572,#4573),(#4574,#4575,#4576,#4577),(#4578,
#4579,#4580,#4581),(#4582,#4583,#4584,#4585),(#4586,#4587,#4588,#4589),(#4590,
#4591,#4592,#4593),(#4594,#4595,#4596,#4597),(#4598,#4599,#4600,#4601),(#4602,
#4603,#4604,#4605),(#4606,#4607,#4608,#4609),(#4610,#4611,#4612,#4613),(#4614,
#4615,#4616,#4617),(#4618,#4619,#4620,#4621),(#4622,#4623,#4624,#4625),(#4626,
#4627,#4628,#4629),(#4630,#4631,#4632,#4633),(#4634,#4635,#4636,#4637),(#4638,
#4639,#4640,#4641),(#4642,#4643,#4644,#4645),(#4646,#4647,#4648,#4649),(#4650,
#4651,#4652,#4653),(#4654,#4655,#4656,#4657),(#4658,#4659,#4660,#4661),(#4662,
#4663,#4664,#4665),(#4666,#4667,#4668,#4669),(#4670,#4671,#4672,#4673),(#4674,
#4675,#4676,#4677),(#4678,#4679,#4680,#4681),(#4682,#4683,#4684,#4685),(#4686,
#4687,#4688,#4689),(#4690,#4691,#4692,#4693),(#4694,#4695,#4696,#4697),(#4698,
#4699,#4700,#4701),(#4702,#4703,#4704,#4705),(#4706,#4707,#4708,#4709),(#4710,
#4711,#4712,#4713),(#4714,#4715,#4716,#4717),(#4718,#4719,#4720,#4721),(#4722,
#4723,#4724,#4725),(#4726,#4727,#4728,#4729),(#4730,#4731,#4732,#4733),(#4734,
#4735,#4736,#4737),(#4738,#4739,#4740,#4741),(#4742,#4743,#4744,#4745),(#4746,
#4747,#4748,#4749),(#4750,#4751,#4752,#4753),(#4754,#4755,#4756,#4757),(#4758,
#4759,#4760,#4761),(#4762,#4763,#4764,#4765),(#4766,#4767,#4768,#4769),(#4770,
#4771,#4772,#4773),(#4774,#4775,#4776,#4777),(#4778,#4779,#4780,#4781),(#4782,
#4783,#4784,#4785),(#4786,#4787,#4788,#4789),(#4790,#4791,#4792,#4793),(#4794,
#4795,#4796,#4797),(#4798,#4799,#4800,#4801),(#4802,#4803,#4804,#4805),(#4806,
#4807,#4808,#4809),(#4810,#4811,#4812,#4813),(#4814,#4815,#4816,#4817),(#4818,
#4819,#4820,#4821),(#4822,#4823,#4824,#4825),(#4826,#4827,#4828,#4829)),
.UNSPECIFIED.,.F.,.F.,.F.,(4,1,1,1,1,1,1,1,1,1,1,1,1,1,1,1,1,1,1,1,1,1,1,1,1,1,
1,1,1,1,1,1,1,1,1,1,1,1,1,1,1,1,1,1,1,1,1,1,1,1,1,1,1,1,1,1,1,1,1,1,1,1,1,1,4),(
4,4),(-7.613266789460E-3,0.E0,1.249954795583E-2,2.874956302397E-2,
4.499957809211E-2,6.124959316024E-2,7.749960822838E-2,9.374962329652E-2,
1.099996383647E-1,1.262496534328E-1,1.424996685009E-1,1.587496835691E-1,
1.749996986372E-1,1.912497137053E-1,2.074997287735E-1,2.237497438416E-1,
2.399997589098E-1,2.562497739779E-1,2.724997890460E-1,2.887498041142E-1,
3.049998191823E-1,3.212498342505E-1,3.374998493186E-1,3.537498643867E-1,
3.699998794549E-1,3.862498945230E-1,4.024999095911E-1,4.187499246593E-1,
4.349999397274E-1,4.512499547956E-1,4.674999698637E-1,4.837499849318E-1,5.E-1,
5.162500150681E-1,5.325000301362E-1,5.487500452044E-1,5.650000602725E-1,
5.812500753407E-1,5.975000904088E-1,6.137501054769E-1,6.300001205451E-1,
6.462501356132E-1,6.625001506814E-1,6.787501657495E-1,6.950001808176E-1,
7.112501958858E-1,7.275002109539E-1,7.437502260220E-1,7.600002410902E-1,
7.762502561583E-1,7.925002712265E-1,8.087502862946E-1,8.250003013627E-1,
8.412503164309E-1,8.575003314990E-1,8.737503465671E-1,8.900003616353E-1,
9.062503767034E-1,9.225003917716E-1,9.387504068397E-1,9.550004219078E-1,
9.712504369760E-1,9.875004520441E-1,1.E0,1.007613266789E0),(-8.336562443263E-2,
1.083366311299E0),.UNSPECIFIED.);
#4831=ORIENTED_EDGE('',*,*,#3568,.F.);
#4832=ORIENTED_EDGE('',*,*,#4547,.T.);
#4834=ORIENTED_EDGE('',*,*,#4833,.F.);
#4836=ORIENTED_EDGE('',*,*,#4835,.F.);
#4837=EDGE_LOOP('',(#4831,#4832,#4834,#4836));
#4838=FACE_OUTER_BOUND('',#4837,.F.);
#4840=FILL_AREA_STYLE_COLOUR('',#50);
#4841=FILL_AREA_STYLE('',(#4840));
#4842=SURFACE_STYLE_FILL_AREA(#4841);
#4843=SURFACE_SIDE_STYLE('',(#4842));
#4844=SURFACE_STYLE_USAGE(.BOTH.,#4843);
#4845=PRESENTATION_STYLE_ASSIGNMENT((#4844));
#4846=OVER_RIDING_STYLED_ITEM('',(#4845),#4839,#119);
#4847=CARTESIAN_POINT('',(6.214812680501E-2,2.292323279512E-3,
-1.394284730444E-2));
#4848=CARTESIAN_POINT('',(6.103530641986E-2,2.605002673341E-3,
-1.584469120333E-2));
#4849=CARTESIAN_POINT('',(5.992248603470E-2,2.917682067171E-3,
-1.774653510222E-2));
#4850=CARTESIAN_POINT('',(5.880966564955E-2,3.230361461001E-3,
-1.964837900110E-2));
#4851=CARTESIAN_POINT('',(6.206302951272E-2,1.535114870807E-3,
-1.406849713902E-2));
#4852=CARTESIAN_POINT('',(6.095020912756E-2,1.744508891080E-3,
-1.598748003155E-2));
#4853=CARTESIAN_POINT('',(5.983738874241E-2,1.953902911353E-3,
-1.790646292407E-2));
#4854=CARTESIAN_POINT('',(5.872456835725E-2,2.163296931627E-3,
-1.982544581660E-2));
#4855=CARTESIAN_POINT('',(6.181389530746E-2,-7.118568532586E-4,
-1.425014138900E-2));
#4856=CARTESIAN_POINT('',(6.070107492230E-2,-8.089561460852E-4,
-1.619390107217E-2));
#4857=CARTESIAN_POINT('',(5.958825453715E-2,-9.060554389117E-4,
-1.813766075533E-2));
#4858=CARTESIAN_POINT('',(5.847543415199E-2,-1.003154731738E-3,
-2.008142043850E-2));
#4859=CARTESIAN_POINT('',(6.135150650902E-2,-4.883498085689E-3,
-1.359328444597E-2));
#4860=CARTESIAN_POINT('',(6.023868612387E-2,-5.549621068800E-3,
-1.544744697998E-2));
#4861=CARTESIAN_POINT('',(5.912586573871E-2,-6.215744051911E-3,
-1.730160951400E-2));
#4862=CARTESIAN_POINT('',(5.801304535356E-2,-6.881867035021E-3,
-1.915577204802E-2));
#4863=CARTESIAN_POINT('',(6.076096040970E-2,-9.608170621761E-3,
-1.089833548049E-2));
#4864=CARTESIAN_POINT('',(5.964814002455E-2,-1.091875233276E-2,
-1.238489933570E-2));
#4865=CARTESIAN_POINT('',(5.853531963939E-2,-1.222933404376E-2,
-1.387146319092E-2));
#4866=CARTESIAN_POINT('',(5.742249925424E-2,-1.353991575476E-2,
-1.535802704613E-2));
#4867=CARTESIAN_POINT('',(6.012119663018E-2,-1.314620641393E-2,
-6.186135359749E-3));
#4868=CARTESIAN_POINT('',(5.900837624502E-2,-1.493938623695E-2,
-7.029941759887E-3));
#4869=CARTESIAN_POINT('',(5.789555585987E-2,-1.673256605998E-2,
-7.873748160024E-3));
#4870=CARTESIAN_POINT('',(5.678273547471E-2,-1.852574588300E-2,
-8.717554560161E-3));
#4871=CARTESIAN_POINT('',(5.948143285065E-2,-1.452179902422E-2,
-4.563655899989E-4));
#4872=CARTESIAN_POINT('',(5.836861246550E-2,-1.650261357895E-2,
-5.186151502249E-4));
#4873=CARTESIAN_POINT('',(5.725579208034E-2,-1.848342813369E-2,
-5.808647104510E-4));
#4874=CARTESIAN_POINT('',(5.614297169519E-2,-2.046424268842E-2,
-6.431142706771E-4));
#4875=CARTESIAN_POINT('',(5.884166907113E-2,-1.350869375188E-2,
5.348470057523E-3));
#4876=CARTESIAN_POINT('',(5.772884868597E-2,-1.535131787541E-2,
6.078016535740E-3));
#4877=CARTESIAN_POINT('',(5.661602830082E-2,-1.719394199895E-2,
6.807563013957E-3));
#4878=CARTESIAN_POINT('',(5.550320791566E-2,-1.903656612248E-2,
7.537109492175E-3));
#4879=CARTESIAN_POINT('',(5.820190529160E-2,-1.027353233706E-2,
1.027353240780E-2));
#4880=CARTESIAN_POINT('',(5.708908490645E-2,-1.167487127226E-2,
1.167487135265E-2));
#4881=CARTESIAN_POINT('',(5.597626452129E-2,-1.307621020746E-2,
1.307621029750E-2));
#4882=CARTESIAN_POINT('',(5.486344413614E-2,-1.447754914266E-2,
1.447754924235E-2));
#4883=CARTESIAN_POINT('',(5.756214151208E-2,-5.348470163422E-3,
1.350869357478E-2));
#4884=CARTESIAN_POINT('',(5.644932112692E-2,-6.078016656085E-3,
1.535131767416E-2));
#4885=CARTESIAN_POINT('',(5.533650074176E-2,-6.807563148747E-3,
1.719394177354E-2));
#4886=CARTESIAN_POINT('',(5.422368035661E-2,-7.537109641409E-3,
1.903656587292E-2));
#4887=CARTESIAN_POINT('',(5.692237773255E-2,4.563659428127E-4,
1.452179966184E-2));
#4888=CARTESIAN_POINT('',(5.580955734739E-2,5.186155511636E-4,
1.650261430355E-2));
#4889=CARTESIAN_POINT('',(5.469673696224E-2,5.808651595146E-4,
1.848342894526E-2));
#4890=CARTESIAN_POINT('',(5.358391657708E-2,6.431147678655E-4,
2.046424358697E-2));
#4891=CARTESIAN_POINT('',(5.628261395302E-2,6.186134054338E-3,
1.314620404053E-2));
#4892=CARTESIAN_POINT('',(5.516979356787E-2,7.029940276414E-3,
1.493938353982E-2));
#4893=CARTESIAN_POINT('',(5.405697318271E-2,7.873746498489E-3,
1.673256303911E-2));
#4894=CARTESIAN_POINT('',(5.294415279756E-2,8.717552720565E-3,
1.852574253839E-2));
#4895=CARTESIAN_POINT('',(5.564285017350E-2,1.089834034925E-2,
9.608179477748E-3));
#4896=CARTESIAN_POINT('',(5.453002978834E-2,1.238490486858E-2,
1.091876239673E-2));
#4897=CARTESIAN_POINT('',(5.341720940318E-2,1.387146938791E-2,
1.222934531571E-2));
#4898=CARTESIAN_POINT('',(5.230438901803E-2,1.535803390724E-2,
1.353992823469E-2));
#4899=CARTESIAN_POINT('',(5.500308639397E-2,1.381787047990E-2,
4.489698278924E-3));
#4900=CARTESIAN_POINT('',(5.389026600881E-2,1.570266718562E-2,
5.102105852009E-3));
#4901=CARTESIAN_POINT('',(5.277744562366E-2,1.758746389135E-2,
5.714513425094E-3));
#4902=CARTESIAN_POINT('',(5.166462523850E-2,1.947226059707E-2,
6.326920998179E-3));
#4903=CARTESIAN_POINT('',(5.436332261444E-2,1.446448875118E-2,
-1.367296750729E-3));
#4904=CARTESIAN_POINT('',(5.325050222929E-2,1.643748602220E-2,
-1.553799903677E-3));
#4905=CARTESIAN_POINT('',(5.213768184413E-2,1.841048329323E-2,
-1.740303056624E-3));
#4906=CARTESIAN_POINT('',(5.102486145897E-2,2.038348056425E-2,
-1.926806209571E-3));
#4907=CARTESIAN_POINT('',(5.372355883491E-2,1.273183243911E-2,
-6.999384114307E-3));
#4908=CARTESIAN_POINT('',(5.261073844976E-2,1.446849047726E-2,
-7.954119950043E-3));
#4909=CARTESIAN_POINT('',(5.149791806460E-2,1.620514851541E-2,
-8.908855785780E-3));
#4910=CARTESIAN_POINT('',(5.038509767945E-2,1.794180655356E-2,
-9.863591621517E-3));
#4911=CARTESIAN_POINT('',(5.308379505539E-2,8.904907477694E-3,
-1.148013754495E-2));
#4912=CARTESIAN_POINT('',(5.197097467023E-2,1.011956210216E-2,
-1.304606085110E-2));
#4913=CARTESIAN_POINT('',(5.085815428507E-2,1.133421672663E-2,
-1.461198415726E-2));
#4914=CARTESIAN_POINT('',(4.974533389992E-2,1.254887135110E-2,
-1.617790746342E-2));
#4915=CARTESIAN_POINT('',(5.244403127586E-2,3.613207618772E-3,
-1.407251455643E-2));
#4916=CARTESIAN_POINT('',(5.133121089070E-2,4.106059381051E-3,
-1.599204543608E-2));
#4917=CARTESIAN_POINT('',(5.021839050555E-2,4.598911143329E-3,
-1.791157631573E-2));
#4918=CARTESIAN_POINT('',(4.910557012039E-2,5.091762905608E-3,
-1.983110719538E-2));
#4919=CARTESIAN_POINT('',(5.180426749633E-2,-2.272831466320E-3,
-1.435009311339E-2));
#4920=CARTESIAN_POINT('',(5.069144711117E-2,-2.582852121574E-3,
-1.630748649511E-2));
#4921=CARTESIAN_POINT('',(4.957862672602E-2,-2.892872776827E-3,
-1.826487987684E-2));
#4922=CARTESIAN_POINT('',(4.846580634086E-2,-3.202893432080E-3,
-2.022227325857E-2));
#4923=CARTESIAN_POINT('',(5.116450371680E-2,-7.785010802005E-3,
-1.226721411119E-2));
#4924=CARTESIAN_POINT('',(5.005168333165E-2,-8.846908345116E-3,
-1.394049689227E-2));
#4925=CARTESIAN_POINT('',(4.893886294649E-2,-9.908805888227E-3,
-1.561377967335E-2));
#4926=CARTESIAN_POINT('',(4.782604256133E-2,-1.097070343134E-2,
-1.728706245442E-2));
#4927=CARTESIAN_POINT('',(5.052473993727E-2,-1.201662788276E-2,
-8.166491876222E-3));
#4928=CARTESIAN_POINT('',(4.941191955212E-2,-1.365572999189E-2,
-9.280424519316E-3));
#4929=CARTESIAN_POINT('',(4.829909916696E-2,-1.529483210103E-2,
-1.039435716241E-2));
#4930=CARTESIAN_POINT('',(4.718627878180E-2,-1.693393421016E-2,
-1.150828980551E-2));
#4931=CARTESIAN_POINT('',(4.988497615775E-2,-1.427162084705E-2,
-2.722457278838E-3));
#4932=CARTESIAN_POINT('',(4.877215577259E-2,-1.621831038919E-2,
-3.093808169562E-3));
#4933=CARTESIAN_POINT('',(4.765933538743E-2,-1.816499993133E-2,
-3.465159060286E-3));
#4934=CARTESIAN_POINT('',(4.654651500227E-2,-2.011168947347E-2,
-3.836509951011E-3));
#4935=CARTESIAN_POINT('',(4.924521237822E-2,-1.417906421403E-2,
3.169396354460E-3));
#4936=CARTESIAN_POINT('',(4.813239199306E-2,-1.611312876903E-2,
3.601711002126E-3));
#4937=CARTESIAN_POINT('',(4.701957160790E-2,-1.804719332404E-2,
4.034025649792E-3));
#4938=CARTESIAN_POINT('',(4.590675122275E-2,-1.998125787904E-2,
4.466340297459E-3));
#4939=CARTESIAN_POINT('',(4.860544859869E-2,-1.175418269354E-2,
8.539913608702E-3));
#4940=CARTESIAN_POINT('',(4.749262821353E-2,-1.335748653485E-2,
9.704782034720E-3));
#4941=CARTESIAN_POINT('',(4.637980782837E-2,-1.496079037617E-2,
1.086965046074E-2));
#4942=CARTESIAN_POINT('',(4.526698744322E-2,-1.656409421749E-2,
1.203451888675E-2));
#4943=CARTESIAN_POINT('',(4.796568481916E-2,-7.395846862235E-3,
1.250569408020E-2));
#4944=CARTESIAN_POINT('',(4.685286443400E-2,-8.404661340720E-3,
1.421150620511E-2));
#4945=CARTESIAN_POINT('',(4.574004404885E-2,-9.413475819206E-3,
1.591731833003E-2));
#4946=CARTESIAN_POINT('',(4.462722366369E-2,-1.042229029769E-2,
1.762313045495E-2));
#4947=CARTESIAN_POINT('',(4.732592103963E-2,-1.820962643798E-3,
1.441440357028E-2));
#4948=CARTESIAN_POINT('',(4.621310065447E-2,-2.069347110656E-3,
1.638056908065E-2));
#4949=CARTESIAN_POINT('',(4.510028026932E-2,-2.317731577515E-3,
1.834673459101E-2));
#4950=CARTESIAN_POINT('',(4.398745988416E-2,-2.566116044374E-3,
2.031290010137E-2));
#4951=CARTESIAN_POINT('',(4.668615726010E-2,4.053453083148E-3,
1.395207702602E-2));
#4952=CARTESIAN_POINT('',(4.557333687495E-2,4.606355574818E-3,
1.585517988509E-2));
#4953=CARTESIAN_POINT('',(4.446051648979E-2,5.159258066489E-3,
1.775828274416E-2));
#4954=CARTESIAN_POINT('',(4.334769610463E-2,5.712160558159E-3,
1.966138560324E-2));
#4955=CARTESIAN_POINT('',(4.604639348057E-2,9.261113277903E-3,
1.119476288677E-2));
#4956=CARTESIAN_POINT('',(4.493357309542E-2,1.052435538333E-2,
1.272176028054E-2));
#4957=CARTESIAN_POINT('',(4.382075271026E-2,1.178759748875E-2,
1.424875767432E-2));
#4958=CARTESIAN_POINT('',(4.270793232510E-2,1.305083959418E-2,
1.577575506809E-2));
#4959=CARTESIAN_POINT('',(4.540662970105E-2,1.294540601641E-2,
6.596013819525E-3));
#4960=CARTESIAN_POINT('',(4.429380931589E-2,1.471119609597E-2,
7.495728803539E-3));
#4961=CARTESIAN_POINT('',(4.318098893073E-2,1.647698617552E-2,
8.395443787554E-3));
#4962=CARTESIAN_POINT('',(4.206816854557E-2,1.824277625508E-2,
9.295158771569E-3));
#4963=CARTESIAN_POINT('',(4.476686592152E-2,1.450029922794E-2,
9.122815011213E-4));
#4964=CARTESIAN_POINT('',(4.365404553636E-2,1.647818114951E-2,
1.036719284100E-3));
#4965=CARTESIAN_POINT('',(4.254122515120E-2,1.845606307109E-2,
1.161157067079E-3));
#4966=CARTESIAN_POINT('',(4.142840476604E-2,2.043394499266E-2,
1.285594850057E-3));
#4967=CARTESIAN_POINT('',(4.412710214199E-2,1.367002736408E-2,
-4.921512684365E-3));
#4968=CARTESIAN_POINT('',(4.301428175683E-2,1.553465784969E-2,
-5.592820966502E-3));
#4969=CARTESIAN_POINT('',(4.190146137167E-2,1.739928833529E-2,
-6.264129248640E-3));
#4970=CARTESIAN_POINT('',(4.078864098651E-2,1.926391882090E-2,
-6.935437530777E-3));
#4971=CARTESIAN_POINT('',(4.348733836246E-2,1.059116246529E-2,
-9.945763563999E-3));
#4972=CARTESIAN_POINT('',(4.237451797730E-2,1.203582705043E-2,
-1.130239390936E-2));
#4973=CARTESIAN_POINT('',(4.126169759214E-2,1.348049163557E-2,
-1.265902425472E-2));
#4974=CARTESIAN_POINT('',(4.014887720698E-2,1.492515622071E-2,
-1.401565460009E-2));
#4975=CARTESIAN_POINT('',(4.284757458293E-2,5.770149323701E-3,
-1.333402834928E-2));
#4976=CARTESIAN_POINT('',(4.173475419777E-2,6.557214049243E-3,
-1.515282761674E-2));
#4977=CARTESIAN_POINT('',(4.062193381261E-2,7.344278774785E-3,
-1.697162688420E-2));
#4978=CARTESIAN_POINT('',(3.950911342745E-2,8.131343500327E-3,
-1.879042615166E-2));
#4979=CARTESIAN_POINT('',(4.220781080340E-2,1.393809113265E-13,
-1.452896882911E-2));
#4980=CARTESIAN_POINT('',(4.109499041824E-2,1.584032384427E-13,
-1.651076136555E-2));
#4981=CARTESIAN_POINT('',(3.998217003308E-2,1.774240476760E-13,
-1.849255390200E-2));
#4982=CARTESIAN_POINT('',(3.886934964792E-2,1.964457242709E-13,
-2.047434643844E-2));
#4983=CARTESIAN_POINT('',(4.156804702387E-2,-5.770149323445E-3,
-1.333402834939E-2));
#4984=CARTESIAN_POINT('',(4.045522663871E-2,-6.557214048953E-3,
-1.515282761687E-2));
#4985=CARTESIAN_POINT('',(3.934240625355E-2,-7.344278774460E-3,
-1.697162688434E-2));
#4986=CARTESIAN_POINT('',(3.822958586840E-2,-8.131343499967E-3,
-1.879042615182E-2));
#4987=CARTESIAN_POINT('',(4.092828324434E-2,-1.059116246510E-2,
-9.945763564202E-3));
#4988=CARTESIAN_POINT('',(3.981546285918E-2,-1.203582705021E-2,
-1.130239390959E-2));
#4989=CARTESIAN_POINT('',(3.870264247402E-2,-1.348049163533E-2,
-1.265902425498E-2));
#4990=CARTESIAN_POINT('',(3.758982208887E-2,-1.492515622044E-2,
-1.401565460037E-2));
#4991=CARTESIAN_POINT('',(4.028851946481E-2,-1.367002736399E-2,
-4.921512684625E-3));
#4992=CARTESIAN_POINT('',(3.917569907966E-2,-1.553465784958E-2,
-5.592820966798E-3));
#4993=CARTESIAN_POINT('',(3.806287869450E-2,-1.739928833517E-2,
-6.264129248971E-3));
#4994=CARTESIAN_POINT('',(3.695005830934E-2,-1.926391882077E-2,
-6.935437531144E-3));
#4995=CARTESIAN_POINT('',(3.964875568529E-2,-1.450029922796E-2,
9.122815008472E-4));
#4996=CARTESIAN_POINT('',(3.853593530013E-2,-1.647818114953E-2,
1.036719283789E-3));
#4997=CARTESIAN_POINT('',(3.742311491497E-2,-1.845606307111E-2,
1.161157066730E-3));
#4998=CARTESIAN_POINT('',(3.631029452981E-2,-2.043394499268E-2,
1.285594849671E-3));
#4999=CARTESIAN_POINT('',(3.900899190576E-2,-1.294540601654E-2,
6.596013819282E-3));
#5000=CARTESIAN_POINT('',(3.789617152060E-2,-1.471119609611E-2,
7.495728803264E-3));
#5001=CARTESIAN_POINT('',(3.678335113544E-2,-1.647698617568E-2,
8.395443787246E-3));
#5002=CARTESIAN_POINT('',(3.567053075028E-2,-1.824277625525E-2,
9.295158771227E-3));
#5003=CARTESIAN_POINT('',(3.836922812623E-2,-9.261113278111E-3,
1.119476288660E-2));
#5004=CARTESIAN_POINT('',(3.725640774107E-2,-1.052435538356E-2,
1.272176028035E-2));
#5005=CARTESIAN_POINT('',(3.614358735591E-2,-1.178759748902E-2,
1.424875767410E-2));
#5006=CARTESIAN_POINT('',(3.503076697075E-2,-1.305083959447E-2,
1.577575506785E-2));
#5007=CARTESIAN_POINT('',(3.772946434670E-2,-4.053453083403E-3,
1.395207702594E-2));
#5008=CARTESIAN_POINT('',(3.661664396154E-2,-4.606355575108E-3,
1.585517988501E-2));
#5009=CARTESIAN_POINT('',(3.550382357638E-2,-5.159258066814E-3,
1.775828274407E-2));
#5010=CARTESIAN_POINT('',(3.439100319122E-2,-5.712160558519E-3,
1.966138560314E-2));
#5011=CARTESIAN_POINT('',(3.708970056717E-2,1.820962643538E-3,
1.441440357032E-2));
#5012=CARTESIAN_POINT('',(3.597688018201E-2,2.069347110362E-3,
1.638056908068E-2));
#5013=CARTESIAN_POINT('',(3.486405979685E-2,2.317731577185E-3,
1.834673459105E-2));
#5014=CARTESIAN_POINT('',(3.375123941169E-2,2.566116044009E-3,
2.031290010142E-2));
#5015=CARTESIAN_POINT('',(3.644993678764E-2,7.395846862014E-3,
1.250569408033E-2));
#5016=CARTESIAN_POINT('',(3.533711640248E-2,8.404661340470E-3,
1.421150620526E-2));
#5017=CARTESIAN_POINT('',(3.422429601732E-2,9.413475818925E-3,
1.591731833020E-2));
#5018=CARTESIAN_POINT('',(3.311147563216E-2,1.042229029738E-2,
1.762313045513E-2));
#5019=CARTESIAN_POINT('',(3.581017300811E-2,1.175418269339E-2,
8.539913608906E-3));
#5020=CARTESIAN_POINT('',(3.469735262295E-2,1.335748653469E-2,
9.704782034951E-3));
#5021=CARTESIAN_POINT('',(3.358453223779E-2,1.496079037598E-2,
1.086965046100E-2));
#5022=CARTESIAN_POINT('',(3.247171185263E-2,1.656409421728E-2,
1.203451888704E-2));
#5023=CARTESIAN_POINT('',(3.517040922858E-2,1.417906421397E-2,
3.169396354700E-3));
#5024=CARTESIAN_POINT('',(3.405758884343E-2,1.611312876897E-2,
3.601711002399E-3));
#5025=CARTESIAN_POINT('',(3.294476845827E-2,1.804719332397E-2,
4.034025650098E-3));
#5026=CARTESIAN_POINT('',(3.183194807311E-2,1.998125787897E-2,
4.466340297797E-3));
#5027=CARTESIAN_POINT('',(3.453064544906E-2,1.427162084710E-2,
-2.722457278602E-3));
#5028=CARTESIAN_POINT('',(3.341782506390E-2,1.621831038924E-2,
-3.093808169295E-3));
#5029=CARTESIAN_POINT('',(3.230500467874E-2,1.816499993139E-2,
-3.465159059987E-3));
#5030=CARTESIAN_POINT('',(3.119218429358E-2,2.011168947353E-2,
-3.836509950679E-3));
#5031=CARTESIAN_POINT('',(3.389088166953E-2,1.201662788289E-2,
-8.166491876030E-3));
#5032=CARTESIAN_POINT('',(3.277806128437E-2,1.365572999204E-2,
-9.280424519098E-3));
#5033=CARTESIAN_POINT('',(3.166524089921E-2,1.529483210119E-2,
-1.039435716217E-2));
#5034=CARTESIAN_POINT('',(3.055242051405E-2,1.693393421034E-2,
-1.150828980523E-2));
#5035=CARTESIAN_POINT('',(3.325111789E-2,7.785010802195E-3,-1.226721411107E-2));
#5036=CARTESIAN_POINT('',(3.213829750484E-2,8.846908345332E-3,
-1.394049689213E-2));
#5037=CARTESIAN_POINT('',(3.102547711968E-2,9.908805888469E-3,
-1.561377967319E-2));
#5038=CARTESIAN_POINT('',(2.991265673452E-2,1.097070343161E-2,
-1.728706245425E-2));
#5039=CARTESIAN_POINT('',(3.261135411047E-2,2.272831466535E-3,
-1.435009311335E-2));
#5040=CARTESIAN_POINT('',(3.149853372531E-2,2.582852121818E-3,
-1.630748649508E-2));
#5041=CARTESIAN_POINT('',(3.038571334015E-2,2.892872777100E-3,
-1.826487987680E-2));
#5042=CARTESIAN_POINT('',(2.927289295499E-2,3.202893432383E-3,
-2.022227325852E-2));
#5043=CARTESIAN_POINT('',(3.197159033094E-2,-3.613207618570E-3,
-1.407251455648E-2));
#5044=CARTESIAN_POINT('',(3.085876994578E-2,-4.106059380821E-3,
-1.599204543614E-2));
#5045=CARTESIAN_POINT('',(2.974594956063E-2,-4.598911143072E-3,
-1.791157631579E-2));
#5046=CARTESIAN_POINT('',(2.863312917547E-2,-5.091762905323E-3,
-1.983110719545E-2));
#5047=CARTESIAN_POINT('',(3.133182655142E-2,-8.904907477536E-3,
-1.148013754507E-2));
#5048=CARTESIAN_POINT('',(3.021900616626E-2,-1.011956210198E-2,
-1.304606085124E-2));
#5049=CARTESIAN_POINT('',(2.910618578110E-2,-1.133421672643E-2,
-1.461198415742E-2));
#5050=CARTESIAN_POINT('',(2.799336539594E-2,-1.254887135088E-2,
-1.617790746360E-2));
#5051=CARTESIAN_POINT('',(3.069206277189E-2,-1.273183243901E-2,
-6.999384114474E-3));
#5052=CARTESIAN_POINT('',(2.957924238673E-2,-1.446849047715E-2,
-7.954119950234E-3));
#5053=CARTESIAN_POINT('',(2.846642200157E-2,-1.620514851529E-2,
-8.908855785994E-3));
#5054=CARTESIAN_POINT('',(2.735360161641E-2,-1.794180655343E-2,
-9.863591621753E-3));
#5055=CARTESIAN_POINT('',(3.005229899236E-2,-1.446448875117E-2,
-1.367296750909E-3));
#5056=CARTESIAN_POINT('',(2.893947860720E-2,-1.643748602219E-2,
-1.553799903881E-3));
#5057=CARTESIAN_POINT('',(2.782665822204E-2,-1.841048329321E-2,
-1.740303056853E-3));
#5058=CARTESIAN_POINT('',(2.671383783688E-2,-2.038348056423E-2,
-1.926806209825E-3));
#5059=CARTESIAN_POINT('',(2.941253521283E-2,-1.381787047996E-2,
4.489698278762E-3));
#5060=CARTESIAN_POINT('',(2.829971482768E-2,-1.570266718569E-2,
5.102105851826E-3));
#5061=CARTESIAN_POINT('',(2.718689444252E-2,-1.758746389142E-2,
5.714513424889E-3));
#5062=CARTESIAN_POINT('',(2.607407405736E-2,-1.947226059715E-2,
6.326920997952E-3));
#5063=CARTESIAN_POINT('',(2.877277143331E-2,-1.089834034936E-2,
9.608179477630E-3));
#5064=CARTESIAN_POINT('',(2.765995104815E-2,-1.238490486870E-2,
1.091876239659E-2));
#5065=CARTESIAN_POINT('',(2.654713066299E-2,-1.387146938805E-2,
1.222934531556E-2));
#5066=CARTESIAN_POINT('',(2.543431027783E-2,-1.535803390739E-2,
1.353992823452E-2));
#5067=CARTESIAN_POINT('',(2.813300765378E-2,-6.186134054472E-3,
1.314620404047E-2));
#5068=CARTESIAN_POINT('',(2.702018726862E-2,-7.029940276565E-3,
1.493938353975E-2));
#5069=CARTESIAN_POINT('',(2.590736688346E-2,-7.873746498659E-3,
1.673256303903E-2));
#5070=CARTESIAN_POINT('',(2.479454649831E-2,-8.717552720753E-3,
1.852574253831E-2));
#5071=CARTESIAN_POINT('',(2.749324387425E-2,-4.563659429475E-4,
1.452179966184E-2));
#5072=CARTESIAN_POINT('',(2.638042348910E-2,-5.186155513167E-4,
1.650261430355E-2));
#5073=CARTESIAN_POINT('',(2.526760310394E-2,-5.808651596860E-4,
1.848342894526E-2));
#5074=CARTESIAN_POINT('',(2.415478271878E-2,-6.431147680552E-4,
2.046424358696E-2));
#5075=CARTESIAN_POINT('',(2.685348009473E-2,5.348470163310E-3,
1.350869357483E-2));
#5076=CARTESIAN_POINT('',(2.574065970957E-2,6.078016655957E-3,
1.535131767421E-2));
#5077=CARTESIAN_POINT('',(2.462783932441E-2,6.807563148604E-3,
1.719394177360E-2));
#5078=CARTESIAN_POINT('',(2.351501893925E-2,7.537109641251E-3,
1.903656587298E-2));
#5079=CARTESIAN_POINT('',(2.621371631520E-2,1.027353233699E-2,
1.027353240788E-2));
#5080=CARTESIAN_POINT('',(2.510089593004E-2,1.167487127218E-2,
1.167487135274E-2));
#5081=CARTESIAN_POINT('',(2.398807554489E-2,1.307621020737E-2,
1.307621029760E-2));
#5082=CARTESIAN_POINT('',(2.287525515973E-2,1.447754914255E-2,
1.447754924246E-2));
#5083=CARTESIAN_POINT('',(2.557395253567E-2,1.350869375184E-2,
5.348470057612E-3));
#5084=CARTESIAN_POINT('',(2.446113215052E-2,1.535131787537E-2,
6.078016535841E-3));
#5085=CARTESIAN_POINT('',(2.334831176536E-2,1.719394199890E-2,
6.807563014070E-3));
#5086=CARTESIAN_POINT('',(2.223549138020E-2,1.903656612243E-2,
7.537109492300E-3));
#5087=CARTESIAN_POINT('',(2.493418875615E-2,1.452179902423E-2,
-4.563655899189E-4));
#5088=CARTESIAN_POINT('',(2.382136837099E-2,1.650261357896E-2,
-5.186151501340E-4));
#5089=CARTESIAN_POINT('',(2.270854798584E-2,1.848342813369E-2,
-5.808647103492E-4));
#5090=CARTESIAN_POINT('',(2.159572760068E-2,2.046424268843E-2,
-6.431142705644E-4));
#5091=CARTESIAN_POINT('',(2.429442497662E-2,1.314620641396E-2,
-6.186135359691E-3));
#5092=CARTESIAN_POINT('',(2.318160459147E-2,1.493938623699E-2,
-7.029941759820E-3));
#5093=CARTESIAN_POINT('',(2.206878420631E-2,1.673256606002E-2,
-7.873748159950E-3));
#5094=CARTESIAN_POINT('',(2.095596382115E-2,1.852574588304E-2,
-8.717554560079E-3));
#5095=CARTESIAN_POINT('',(2.365466119710E-2,9.608170621799E-3,
-1.089833548045E-2));
#5096=CARTESIAN_POINT('',(2.254184081194E-2,1.091875233280E-2,
-1.238489933567E-2));
#5097=CARTESIAN_POINT('',(2.142902042679E-2,1.222933404381E-2,
-1.387146319088E-2));
#5098=CARTESIAN_POINT('',(2.031620004163E-2,1.353991575481E-2,
-1.535802704609E-2));
#5099=CARTESIAN_POINT('',(2.306411678183E-2,4.883511558997E-3,
-1.359327676082E-2));
#5100=CARTESIAN_POINT('',(2.195129639668E-2,5.549636379905E-3,
-1.544743824655E-2));
#5101=CARTESIAN_POINT('',(2.083847601152E-2,6.215761200813E-3,
-1.730159973229E-2));
#5102=CARTESIAN_POINT('',(1.972565562636E-2,6.881886021721E-3,
-1.915576121803E-2));
#5103=CARTESIAN_POINT('',(2.260172949138E-2,7.118860395770E-4,
-1.425013804824E-2));
#5104=CARTESIAN_POINT('',(2.148890910622E-2,8.089893135002E-4,
-1.619389727572E-2));
#5105=CARTESIAN_POINT('',(2.037608872107E-2,9.060925874234E-4,
-1.813765650320E-2));
#5106=CARTESIAN_POINT('',(1.926326833591E-2,1.003195861347E-3,
-2.008141573068E-2));
#5107=CARTESIAN_POINT('',(2.235259679410E-2,-1.535072684457E-3,
-1.406850182448E-2));
#5108=CARTESIAN_POINT('',(2.123977640895E-2,-1.744460950393E-3,
-1.598748535612E-2));
#5109=CARTESIAN_POINT('',(2.012695602379E-2,-1.953849216328E-3,
-1.790646888775E-2));
#5110=CARTESIAN_POINT('',(1.901413563864E-2,-2.163237482264E-3,
-1.982545241939E-2));
#5111=CARTESIAN_POINT('',(2.226749932574E-2,-2.292283024679E-3,
-1.394285398420E-2));
#5112=CARTESIAN_POINT('',(2.115467894059E-2,-2.604956927635E-3,
-1.584469879422E-2));
#5113=CARTESIAN_POINT('',(2.004185855543E-2,-2.917630830592E-3,
-1.774654360425E-2));
#5114=CARTESIAN_POINT('',(1.892903817028E-2,-3.230304733548E-3,
-1.964838841427E-2));
#5115=B_SPLINE_SURFACE_WITH_KNOTS('',3,3,((#4847,#4848,#4849,#4850),(#4851,
#4852,#4853,#4854),(#4855,#4856,#4857,#4858),(#4859,#4860,#4861,#4862),(#4863,
#4864,#4865,#4866),(#4867,#4868,#4869,#4870),(#4871,#4872,#4873,#4874),(#4875,
#4876,#4877,#4878),(#4879,#4880,#4881,#4882),(#4883,#4884,#4885,#4886),(#4887,
#4888,#4889,#4890),(#4891,#4892,#4893,#4894),(#4895,#4896,#4897,#4898),(#4899,
#4900,#4901,#4902),(#4903,#4904,#4905,#4906),(#4907,#4908,#4909,#4910),(#4911,
#4912,#4913,#4914),(#4915,#4916,#4917,#4918),(#4919,#4920,#4921,#4922),(#4923,
#4924,#4925,#4926),(#4927,#4928,#4929,#4930),(#4931,#4932,#4933,#4934),(#4935,
#4936,#4937,#4938),(#4939,#4940,#4941,#4942),(#4943,#4944,#4945,#4946),(#4947,
#4948,#4949,#4950),(#4951,#4952,#4953,#4954),(#4955,#4956,#4957,#4958),(#4959,
#4960,#4961,#4962),(#4963,#4964,#4965,#4966),(#4967,#4968,#4969,#4970),(#4971,
#4972,#4973,#4974),(#4975,#4976,#4977,#4978),(#4979,#4980,#4981,#4982),(#4983,
#4984,#4985,#4986),(#4987,#4988,#4989,#4990),(#4991,#4992,#4993,#4994),(#4995,
#4996,#4997,#4998),(#4999,#5000,#5001,#5002),(#5003,#5004,#5005,#5006),(#5007,
#5008,#5009,#5010),(#5011,#5012,#5013,#5014),(#5015,#5016,#5017,#5018),(#5019,
#5020,#5021,#5022),(#5023,#5024,#5025,#5026),(#5027,#5028,#5029,#5030),(#5031,
#5032,#5033,#5034),(#5035,#5036,#5037,#5038),(#5039,#5040,#5041,#5042),(#5043,
#5044,#5045,#5046),(#5047,#5048,#5049,#5050),(#5051,#5052,#5053,#5054),(#5055,
#5056,#5057,#5058),(#5059,#5060,#5061,#5062),(#5063,#5064,#5065,#5066),(#5067,
#5068,#5069,#5070),(#5071,#5072,#5073,#5074),(#5075,#5076,#5077,#5078),(#5079,
#5080,#5081,#5082),(#5083,#5084,#5085,#5086),(#5087,#5088,#5089,#5090),(#5091,
#5092,#5093,#5094),(#5095,#5096,#5097,#5098),(#5099,#5100,#5101,#5102),(#5103,
#5104,#5105,#5106),(#5107,#5108,#5109,#5110),(#5111,#5112,#5113,#5114)),
.UNSPECIFIED.,.F.,.F.,.F.,(4,1,1,1,1,1,1,1,1,1,1,1,1,1,1,1,1,1,1,1,1,1,1,1,1,1,
1,1,1,1,1,1,1,1,1,1,1,1,1,1,1,1,1,1,1,1,1,1,1,1,1,1,1,1,1,1,1,1,1,1,1,1,1,1,4),(
4,4),(-6.484419526787E-3,0.E0,1.249962405274E-2,2.874963872306E-2,
4.499965339338E-2,6.124966806371E-2,7.749968273403E-2,9.374969740435E-2,
1.099997120747E-1,1.262497267450E-1,1.424997414153E-1,1.587497560856E-1,
1.749997707560E-1,1.912497854263E-1,2.074998000966E-1,2.237498147669E-1,
2.399998294372E-1,2.562498441076E-1,2.724998587779E-1,2.887498734482E-1,
3.049998881185E-1,3.212499027889E-1,3.374999174592E-1,3.537499321295E-1,
3.699999467998E-1,3.862499614701E-1,4.024999761405E-1,4.187499908108E-1,
4.350000054811E-1,4.512500201514E-1,4.675000348218E-1,4.837500494921E-1,
5.000000641624E-1,5.162500788327E-1,5.325000935030E-1,5.487501081734E-1,
5.650001228437E-1,5.812501375140E-1,5.975001521843E-1,6.137501668547E-1,
6.300001815250E-1,6.462501961953E-1,6.625002108656E-1,6.787502255359E-1,
6.950002402063E-1,7.112502548766E-1,7.275002695469E-1,7.437502842172E-1,
7.600002988876E-1,7.762503135579E-1,7.925003282282E-1,8.087503428985E-1,
8.250003575688E-1,8.412503722392E-1,8.575003869095E-1,8.737504015798E-1,
8.900004162501E-1,9.062504309205E-1,9.225004455908E-1,9.387504602611E-1,
9.550004749314E-1,9.712504896017E-1,9.875005042721E-1,1.E0,1.006484432943E0),(
-2.173410410124E-2,1.021920700642E0),.UNSPECIFIED.);
#5116=ORIENTED_EDGE('',*,*,#4199,.T.);
#5118=ORIENTED_EDGE('',*,*,#5117,.T.);
#5120=ORIENTED_EDGE('',*,*,#5119,.T.);
#5122=ORIENTED_EDGE('',*,*,#5121,.T.);
#5124=ORIENTED_EDGE('',*,*,#5123,.T.);
#5126=ORIENTED_EDGE('',*,*,#5125,.T.);
#5128=ORIENTED_EDGE('',*,*,#5127,.T.);
#5130=ORIENTED_EDGE('',*,*,#5129,.T.);
#5132=ORIENTED_EDGE('',*,*,#5131,.T.);
#5134=ORIENTED_EDGE('',*,*,#5133,.T.);
#5136=ORIENTED_EDGE('',*,*,#5135,.F.);
#5137=ORIENTED_EDGE('',*,*,#4833,.T.);
#5138=EDGE_LOOP('',(#5116,#5118,#5120,#5122,#5124,#5126,#5128,#5130,#5132,#5134,
#5136,#5137));
#5139=FACE_OUTER_BOUND('',#5138,.F.);
#5141=FILL_AREA_STYLE_COLOUR('',#50);
#5142=FILL_AREA_STYLE('',(#5141));
#5143=SURFACE_STYLE_FILL_AREA(#5142);
#5144=SURFACE_SIDE_STYLE('',(#5143));
#5145=SURFACE_STYLE_USAGE(.BOTH.,#5144);
#5146=PRESENTATION_STYLE_ASSIGNMENT((#5145));
#5147=OVER_RIDING_STYLED_ITEM('',(#5146),#5140,#119);
#5148=CARTESIAN_POINT('',(-6.496062992126E-2,0.E0,0.E0));
#5149=DIRECTION('',(1.E0,0.E0,0.E0));
#5150=DIRECTION('',(0.E0,-1.E0,0.E0));
#5151=AXIS2_PLACEMENT_3D('',#5148,#5149,#5150);
#5152=CYLINDRICAL_SURFACE('',#5151,1.968503937008E-2);
#5154=ORIENTED_EDGE('',*,*,#5153,.F.);
#5155=ORIENTED_EDGE('',*,*,#5117,.F.);
#5156=ORIENTED_EDGE('',*,*,#4197,.F.);
#5157=ORIENTED_EDGE('',*,*,#3281,.F.);
#5158=ORIENTED_EDGE('',*,*,#3584,.F.);
#5159=EDGE_LOOP('',(#5154,#5155,#5156,#5157,#5158));
#5160=FACE_OUTER_BOUND('',#5159,.F.);
#5162=FILL_AREA_STYLE_COLOUR('',#50);
#5163=FILL_AREA_STYLE('',(#5162));
#5164=SURFACE_STYLE_FILL_AREA(#5163);
#5165=SURFACE_SIDE_STYLE('',(#5164));
#5166=SURFACE_STYLE_USAGE(.BOTH.,#5165);
#5167=PRESENTATION_STYLE_ASSIGNMENT((#5166));
#5168=OVER_RIDING_STYLED_ITEM('',(#5167),#5161,#119);
#5169=CARTESIAN_POINT('',(-6.496062992126E-2,0.E0,0.E0));
#5170=DIRECTION('',(1.E0,0.E0,0.E0));
#5171=DIRECTION('',(0.E0,-1.E0,0.E0));
#5172=AXIS2_PLACEMENT_3D('',#5169,#5170,#5171);
#5173=CYLINDRICAL_SURFACE('',#5172,1.968503937008E-2);
#5175=ORIENTED_EDGE('',*,*,#5174,.T.);
#5176=ORIENTED_EDGE('',*,*,#5119,.F.);
#5177=ORIENTED_EDGE('',*,*,#5153,.T.);
#5178=ORIENTED_EDGE('',*,*,#3582,.F.);
#5179=EDGE_LOOP('',(#5175,#5176,#5177,#5178));
#5180=FACE_OUTER_BOUND('',#5179,.F.);
#5182=FILL_AREA_STYLE_COLOUR('',#50);
#5183=FILL_AREA_STYLE('',(#5182));
#5184=SURFACE_STYLE_FILL_AREA(#5183);
#5185=SURFACE_SIDE_STYLE('',(#5184));
#5186=SURFACE_STYLE_USAGE(.BOTH.,#5185);
#5187=PRESENTATION_STYLE_ASSIGNMENT((#5186));
#5188=OVER_RIDING_STYLED_ITEM('',(#5187),#5181,#119);
#5189=CARTESIAN_POINT('',(-6.496062992126E-2,0.E0,0.E0));
#5190=DIRECTION('',(1.E0,0.E0,0.E0));
#5191=DIRECTION('',(0.E0,-1.E0,0.E0));
#5192=AXIS2_PLACEMENT_3D('',#5189,#5190,#5191);
#5193=CYLINDRICAL_SURFACE('',#5192,1.968503937008E-2);
#5194=ORIENTED_EDGE('',*,*,#3580,.F.);
#5196=ORIENTED_EDGE('',*,*,#5195,.F.);
#5197=ORIENTED_EDGE('',*,*,#5121,.F.);
#5198=ORIENTED_EDGE('',*,*,#5174,.F.);
#5199=EDGE_LOOP('',(#5194,#5196,#5197,#5198));
#5200=FACE_OUTER_BOUND('',#5199,.F.);
#5202=FILL_AREA_STYLE_COLOUR('',#50);
#5203=FILL_AREA_STYLE('',(#5202));
#5204=SURFACE_STYLE_FILL_AREA(#5203);
#5205=SURFACE_SIDE_STYLE('',(#5204));
#5206=SURFACE_STYLE_USAGE(.BOTH.,#5205);
#5207=PRESENTATION_STYLE_ASSIGNMENT((#5206));
#5208=OVER_RIDING_STYLED_ITEM('',(#5207),#5201,#119);
#5209=CARTESIAN_POINT('',(-6.496062992126E-2,0.E0,0.E0));
#5210=DIRECTION('',(1.E0,0.E0,0.E0));
#5211=DIRECTION('',(0.E0,-1.E0,0.E0));
#5212=AXIS2_PLACEMENT_3D('',#5209,#5210,#5211);
#5213=CYLINDRICAL_SURFACE('',#5212,1.968503937008E-2);
#5214=ORIENTED_EDGE('',*,*,#5123,.F.);
#5215=ORIENTED_EDGE('',*,*,#5195,.T.);
#5216=ORIENTED_EDGE('',*,*,#3578,.F.);
#5218=ORIENTED_EDGE('',*,*,#5217,.T.);
#5219=EDGE_LOOP('',(#5214,#5215,#5216,#5218));
#5220=FACE_OUTER_BOUND('',#5219,.F.);
#5222=FILL_AREA_STYLE_COLOUR('',#50);
#5223=FILL_AREA_STYLE('',(#5222));
#5224=SURFACE_STYLE_FILL_AREA(#5223);
#5225=SURFACE_SIDE_STYLE('',(#5224));
#5226=SURFACE_STYLE_USAGE(.BOTH.,#5225);
#5227=PRESENTATION_STYLE_ASSIGNMENT((#5226));
#5228=OVER_RIDING_STYLED_ITEM('',(#5227),#5221,#119);
#5229=CARTESIAN_POINT('',(-6.496062992126E-2,0.E0,0.E0));
#5230=DIRECTION('',(1.E0,0.E0,0.E0));
#5231=DIRECTION('',(0.E0,-1.E0,0.E0));
#5232=AXIS2_PLACEMENT_3D('',#5229,#5230,#5231);
#5233=CYLINDRICAL_SURFACE('',#5232,1.968503937008E-2);
#5234=ORIENTED_EDGE('',*,*,#3576,.F.);
#5236=ORIENTED_EDGE('',*,*,#5235,.F.);
#5237=ORIENTED_EDGE('',*,*,#5125,.F.);
#5238=ORIENTED_EDGE('',*,*,#5217,.F.);
#5239=EDGE_LOOP('',(#5234,#5236,#5237,#5238));
#5240=FACE_OUTER_BOUND('',#5239,.F.);
#5242=FILL_AREA_STYLE_COLOUR('',#50);
#5243=FILL_AREA_STYLE('',(#5242));
#5244=SURFACE_STYLE_FILL_AREA(#5243);
#5245=SURFACE_SIDE_STYLE('',(#5244));
#5246=SURFACE_STYLE_USAGE(.BOTH.,#5245);
#5247=PRESENTATION_STYLE_ASSIGNMENT((#5246));
#5248=OVER_RIDING_STYLED_ITEM('',(#5247),#5241,#119);
#5249=CARTESIAN_POINT('',(-6.496062992126E-2,0.E0,0.E0));
#5250=DIRECTION('',(1.E0,0.E0,0.E0));
#5251=DIRECTION('',(0.E0,-1.E0,0.E0));
#5252=AXIS2_PLACEMENT_3D('',#5249,#5250,#5251);
#5253=CYLINDRICAL_SURFACE('',#5252,1.968503937008E-2);
#5254=ORIENTED_EDGE('',*,*,#5127,.F.);
#5255=ORIENTED_EDGE('',*,*,#5235,.T.);
#5256=ORIENTED_EDGE('',*,*,#3574,.F.);
#5258=ORIENTED_EDGE('',*,*,#5257,.T.);
#5259=EDGE_LOOP('',(#5254,#5255,#5256,#5258));
#5260=FACE_OUTER_BOUND('',#5259,.F.);
#5262=FILL_AREA_STYLE_COLOUR('',#50);
#5263=FILL_AREA_STYLE('',(#5262));
#5264=SURFACE_STYLE_FILL_AREA(#5263);
#5265=SURFACE_SIDE_STYLE('',(#5264));
#5266=SURFACE_STYLE_USAGE(.BOTH.,#5265);
#5267=PRESENTATION_STYLE_ASSIGNMENT((#5266));
#5268=OVER_RIDING_STYLED_ITEM('',(#5267),#5261,#119);
#5269=CARTESIAN_POINT('',(-6.496062992126E-2,0.E0,0.E0));
#5270=DIRECTION('',(1.E0,0.E0,0.E0));
#5271=DIRECTION('',(0.E0,-1.E0,0.E0));
#5272=AXIS2_PLACEMENT_3D('',#5269,#5270,#5271);
#5273=CYLINDRICAL_SURFACE('',#5272,1.968503937008E-2);
#5274=ORIENTED_EDGE('',*,*,#3572,.F.);
#5276=ORIENTED_EDGE('',*,*,#5275,.F.);
#5278=ORIENTED_EDGE('',*,*,#5277,.F.);
#5279=ORIENTED_EDGE('',*,*,#5129,.F.);
#5280=ORIENTED_EDGE('',*,*,#5257,.F.);
#5281=EDGE_LOOP('',(#5274,#5276,#5278,#5279,#5280));
#5282=FACE_OUTER_BOUND('',#5281,.F.);
#5284=FILL_AREA_STYLE_COLOUR('',#50);
#5285=FILL_AREA_STYLE('',(#5284));
#5286=SURFACE_STYLE_FILL_AREA(#5285);
#5287=SURFACE_SIDE_STYLE('',(#5286));
#5288=SURFACE_STYLE_USAGE(.BOTH.,#5287);
#5289=PRESENTATION_STYLE_ASSIGNMENT((#5288));
#5290=OVER_RIDING_STYLED_ITEM('',(#5289),#5283,#119);
#5291=CARTESIAN_POINT('',(2.831505633259E-2,3.230304776012E-3,
-1.964838842749E-2));
#5292=CARTESIAN_POINT('',(2.720223896782E-2,2.917631717912E-3,
-1.774654878004E-2));
#5293=CARTESIAN_POINT('',(2.608942160306E-2,2.604958659812E-3,
-1.584470913260E-2));
#5294=CARTESIAN_POINT('',(2.497660423830E-2,2.292285601712E-3,
-1.394286948515E-2));
#5295=CARTESIAN_POINT('',(2.822995886318E-2,2.163237510938E-3,
-1.982545243716E-2));
#5296=CARTESIAN_POINT('',(2.711714149842E-2,1.953849810755E-3,
-1.790647411419E-2));
#5297=CARTESIAN_POINT('',(2.600432413366E-2,1.744462110571E-3,
-1.598749579122E-2));
#5298=CARTESIAN_POINT('',(2.489150676890E-2,1.535074410387E-3,
-1.406851746826E-2));
#5299=CARTESIAN_POINT('',(2.798082616486E-2,-1.003195849077E-3,
-2.008141575293E-2));
#5300=CARTESIAN_POINT('',(2.686800880010E-2,-9.060928399943E-4,
-1.813766180096E-2));
#5301=CARTESIAN_POINT('',(2.575519143534E-2,-8.089898309118E-4,
-1.619390784899E-2));
#5302=CARTESIAN_POINT('',(2.464237407058E-2,-7.118868218294E-4,
-1.425015389702E-2));
#5303=CARTESIAN_POINT('',(2.751843887336E-2,-6.881886028573E-3,
-1.915576123728E-2));
#5304=CARTESIAN_POINT('',(2.640562150860E-2,-6.215763015652E-3,
-1.730160478407E-2));
#5305=CARTESIAN_POINT('',(2.529280414384E-2,-5.549640002731E-3,
-1.544744833085E-2));
#5306=CARTESIAN_POINT('',(2.417998677908E-2,-4.883516989811E-3,
-1.359329187763E-2));
#5307=CARTESIAN_POINT('',(2.692789445809E-2,-1.353991576832E-2,
-1.535802706158E-2));
#5308=CARTESIAN_POINT('',(2.581507709333E-2,-1.222933761448E-2,
-1.387146724116E-2));
#5309=CARTESIAN_POINT('',(2.470225972857E-2,-1.091875946063E-2,
-1.238490742074E-2));
#5310=CARTESIAN_POINT('',(2.358944236381E-2,-9.608181306791E-3,
-1.089834760032E-2));
#5311=CARTESIAN_POINT('',(2.628813067856E-2,-1.852574590158E-2,
-8.717554568968E-3));
#5312=CARTESIAN_POINT('',(2.517531331380E-2,-1.673257094557E-2,
-7.873750459067E-3));
#5313=CARTESIAN_POINT('',(2.406249594904E-2,-1.493939598955E-2,
-7.029946349165E-3));
#5314=CARTESIAN_POINT('',(2.294967858428E-2,-1.314622103354E-2,
-6.186142239264E-3));
#5315=CARTESIAN_POINT('',(2.564836689903E-2,-2.046424270897E-2,
-6.431142713998E-4));
#5316=CARTESIAN_POINT('',(2.453554953427E-2,-1.848343353052E-2,
-5.808648801227E-4));
#5317=CARTESIAN_POINT('',(2.342273216951E-2,-1.650262435207E-2,
-5.186154888456E-4));
#5318=CARTESIAN_POINT('',(2.230991480475E-2,-1.452181517362E-2,
-4.563660975684E-4));
#5319=CARTESIAN_POINT('',(2.500860311950E-2,-1.903656614163E-2,
7.537109499656E-3));
#5320=CARTESIAN_POINT('',(2.389578575474E-2,-1.719394701930E-2,
6.807565001566E-3));
#5321=CARTESIAN_POINT('',(2.278296838998E-2,-1.535132789697E-2,
6.078020503477E-3));
#5322=CARTESIAN_POINT('',(2.167015102522E-2,-1.350870877464E-2,
5.348476005387E-3));
#5323=CARTESIAN_POINT('',(2.436883933997E-2,-1.447754915727E-2,
1.447754925681E-2));
#5324=CARTESIAN_POINT('',(2.325602197521E-2,-1.307621402555E-2,
1.307621411545E-2));
#5325=CARTESIAN_POINT('',(2.214320461045E-2,-1.167487889383E-2,
1.167487897409E-2));
#5326=CARTESIAN_POINT('',(2.103038724569E-2,-1.027354376210E-2,
1.027354383274E-2));
#5327=CARTESIAN_POINT('',(2.372907556044E-2,-7.537109649088E-3,
1.903656589199E-2));
#5328=CARTESIAN_POINT('',(2.261625819568E-2,-6.807565136534E-3,
1.719394679382E-2));
#5329=CARTESIAN_POINT('',(2.150344083092E-2,-6.078020623980E-3,
1.535132769566E-2));
#5330=CARTESIAN_POINT('',(2.039062346616E-2,-5.348476111427E-3,
1.350870859749E-2));
#5331=CARTESIAN_POINT('',(2.308931178092E-2,6.431147683811E-4,
2.046424360752E-2));
#5332=CARTESIAN_POINT('',(2.197649441615E-2,5.808653289993E-4,
1.848343434209E-2));
#5333=CARTESIAN_POINT('',(2.086367705139E-2,5.186158896175E-4,
1.650262507667E-2));
#5334=CARTESIAN_POINT('',(1.975085968663E-2,4.563664502357E-4,
1.452181581125E-2));
#5335=CARTESIAN_POINT('',(2.244954800139E-2,8.717552729192E-3,
1.852574255705E-2));
#5336=CARTESIAN_POINT('',(2.133673063662E-2,7.873748797369E-3,
1.673256792477E-2));
#5337=CARTESIAN_POINT('',(2.022391327186E-2,7.029944865546E-3,
1.493939329249E-2));
#5338=CARTESIAN_POINT('',(1.911109590710E-2,6.186140933723E-3,
1.314621866020E-2));
#5339=CARTESIAN_POINT('',(2.180978422186E-2,1.535803392257E-2,
1.353992824840E-2));
#5340=CARTESIAN_POINT('',(2.069696685709E-2,1.387147343805E-2,
1.222934888656E-2));
#5341=CARTESIAN_POINT('',(1.958414949233E-2,1.238491295353E-2,
1.091876952473E-2));
#5342=CARTESIAN_POINT('',(1.847133212757E-2,1.089835246901E-2,
9.608190162889E-3));
#5343=CARTESIAN_POINT('',(2.117002044233E-2,1.947226061657E-2,
6.326921004679E-3));
#5344=CARTESIAN_POINT('',(2.005720307756E-2,1.758746902653E-2,
5.714515093763E-3));
#5345=CARTESIAN_POINT('',(1.894438571280E-2,1.570267743649E-2,
5.102109182847E-3));
#5346=CARTESIAN_POINT('',(1.783156834804E-2,1.381788584644E-2,
4.489703271931E-3));
#5347=CARTESIAN_POINT('',(2.053025666280E-2,2.038348058473E-2,
-1.926806211347E-3));
#5348=CARTESIAN_POINT('',(1.941743929804E-2,1.841048866877E-2,
-1.740303564618E-3));
#5349=CARTESIAN_POINT('',(1.830462193327E-2,1.643749675282E-2,
-1.553800917889E-3));
#5350=CARTESIAN_POINT('',(1.719180456851E-2,1.446450483686E-2,
-1.367298271160E-3));
#5351=CARTESIAN_POINT('',(1.989049288327E-2,1.794180657165E-2,
-9.863591631278E-3));
#5352=CARTESIAN_POINT('',(1.877767551851E-2,1.620515324709E-2,
-8.908858386879E-3));
#5353=CARTESIAN_POINT('',(1.766485815374E-2,1.446849992253E-2,
-7.954125142479E-3));
#5354=CARTESIAN_POINT('',(1.655204078898E-2,1.273184659798E-2,
-6.999391898079E-3));
#5355=CARTESIAN_POINT('',(1.925072910374E-2,1.254887136383E-2,
-1.617790747956E-2));
#5356=CARTESIAN_POINT('',(1.813791173898E-2,1.133422003614E-2,
-1.461198842361E-2));
#5357=CARTESIAN_POINT('',(1.702509437421E-2,1.011956870845E-2,
-1.304606936766E-2));
#5358=CARTESIAN_POINT('',(1.591227700945E-2,8.904917380755E-3,
-1.148015031170E-2));
#5359=CARTESIAN_POINT('',(1.861096532421E-2,5.091762910883E-3,
-1.983110721525E-2));
#5360=CARTESIAN_POINT('',(1.749814795945E-2,4.598912486277E-3,
-1.791158154555E-2));
#5361=CARTESIAN_POINT('',(1.638533059469E-2,4.106062061670E-3,
-1.599205587585E-2));
#5362=CARTESIAN_POINT('',(1.527251322992E-2,3.613211637064E-3,
-1.407253020616E-2));
#5363=CARTESIAN_POINT('',(1.797120154468E-2,-3.202893435130E-3,
-2.022227327890E-2));
#5364=CARTESIAN_POINT('',(1.685838417992E-2,-2.892873621344E-3,
-1.826488520988E-2));
#5365=CARTESIAN_POINT('',(1.574556681516E-2,-2.582853807558E-3,
-1.630749714087E-2));
#5366=CARTESIAN_POINT('',(1.463274945039E-2,-2.272833993772E-3,
-1.435010907185E-2));
#5367=CARTESIAN_POINT('',(1.733143776516E-2,-1.097070344221E-2,
-1.728706247187E-2));
#5368=CARTESIAN_POINT('',(1.621862040039E-2,-9.908808781294E-3,
-1.561378423237E-2));
#5369=CARTESIAN_POINT('',(1.510580303563E-2,-8.846914120376E-3,
-1.394050599288E-2));
#5370=CARTESIAN_POINT('',(1.399298567086E-2,-7.785019459458E-3,
-1.226722775338E-2));
#5371=CARTESIAN_POINT('',(1.669167398563E-2,-1.693393422707E-2,
-1.150828981720E-2));
#5372=CARTESIAN_POINT('',(1.557885662086E-2,-1.529483656676E-2,
-1.039436019750E-2));
#5373=CARTESIAN_POINT('',(1.446603925610E-2,-1.365573890645E-2,
-9.280430577807E-3));
#5374=CARTESIAN_POINT('',(1.335322189134E-2,-1.201664124614E-2,
-8.166500958111E-3));
#5375=CARTESIAN_POINT('',(1.605191020610E-2,-2.011168949363E-2,
-3.836509955025E-3));
#5376=CARTESIAN_POINT('',(1.493909284134E-2,-1.816500523516E-2,
-3.465160072197E-3));
#5377=CARTESIAN_POINT('',(1.382627547657E-2,-1.621832097669E-2,
-3.093810189370E-3));
#5378=CARTESIAN_POINT('',(1.271345811181E-2,-1.427163671821E-2,
-2.722460306542E-3));
#5379=CARTESIAN_POINT('',(1.541214642657E-2,-1.998125789914E-2,
4.466340301786E-3));
#5380=CARTESIAN_POINT('',(1.429932906181E-2,-1.804719859353E-2,
4.034026827514E-3));
#5381=CARTESIAN_POINT('',(1.318651169704E-2,-1.611313928792E-2,
3.601713353242E-3));
#5382=CARTESIAN_POINT('',(1.207369433228E-2,-1.417907998230E-2,
3.169399878970E-3));
#5383=CARTESIAN_POINT('',(1.477238264704E-2,-1.656409423421E-2,
1.203451889871E-2));
#5384=CARTESIAN_POINT('',(1.365956528228E-2,-1.496079474454E-2,
1.086965363437E-2));
#5385=CARTESIAN_POINT('',(1.254674791751E-2,-1.335749525487E-2,
9.704788370023E-3));
#5386=CARTESIAN_POINT('',(1.143393055275E-2,-1.175419576519E-2,
8.539923105678E-3));
#5387=CARTESIAN_POINT('',(1.413261886752E-2,-1.042229030829E-2,
1.762313047257E-2));
#5388=CARTESIAN_POINT('',(1.301980150275E-2,-9.413478567893E-3,
1.591732297754E-2));
#5389=CARTESIAN_POINT('',(1.190698413799E-2,-8.404666827497E-3,
1.421151548251E-2));
#5390=CARTESIAN_POINT('',(1.079416677322E-2,-7.395855087100E-3,
1.250570798747E-2));
#5391=CARTESIAN_POINT('',(1.349285508799E-2,-2.566116047097E-3,
2.031290012175E-2));
#5392=CARTESIAN_POINT('',(1.238003772322E-2,-2.317732254384E-3,
1.834673994791E-2));
#5393=CARTESIAN_POINT('',(1.126722035846E-2,-2.069348461670E-3,
1.638057977408E-2));
#5394=CARTESIAN_POINT('',(1.015440299369E-2,-1.820964668957E-3,
1.441441960024E-2));
#5395=CARTESIAN_POINT('',(1.285309130846E-2,5.712160563760E-3,
1.966138562302E-2));
#5396=CARTESIAN_POINT('',(1.174027394369E-2,5.159259572779E-3,
1.775828792930E-2));
#5397=CARTESIAN_POINT('',(1.062745657893E-2,4.606358581797E-3,
1.585519023559E-2));
#5398=CARTESIAN_POINT('',(9.514639214164E-3,4.053457590816E-3,
1.395209254187E-2));
#5399=CARTESIAN_POINT('',(1.221332752893E-2,1.305083960718E-2,
1.577575508402E-2));
#5400=CARTESIAN_POINT('',(1.110051016417E-2,1.178760093043E-2,
1.424876183478E-2));
#5401=CARTESIAN_POINT('',(9.987692799401E-3,1.052436225368E-2,
1.272176858554E-2));
#5402=CARTESIAN_POINT('',(8.874875434636E-3,9.261123576928E-3,
1.119477533630E-2));
#5403=CARTESIAN_POINT('',(1.157356374940E-2,1.824277627334E-2,
9.295158781016E-3));
#5404=CARTESIAN_POINT('',(1.046074638464E-2,1.647699098646E-2,
8.395446238977E-3));
#5405=CARTESIAN_POINT('',(9.347929019873E-3,1.471120569958E-2,
7.495733696938E-3));
#5406=CARTESIAN_POINT('',(8.235111655108E-3,1.294542041270E-2,
6.596021154900E-3));
#5407=CARTESIAN_POINT('',(1.093379996988E-2,2.043394501317E-2,
1.285594851467E-3));
#5408=CARTESIAN_POINT('',(9.820982605111E-3,1.845606845992E-2,
1.161157406223E-3));
#5409=CARTESIAN_POINT('',(8.708165240345E-3,1.647819190668E-2,
1.036719960980E-3));
#5410=CARTESIAN_POINT('',(7.595347875580E-3,1.450031535343E-2,
9.122825157357E-4));
#5411=CARTESIAN_POINT('',(1.029403619035E-2,1.926391884028E-2,
-6.935437537638E-3));
#5412=CARTESIAN_POINT('',(9.181218825583E-3,1.739929341561E-2,
-6.264131077561E-3));
#5413=CARTESIAN_POINT('',(8.068401460818E-3,1.553466799094E-2,
-5.592824617483E-3));
#5414=CARTESIAN_POINT('',(6.955584096052E-3,1.367004256627E-2,
-4.921518157406E-3));
#5415=CARTESIAN_POINT('',(9.654272410822E-3,1.492515623577E-2,
-1.401565461409E-2));
#5416=CARTESIAN_POINT('',(8.541455046056E-3,1.348049557170E-2,
-1.265902795087E-2));
#5417=CARTESIAN_POINT('',(7.428637681290E-3,1.203583490763E-2,
-1.130240128765E-2));
#5418=CARTESIAN_POINT('',(6.315820316524E-3,1.059117424356E-2,
-9.945774624430E-3));
#5419=CARTESIAN_POINT('',(9.014508631294E-3,8.131343508579E-3,
-1.879042617050E-2));
#5420=CARTESIAN_POINT('',(7.901691266528E-3,7.344280919263E-3,
-1.697163183958E-2));
#5421=CARTESIAN_POINT('',(6.788873901762E-3,6.557218329946E-3,
-1.515283750867E-2));
#5422=CARTESIAN_POINT('',(5.676056536996E-3,5.770155740630E-3,
-1.333404317776E-2));
#5423=CARTESIAN_POINT('',(8.374744851767E-3,2.812468140323E-13,
-2.047434645901E-2));
#5424=CARTESIAN_POINT('',(7.261927487001E-3,2.540363752690E-13,
-1.849255930150E-2));
#5425=CARTESIAN_POINT('',(6.149110122235E-3,2.268252859844E-13,
-1.651077214399E-2));
#5426=CARTESIAN_POINT('',(5.036292757469E-3,1.996152809020E-13,
-1.452898498648E-2));
#5427=CARTESIAN_POINT('',(7.734981072240E-3,-8.131343508063E-3,
-1.879042617072E-2));
#5428=CARTESIAN_POINT('',(6.622163707474E-3,-7.344280918797E-3,
-1.697163183978E-2));
#5429=CARTESIAN_POINT('',(5.509346342708E-3,-6.557218329530E-3,
-1.515283750885E-2));
#5430=CARTESIAN_POINT('',(4.396528977941E-3,-5.770155740264E-3,
-1.333404317792E-2));
#5431=CARTESIAN_POINT('',(7.095217292713E-3,-1.492515623538E-2,
-1.401565461449E-2));
#5432=CARTESIAN_POINT('',(5.982399927947E-3,-1.348049557135E-2,
-1.265902795124E-2));
#5433=CARTESIAN_POINT('',(4.869582563180E-3,-1.203583490732E-2,
-1.130240128798E-2));
#5434=CARTESIAN_POINT('',(3.756765198414E-3,-1.059117424329E-2,
-9.945774624720E-3));
#5435=CARTESIAN_POINT('',(6.455453513186E-3,-1.926391884009E-2,
-6.935437538162E-3));
#5436=CARTESIAN_POINT('',(5.342636148419E-3,-1.739929341544E-2,
-6.264131078034E-3));
#5437=CARTESIAN_POINT('',(4.229818783653E-3,-1.553466799079E-2,
-5.592824617906E-3));
#5438=CARTESIAN_POINT('',(3.117001418886E-3,-1.367004256614E-2,
-4.921518157778E-3));
#5439=CARTESIAN_POINT('',(5.815689733659E-3,-2.043394501321E-2,
1.285594850915E-3));
#5440=CARTESIAN_POINT('',(4.702872368892E-3,-1.845606845995E-2,
1.161157405725E-3));
#5441=CARTESIAN_POINT('',(3.590055004126E-3,-1.647819190670E-2,
1.036719960534E-3));
#5442=CARTESIAN_POINT('',(2.477237639359E-3,-1.450031535345E-2,
9.122825153438E-4));
#5443=CARTESIAN_POINT('',(5.175925954132E-3,-1.824277627359E-2,
9.295158780528E-3));
#5444=CARTESIAN_POINT('',(4.063108589365E-3,-1.647699098668E-2,
8.395446238536E-3));
#5445=CARTESIAN_POINT('',(2.950291224599E-3,-1.471120569978E-2,
7.495733696545E-3));
#5446=CARTESIAN_POINT('',(1.837473859832E-3,-1.294542041288E-2,
6.596021154553E-3));
#5447=CARTESIAN_POINT('',(4.536162174605E-3,-1.305083960760E-2,
1.577575508368E-2));
#5448=CARTESIAN_POINT('',(3.423344809838E-3,-1.178760093081E-2,
1.424876183447E-2));
#5449=CARTESIAN_POINT('',(2.310527445072E-3,-1.052436225402E-2,
1.272176858526E-2));
#5450=CARTESIAN_POINT('',(1.197710080305E-3,-9.261123577225E-3,
1.119477533606E-2));
#5451=CARTESIAN_POINT('',(3.896398395078E-3,-5.712160564274E-3,
1.966138562287E-2));
#5452=CARTESIAN_POINT('',(2.783581030312E-3,-5.159259573242E-3,
1.775828792917E-2));
#5453=CARTESIAN_POINT('',(1.670763665545E-3,-4.606358582211E-3,
1.585519023547E-2));
#5454=CARTESIAN_POINT('',(5.579463007780E-4,-4.053457591180E-3,
1.395209254176E-2));
#5455=CARTESIAN_POINT('',(3.256634615552E-3,2.566116046575E-3,
2.031290012182E-2));
#5456=CARTESIAN_POINT('',(2.143817250785E-3,2.317732253913E-3,
1.834673994797E-2));
#5457=CARTESIAN_POINT('',(1.030999886018E-3,2.069348461250E-3,
1.638057977413E-2));
#5458=CARTESIAN_POINT('',(-8.181747874887E-5,1.820964668587E-3,
1.441441960029E-2));
#5459=CARTESIAN_POINT('',(2.616870836025E-3,1.042229030785E-2,
1.762313047283E-2));
#5460=CARTESIAN_POINT('',(1.504053471258E-3,9.413478567493E-3,
1.591732297777E-2));
#5461=CARTESIAN_POINT('',(3.912361064912E-4,8.404666827139E-3,
1.421151548272E-2));
#5462=CARTESIAN_POINT('',(-7.215812582756E-4,7.395855086786E-3,
1.250570798766E-2));
#5463=CARTESIAN_POINT('',(1.977107056498E-3,1.656409423392E-2,
1.203451889912E-2));
#5464=CARTESIAN_POINT('',(8.642896917313E-4,1.496079474427E-2,
1.086965363474E-2));
#5465=CARTESIAN_POINT('',(-2.485276730355E-4,1.335749525463E-2,
9.704788370353E-3));
#5466=CARTESIAN_POINT('',(-1.361345037802E-3,1.175419576498E-2,
8.539923105969E-3));
#5467=CARTESIAN_POINT('',(1.337343276972E-3,1.998125789903E-2,
4.466340302268E-3));
#5468=CARTESIAN_POINT('',(2.245259122048E-4,1.804719859343E-2,
4.034026827949E-3));
#5469=CARTESIAN_POINT('',(-8.882914525621E-4,1.611313928783E-2,
3.601713353631E-3));
#5470=CARTESIAN_POINT('',(-2.001108817329E-3,1.417907998223E-2,
3.169399879312E-3));
#5471=CARTESIAN_POINT('',(6.975794974450E-4,2.011168949373E-2,
-3.836509954554E-3));
#5472=CARTESIAN_POINT('',(-4.152378673218E-4,1.816500523524E-2,
-3.465160071772E-3));
#5473=CARTESIAN_POINT('',(-1.528055232089E-3,1.621832097676E-2,
-3.093810188990E-3));
#5474=CARTESIAN_POINT('',(-2.640872596855E-3,1.427163671828E-2,
-2.722460306208E-3));
#5475=CARTESIAN_POINT('',(5.781571791851E-5,1.693393422733E-2,
-1.150828981682E-2));
#5476=CARTESIAN_POINT('',(-1.055001646848E-3,1.529483656700E-2,
-1.039436019716E-2));
#5477=CARTESIAN_POINT('',(-2.167819011615E-3,1.365573890666E-2,
-9.280430577498E-3));
#5478=CARTESIAN_POINT('',(-3.280636376382E-3,1.201664124633E-2,
-8.166500957839E-3));
#5479=CARTESIAN_POINT('',(-5.819480616079E-4,1.097070344259E-2,
-1.728706247163E-2));
#5480=CARTESIAN_POINT('',(-1.694765426375E-3,9.908808781638E-3,
-1.561378423216E-2));
#5481=CARTESIAN_POINT('',(-2.807582791141E-3,8.846914120683E-3,
-1.394050599268E-2));
#5482=CARTESIAN_POINT('',(-3.920400155908E-3,7.785019459728E-3,
-1.226722775321E-2));
#5483=CARTESIAN_POINT('',(-1.221711841134E-3,3.202893435558E-3,
-2.022227327883E-2));
#5484=CARTESIAN_POINT('',(-2.334529205901E-3,2.892873621730E-3,
-1.826488520983E-2));
#5485=CARTESIAN_POINT('',(-3.447346570668E-3,2.582853807903E-3,
-1.630749714082E-2));
#5486=CARTESIAN_POINT('',(-4.560163935434E-3,2.272833994076E-3,
-1.435010907181E-2));
#5487=CARTESIAN_POINT('',(-1.861475620661E-3,-5.091762910482E-3,
-1.983110721535E-2));
#5488=CARTESIAN_POINT('',(-2.974292985427E-3,-4.598912485914E-3,
-1.791158154565E-2));
#5489=CARTESIAN_POINT('',(-4.087110350194E-3,-4.106062061346E-3,
-1.599205587594E-2));
#5490=CARTESIAN_POINT('',(-5.199927714960E-3,-3.613211636779E-3,
-1.407253020623E-2));
#5491=CARTESIAN_POINT('',(-2.501239400187E-3,-1.254887136352E-2,
-1.617790747981E-2));
#5492=CARTESIAN_POINT('',(-3.614056764954E-3,-1.133422003586E-2,
-1.461198842383E-2));
#5493=CARTESIAN_POINT('',(-4.726874129720E-3,-1.011956870820E-2,
-1.304606936785E-2));
#5494=CARTESIAN_POINT('',(-5.839691494486E-3,-8.904917380534E-3,
-1.148015031188E-2));
#5495=CARTESIAN_POINT('',(-3.141003179713E-3,-1.794180657147E-2,
-9.863591631609E-3));
#5496=CARTESIAN_POINT('',(-4.253820544480E-3,-1.620515324693E-2,
-8.908858387177E-3));
#5497=CARTESIAN_POINT('',(-5.366637909246E-3,-1.446849992239E-2,
-7.954125142745E-3));
#5498=CARTESIAN_POINT('',(-6.479455274012E-3,-1.273184659785E-2,
-6.999391898314E-3));
#5499=CARTESIAN_POINT('',(-3.780766959240E-3,-2.038348058470E-2,
-1.926806211700E-3));
#5500=CARTESIAN_POINT('',(-4.893584324006E-3,-1.841048866875E-2,
-1.740303564937E-3));
#5501=CARTESIAN_POINT('',(-6.006401688772E-3,-1.643749675279E-2,
-1.553800918174E-3));
#5502=CARTESIAN_POINT('',(-7.119219053538E-3,-1.446450483684E-2,
-1.367298271410E-3));
#5503=CARTESIAN_POINT('',(-4.420530738766E-3,-1.947226061668E-2,
6.326921004364E-3));
#5504=CARTESIAN_POINT('',(-5.533348103532E-3,-1.758746902663E-2,
5.714515093478E-3));
#5505=CARTESIAN_POINT('',(-6.646165468298E-3,-1.570267743657E-2,
5.102109182593E-3));
#5506=CARTESIAN_POINT('',(-7.758982833064E-3,-1.381788584652E-2,
4.489703271707E-3));
#5507=CARTESIAN_POINT('',(-5.060294518292E-3,-1.535803392277E-2,
1.353992824817E-2));
#5508=CARTESIAN_POINT('',(-6.173111883058E-3,-1.387147343823E-2,
1.222934888635E-2));
#5509=CARTESIAN_POINT('',(-7.285929247824E-3,-1.238491295369E-2,
1.091876952454E-2));
#5510=CARTESIAN_POINT('',(-8.398746612590E-3,-1.089835246915E-2,
9.608190162726E-3));
#5511=CARTESIAN_POINT('',(-5.700058297818E-3,-8.717552729450E-3,
1.852574255694E-2));
#5512=CARTESIAN_POINT('',(-6.812875662584E-3,-7.873748797602E-3,
1.673256792466E-2));
#5513=CARTESIAN_POINT('',(-7.925693027350E-3,-7.029944865754E-3,
1.493939329239E-2));
#5514=CARTESIAN_POINT('',(-9.038510392115E-3,-6.186140933907E-3,
1.314621866012E-2));
#5515=CARTESIAN_POINT('',(-6.339822077345E-3,-6.431147686387E-4,
2.046424360751E-2));
#5516=CARTESIAN_POINT('',(-7.452639442110E-3,-5.808653292320E-4,
1.848343434209E-2));
#5517=CARTESIAN_POINT('',(-8.565456806875E-3,-5.186158898252E-4,
1.650262507667E-2));
#5518=CARTESIAN_POINT('',(-9.678274171640E-3,-4.563664504185E-4,
1.452181581124E-2));
#5519=CARTESIAN_POINT('',(-6.979585856871E-3,7.537109648875E-3,
1.903656589208E-2));
#5520=CARTESIAN_POINT('',(-8.092403221636E-3,6.807565136342E-3,
1.719394679390E-2));
#5521=CARTESIAN_POINT('',(-9.205220586401E-3,6.078020623809E-3,
1.535132769573E-2));
#5522=CARTESIAN_POINT('',(-1.031803795117E-2,5.348476111275E-3,
1.350870859756E-2));
#5523=CARTESIAN_POINT('',(-7.619349636397E-3,1.447754915713E-2,
1.447754925696E-2));
#5524=CARTESIAN_POINT('',(-8.732167001162E-3,1.307621402542E-2,
1.307621411558E-2));
#5525=CARTESIAN_POINT('',(-9.844984365926E-3,1.167487889371E-2,
1.167487897421E-2));
#5526=CARTESIAN_POINT('',(-1.095780173069E-2,1.027354376200E-2,
1.027354383284E-2));
#5527=CARTESIAN_POINT('',(-8.259113415923E-3,1.903656614157E-2,
7.537109499818E-3));
#5528=CARTESIAN_POINT('',(-9.371930780687E-3,1.719394701925E-2,
6.807565001713E-3));
#5529=CARTESIAN_POINT('',(-1.048474814545E-2,1.535132789692E-2,
6.078020503608E-3));
#5530=CARTESIAN_POINT('',(-1.159756551022E-2,1.350870877460E-2,
5.348476005502E-3));
#5531=CARTESIAN_POINT('',(-8.898877195449E-3,2.046424270898E-2,
-6.431142712577E-4));
#5532=CARTESIAN_POINT('',(-1.001169456021E-2,1.848343353052E-2,
-5.808648799943E-4));
#5533=CARTESIAN_POINT('',(-1.112451192498E-2,1.650262435207E-2,
-5.186154887309E-4));
#5534=CARTESIAN_POINT('',(-1.223732928974E-2,1.452181517362E-2,
-4.563660974675E-4));
#5535=CARTESIAN_POINT('',(-9.538640974975E-3,1.852574590163E-2,
-8.717554568870E-3));
#5536=CARTESIAN_POINT('',(-1.065145833974E-2,1.673257094561E-2,
-7.873750458978E-3));
#5537=CARTESIAN_POINT('',(-1.176427570450E-2,1.493939598959E-2,
-7.029946349086E-3));
#5538=CARTESIAN_POINT('',(-1.287709306927E-2,1.314622103358E-2,
-6.186142239194E-3));
#5539=CARTESIAN_POINT('',(-1.017840475450E-2,1.353991576838E-2,
-1.535802706153E-2));
#5540=CARTESIAN_POINT('',(-1.129122211926E-2,1.222933761453E-2,
-1.387146724112E-2));
#5541=CARTESIAN_POINT('',(-1.240403948403E-2,1.091875946068E-2,
-1.238490742070E-2));
#5542=CARTESIAN_POINT('',(-1.351685684879E-2,9.608181306835E-3,
-1.089834760029E-2));
#5543=CARTESIAN_POINT('',(-1.076895085382E-2,6.881867041952E-3,
-1.915577206725E-2));
#5544=CARTESIAN_POINT('',(-1.188176821858E-2,6.215745866816E-3,
-1.730161456576E-2));
#5545=CARTESIAN_POINT('',(-1.299458558335E-2,5.549624691679E-3,
-1.544745706427E-2));
#5546=CARTESIAN_POINT('',(-1.410740294811E-2,4.883503516543E-3,
-1.359329956278E-2));
#5547=CARTESIAN_POINT('',(-1.123133981408E-2,1.003152675343E-3,
-2.008142078262E-2));
#5548=CARTESIAN_POINT('',(-1.234415717885E-2,9.060538452043E-4,
-1.813766634381E-2));
#5549=CARTESIAN_POINT('',(-1.345697454361E-2,8.089550150661E-4,
-1.619391190499E-2));
#5550=CARTESIAN_POINT('',(-1.456979190837E-2,7.118561849279E-4,
-1.425015746618E-2));
#5551=CARTESIAN_POINT('',(-1.148047418117E-2,-2.163301047338E-3,
-1.982544550397E-2));
#5552=CARTESIAN_POINT('',(-1.259329154593E-2,-1.953907197233E-3,
-1.790646785209E-2));
#5553=CARTESIAN_POINT('',(-1.370610891069E-2,-1.744513347128E-3,
-1.598749020022E-2));
#5554=CARTESIAN_POINT('',(-1.481892627546E-2,-1.535119497023E-3,
-1.406851254834E-2));
#5555=CARTESIAN_POINT('',(-1.156557163529E-2,-3.230367551792E-3,
-1.964837801067E-2));
#5556=CARTESIAN_POINT('',(-1.267838900005E-2,-2.917688417394E-3,
-1.774653937151E-2));
#5557=CARTESIAN_POINT('',(-1.379120636481E-2,-2.605009282996E-3,
-1.584470073234E-2));
#5558=CARTESIAN_POINT('',(-1.490402372957E-2,-2.292330148597E-3,
-1.394286209318E-2));
#5559=B_SPLINE_SURFACE_WITH_KNOTS('',3,3,((#5291,#5292,#5293,#5294),(#5295,
#5296,#5297,#5298),(#5299,#5300,#5301,#5302),(#5303,#5304,#5305,#5306),(#5307,
#5308,#5309,#5310),(#5311,#5312,#5313,#5314),(#5315,#5316,#5317,#5318),(#5319,
#5320,#5321,#5322),(#5323,#5324,#5325,#5326),(#5327,#5328,#5329,#5330),(#5331,
#5332,#5333,#5334),(#5335,#5336,#5337,#5338),(#5339,#5340,#5341,#5342),(#5343,
#5344,#5345,#5346),(#5347,#5348,#5349,#5350),(#5351,#5352,#5353,#5354),(#5355,
#5356,#5357,#5358),(#5359,#5360,#5361,#5362),(#5363,#5364,#5365,#5366),(#5367,
#5368,#5369,#5370),(#5371,#5372,#5373,#5374),(#5375,#5376,#5377,#5378),(#5379,
#5380,#5381,#5382),(#5383,#5384,#5385,#5386),(#5387,#5388,#5389,#5390),(#5391,
#5392,#5393,#5394),(#5395,#5396,#5397,#5398),(#5399,#5400,#5401,#5402),(#5403,
#5404,#5405,#5406),(#5407,#5408,#5409,#5410),(#5411,#5412,#5413,#5414),(#5415,
#5416,#5417,#5418),(#5419,#5420,#5421,#5422),(#5423,#5424,#5425,#5426),(#5427,
#5428,#5429,#5430),(#5431,#5432,#5433,#5434),(#5435,#5436,#5437,#5438),(#5439,
#5440,#5441,#5442),(#5443,#5444,#5445,#5446),(#5447,#5448,#5449,#5450),(#5451,
#5452,#5453,#5454),(#5455,#5456,#5457,#5458),(#5459,#5460,#5461,#5462),(#5463,
#5464,#5465,#5466),(#5467,#5468,#5469,#5470),(#5471,#5472,#5473,#5474),(#5475,
#5476,#5477,#5478),(#5479,#5480,#5481,#5482),(#5483,#5484,#5485,#5486),(#5487,
#5488,#5489,#5490),(#5491,#5492,#5493,#5494),(#5495,#5496,#5497,#5498),(#5499,
#5500,#5501,#5502),(#5503,#5504,#5505,#5506),(#5507,#5508,#5509,#5510),(#5511,
#5512,#5513,#5514),(#5515,#5516,#5517,#5518),(#5519,#5520,#5521,#5522),(#5523,
#5524,#5525,#5526),(#5527,#5528,#5529,#5530),(#5531,#5532,#5533,#5534),(#5535,
#5536,#5537,#5538),(#5539,#5540,#5541,#5542),(#5543,#5544,#5545,#5546),(#5547,
#5548,#5549,#5550),(#5551,#5552,#5553,#5554),(#5555,#5556,#5557,#5558)),
.UNSPECIFIED.,.F.,.F.,.F.,(4,1,1,1,1,1,1,1,1,1,1,1,1,1,1,1,1,1,1,1,1,1,1,1,1,1,
1,1,1,1,1,1,1,1,1,1,1,1,1,1,1,1,1,1,1,1,1,1,1,1,1,1,1,1,1,1,1,1,1,1,1,1,1,1,4),(
4,4),(-6.484433022563E-3,0.E0,1.249949572787E-2,2.874951039820E-2,
4.499952506852E-2,6.124953973884E-2,7.749955440916E-2,9.374956907949E-2,
1.099995837498E-1,1.262495984201E-1,1.424996130905E-1,1.587496277608E-1,
1.749996424311E-1,1.912496571014E-1,2.074996717717E-1,2.237496864421E-1,
2.399997011124E-1,2.562497157827E-1,2.724997304530E-1,2.887497451234E-1,
3.049997597937E-1,3.212497744640E-1,3.374997891343E-1,3.537498038046E-1,
3.699998184750E-1,3.862498331453E-1,4.024998478156E-1,4.187498624859E-1,
4.349998771563E-1,4.512498918266E-1,4.674999064969E-1,4.837499211672E-1,
4.999999358376E-1,5.162499505079E-1,5.324999651782E-1,5.487499798485E-1,
5.649999945188E-1,5.812500091892E-1,5.975000238595E-1,6.137500385298E-1,
6.300000532001E-1,6.462500678705E-1,6.625000825408E-1,6.787500972111E-1,
6.950001118814E-1,7.112501265517E-1,7.275001412221E-1,7.437501558924E-1,
7.600001705627E-1,7.762501852330E-1,7.925001999034E-1,8.087502145737E-1,
8.250002292440E-1,8.412502439143E-1,8.575002585847E-1,8.737502732550E-1,
8.900002879253E-1,9.062503025956E-1,9.225003172659E-1,9.387503319363E-1,
9.550003466066E-1,9.712503612769E-1,9.875003759472E-1,1.E0,1.006484431858E0),(
-2.192070425134E-2,1.021731267827E0),.UNSPECIFIED.);
#5561=ORIENTED_EDGE('',*,*,#5560,.T.);
#5562=ORIENTED_EDGE('',*,*,#5275,.T.);
#5563=ORIENTED_EDGE('',*,*,#3570,.F.);
#5565=ORIENTED_EDGE('',*,*,#5564,.F.);
#5567=ORIENTED_EDGE('',*,*,#5566,.F.);
#5569=ORIENTED_EDGE('',*,*,#5568,.T.);
#5571=ORIENTED_EDGE('',*,*,#5570,.T.);
#5573=ORIENTED_EDGE('',*,*,#5572,.T.);
#5575=ORIENTED_EDGE('',*,*,#5574,.T.);
#5577=ORIENTED_EDGE('',*,*,#5576,.T.);
#5579=ORIENTED_EDGE('',*,*,#5578,.T.);
#5581=ORIENTED_EDGE('',*,*,#5580,.T.);
#5582=EDGE_LOOP('',(#5561,#5562,#5563,#5565,#5567,#5569,#5571,#5573,#5575,#5577,
#5579,#5581));
#5583=FACE_OUTER_BOUND('',#5582,.F.);
#5585=FILL_AREA_STYLE_COLOUR('',#50);
#5586=FILL_AREA_STYLE('',(#5585));
#5587=SURFACE_STYLE_FILL_AREA(#5586);
#5588=SURFACE_SIDE_STYLE('',(#5587));
#5589=SURFACE_STYLE_USAGE(.BOTH.,#5588);
#5590=PRESENTATION_STYLE_ASSIGNMENT((#5589));
#5591=OVER_RIDING_STYLED_ITEM('',(#5590),#5584,#119);
#5592=CARTESIAN_POINT('',(-6.496062992126E-2,0.E0,0.E0));
#5593=DIRECTION('',(1.E0,0.E0,0.E0));
#5594=DIRECTION('',(0.E0,-1.E0,0.E0));
#5595=AXIS2_PLACEMENT_3D('',#5592,#5593,#5594);
#5596=CYLINDRICAL_SURFACE('',#5595,1.968503937008E-2);
#5597=ORIENTED_EDGE('',*,*,#5277,.T.);
#5598=ORIENTED_EDGE('',*,*,#5560,.F.);
#5600=ORIENTED_EDGE('',*,*,#5599,.T.);
#5601=ORIENTED_EDGE('',*,*,#5131,.F.);
#5602=EDGE_LOOP('',(#5597,#5598,#5600,#5601));
#5603=FACE_OUTER_BOUND('',#5602,.F.);
#5605=FILL_AREA_STYLE_COLOUR('',#50);
#5606=FILL_AREA_STYLE('',(#5605));
#5607=SURFACE_STYLE_FILL_AREA(#5606);
#5608=SURFACE_SIDE_STYLE('',(#5607));
#5609=SURFACE_STYLE_USAGE(.BOTH.,#5608);
#5610=PRESENTATION_STYLE_ASSIGNMENT((#5609));
#5611=OVER_RIDING_STYLED_ITEM('',(#5610),#5604,#119);
#5612=CARTESIAN_POINT('',(-6.496062992126E-2,0.E0,0.E0));
#5613=DIRECTION('',(1.E0,0.E0,0.E0));
#5614=DIRECTION('',(0.E0,-1.E0,0.E0));
#5615=AXIS2_PLACEMENT_3D('',#5612,#5613,#5614);
#5616=CYLINDRICAL_SURFACE('',#5615,1.968503937008E-2);
#5617=ORIENTED_EDGE('',*,*,#5599,.F.);
#5618=ORIENTED_EDGE('',*,*,#5580,.F.);
#5620=ORIENTED_EDGE('',*,*,#5619,.F.);
#5622=ORIENTED_EDGE('',*,*,#5621,.F.);
#5623=ORIENTED_EDGE('',*,*,#5133,.F.);
#5624=EDGE_LOOP('',(#5617,#5618,#5620,#5622,#5623));
#5625=FACE_OUTER_BOUND('',#5624,.F.);
#5627=FILL_AREA_STYLE_COLOUR('',#50);
#5628=FILL_AREA_STYLE('',(#5627));
#5629=SURFACE_STYLE_FILL_AREA(#5628);
#5630=SURFACE_SIDE_STYLE('',(#5629));
#5631=SURFACE_STYLE_USAGE(.BOTH.,#5630);
#5632=PRESENTATION_STYLE_ASSIGNMENT((#5631));
#5633=OVER_RIDING_STYLED_ITEM('',(#5632),#5626,#119);
#5634=CARTESIAN_POINT('',(-6.496062992126E-2,0.E0,0.E0));
#5635=DIRECTION('',(1.E0,0.E0,0.E0));
#5636=DIRECTION('',(0.E0,-1.E0,0.E0));
#5637=AXIS2_PLACEMENT_3D('',#5634,#5635,#5636);
#5638=CYLINDRICAL_SURFACE('',#5637,1.968503937008E-2);
#5639=ORIENTED_EDGE('',*,*,#5619,.T.);
#5640=ORIENTED_EDGE('',*,*,#5578,.F.);
#5642=ORIENTED_EDGE('',*,*,#5641,.T.);
#5644=ORIENTED_EDGE('',*,*,#5643,.F.);
#5645=EDGE_LOOP('',(#5639,#5640,#5642,#5644));
#5646=FACE_OUTER_BOUND('',#5645,.F.);
#5648=FILL_AREA_STYLE_COLOUR('',#50);
#5649=FILL_AREA_STYLE('',(#5648));
#5650=SURFACE_STYLE_FILL_AREA(#5649);
#5651=SURFACE_SIDE_STYLE('',(#5650));
#5652=SURFACE_STYLE_USAGE(.BOTH.,#5651);
#5653=PRESENTATION_STYLE_ASSIGNMENT((#5652));
#5654=OVER_RIDING_STYLED_ITEM('',(#5653),#5647,#119);
#5655=CARTESIAN_POINT('',(-6.496062992126E-2,0.E0,0.E0));
#5656=DIRECTION('',(1.E0,0.E0,0.E0));
#5657=DIRECTION('',(0.E0,-1.E0,0.E0));
#5658=AXIS2_PLACEMENT_3D('',#5655,#5656,#5657);
#5659=CYLINDRICAL_SURFACE('',#5658,1.968503937008E-2);
#5661=ORIENTED_EDGE('',*,*,#5660,.F.);
#5663=ORIENTED_EDGE('',*,*,#5662,.F.);
#5664=ORIENTED_EDGE('',*,*,#5641,.F.);
#5665=ORIENTED_EDGE('',*,*,#5576,.F.);
#5666=EDGE_LOOP('',(#5661,#5663,#5664,#5665));
#5667=FACE_OUTER_BOUND('',#5666,.F.);
#5669=FILL_AREA_STYLE_COLOUR('',#50);
#5670=FILL_AREA_STYLE('',(#5669));
#5671=SURFACE_STYLE_FILL_AREA(#5670);
#5672=SURFACE_SIDE_STYLE('',(#5671));
#5673=SURFACE_STYLE_USAGE(.BOTH.,#5672);
#5674=PRESENTATION_STYLE_ASSIGNMENT((#5673));
#5675=OVER_RIDING_STYLED_ITEM('',(#5674),#5668,#119);
#5676=CARTESIAN_POINT('',(-6.496062992126E-2,0.E0,0.E0));
#5677=DIRECTION('',(1.E0,0.E0,0.E0));
#5678=DIRECTION('',(0.E0,-1.E0,0.E0));
#5679=AXIS2_PLACEMENT_3D('',#5676,#5677,#5678);
#5680=CYLINDRICAL_SURFACE('',#5679,1.968503937008E-2);
#5682=ORIENTED_EDGE('',*,*,#5681,.T.);
#5684=ORIENTED_EDGE('',*,*,#5683,.F.);
#5685=ORIENTED_EDGE('',*,*,#5660,.T.);
#5686=ORIENTED_EDGE('',*,*,#5574,.F.);
#5687=EDGE_LOOP('',(#5682,#5684,#5685,#5686));
#5688=FACE_OUTER_BOUND('',#5687,.F.);
#5690=FILL_AREA_STYLE_COLOUR('',#50);
#5691=FILL_AREA_STYLE('',(#5690));
#5692=SURFACE_STYLE_FILL_AREA(#5691);
#5693=SURFACE_SIDE_STYLE('',(#5692));
#5694=SURFACE_STYLE_USAGE(.BOTH.,#5693);
#5695=PRESENTATION_STYLE_ASSIGNMENT((#5694));
#5696=OVER_RIDING_STYLED_ITEM('',(#5695),#5689,#119);
#5697=CARTESIAN_POINT('',(-6.496062992126E-2,0.E0,0.E0));
#5698=DIRECTION('',(1.E0,0.E0,0.E0));
#5699=DIRECTION('',(0.E0,-1.E0,0.E0));
#5700=AXIS2_PLACEMENT_3D('',#5697,#5698,#5699);
#5701=CYLINDRICAL_SURFACE('',#5700,1.968503937008E-2);
#5703=ORIENTED_EDGE('',*,*,#5702,.F.);
#5705=ORIENTED_EDGE('',*,*,#5704,.F.);
#5706=ORIENTED_EDGE('',*,*,#5681,.F.);
#5707=ORIENTED_EDGE('',*,*,#5572,.F.);
#5708=EDGE_LOOP('',(#5703,#5705,#5706,#5707));
#5709=FACE_OUTER_BOUND('',#5708,.F.);
#5711=FILL_AREA_STYLE_COLOUR('',#50);
#5712=FILL_AREA_STYLE('',(#5711));
#5713=SURFACE_STYLE_FILL_AREA(#5712);
#5714=SURFACE_SIDE_STYLE('',(#5713));
#5715=SURFACE_STYLE_USAGE(.BOTH.,#5714);
#5716=PRESENTATION_STYLE_ASSIGNMENT((#5715));
#5717=OVER_RIDING_STYLED_ITEM('',(#5716),#5710,#119);
#5718=CARTESIAN_POINT('',(-6.496062992126E-2,0.E0,0.E0));
#5719=DIRECTION('',(1.E0,0.E0,0.E0));
#5720=DIRECTION('',(0.E0,-1.E0,0.E0));
#5721=AXIS2_PLACEMENT_3D('',#5718,#5719,#5720);
#5722=CYLINDRICAL_SURFACE('',#5721,1.968503937008E-2);
#5724=ORIENTED_EDGE('',*,*,#5723,.T.);
#5726=ORIENTED_EDGE('',*,*,#5725,.F.);
#5727=ORIENTED_EDGE('',*,*,#5702,.T.);
#5728=ORIENTED_EDGE('',*,*,#5570,.F.);
#5729=EDGE_LOOP('',(#5724,#5726,#5727,#5728));
#5730=FACE_OUTER_BOUND('',#5729,.F.);
#5732=FILL_AREA_STYLE_COLOUR('',#50);
#5733=FILL_AREA_STYLE('',(#5732));
#5734=SURFACE_STYLE_FILL_AREA(#5733);
#5735=SURFACE_SIDE_STYLE('',(#5734));
#5736=SURFACE_STYLE_USAGE(.BOTH.,#5735);
#5737=PRESENTATION_STYLE_ASSIGNMENT((#5736));
#5738=OVER_RIDING_STYLED_ITEM('',(#5737),#5731,#119);
#5739=CARTESIAN_POINT('',(-6.496062992126E-2,0.E0,0.E0));
#5740=DIRECTION('',(1.E0,0.E0,0.E0));
#5741=DIRECTION('',(0.E0,-1.E0,0.E0));
#5742=AXIS2_PLACEMENT_3D('',#5739,#5740,#5741);
#5743=CYLINDRICAL_SURFACE('',#5742,1.968503937008E-2);
#5745=ORIENTED_EDGE('',*,*,#5744,.F.);
#5747=ORIENTED_EDGE('',*,*,#5746,.F.);
#5748=ORIENTED_EDGE('',*,*,#5723,.F.);
#5749=ORIENTED_EDGE('',*,*,#5568,.F.);
#5751=ORIENTED_EDGE('',*,*,#5750,.F.);
#5752=EDGE_LOOP('',(#5745,#5747,#5748,#5749,#5751));
#5753=FACE_OUTER_BOUND('',#5752,.F.);
#5755=FILL_AREA_STYLE_COLOUR('',#50);
#5756=FILL_AREA_STYLE('',(#5755));
#5757=SURFACE_STYLE_FILL_AREA(#5756);
#5758=SURFACE_SIDE_STYLE('',(#5757));
#5759=SURFACE_STYLE_USAGE(.BOTH.,#5758);
#5760=PRESENTATION_STYLE_ASSIGNMENT((#5759));
#5761=OVER_RIDING_STYLED_ITEM('',(#5760),#5754,#119);
#5762=CARTESIAN_POINT('',(-6.496062992126E-2,0.E0,0.E0));
#5763=DIRECTION('',(1.E0,0.E0,0.E0));
#5764=DIRECTION('',(0.E0,-1.E0,0.E0));
#5765=AXIS2_PLACEMENT_3D('',#5762,#5763,#5764);
#5766=CYLINDRICAL_SURFACE('',#5765,1.968503937008E-2);
#5768=ORIENTED_EDGE('',*,*,#5767,.T.);
#5770=ORIENTED_EDGE('',*,*,#5769,.F.);
#5771=ORIENTED_EDGE('',*,*,#5744,.T.);
#5773=ORIENTED_EDGE('',*,*,#5772,.F.);
#5774=EDGE_LOOP('',(#5768,#5770,#5771,#5773));
#5775=FACE_OUTER_BOUND('',#5774,.F.);
#5777=FILL_AREA_STYLE_COLOUR('',#50);
#5778=FILL_AREA_STYLE('',(#5777));
#5779=SURFACE_STYLE_FILL_AREA(#5778);
#5780=SURFACE_SIDE_STYLE('',(#5779));
#5781=SURFACE_STYLE_USAGE(.BOTH.,#5780);
#5782=PRESENTATION_STYLE_ASSIGNMENT((#5781));
#5783=OVER_RIDING_STYLED_ITEM('',(#5782),#5776,#119);
#5784=CARTESIAN_POINT('',(-6.496062992126E-2,0.E0,0.E0));
#5785=DIRECTION('',(1.E0,0.E0,0.E0));
#5786=DIRECTION('',(0.E0,-1.E0,0.E0));
#5787=AXIS2_PLACEMENT_3D('',#5784,#5785,#5786);
#5788=CYLINDRICAL_SURFACE('',#5787,1.968503937008E-2);
#5790=ORIENTED_EDGE('',*,*,#5789,.F.);
#5792=ORIENTED_EDGE('',*,*,#5791,.F.);
#5794=ORIENTED_EDGE('',*,*,#5793,.F.);
#5796=ORIENTED_EDGE('',*,*,#5795,.F.);
#5797=ORIENTED_EDGE('',*,*,#5767,.F.);
#5798=EDGE_LOOP('',(#5790,#5792,#5794,#5796,#5797));
#5799=FACE_OUTER_BOUND('',#5798,.F.);
#5801=FILL_AREA_STYLE_COLOUR('',#50);
#5802=FILL_AREA_STYLE('',(#5801));
#5803=SURFACE_STYLE_FILL_AREA(#5802);
#5804=SURFACE_SIDE_STYLE('',(#5803));
#5805=SURFACE_STYLE_USAGE(.BOTH.,#5804);
#5806=PRESENTATION_STYLE_ASSIGNMENT((#5805));
#5807=OVER_RIDING_STYLED_ITEM('',(#5806),#5800,#119);
#5808=CARTESIAN_POINT('',(-1.105521212981E-2,3.229993247268E-3,
-1.964799785053E-2));
#5809=CARTESIAN_POINT('',(-1.216801386318E-2,2.917350361013E-3,
-1.774619611695E-2));
#5810=CARTESIAN_POINT('',(-1.328081559655E-2,2.604707474758E-3,
-1.584439438336E-2));
#5811=CARTESIAN_POINT('',(-1.439361732991E-2,2.292064588503E-3,
-1.394259264978E-2));
#5812=CARTESIAN_POINT('',(-1.114029642750E-2,2.162983277845E-3,
-1.982506993927E-2));
#5813=CARTESIAN_POINT('',(-1.225309816087E-2,1.953620197759E-3,
-1.790612874914E-2));
#5814=CARTESIAN_POINT('',(-1.336589989424E-2,1.744257117672E-3,
-1.598718755901E-2));
#5815=CARTESIAN_POINT('',(-1.447870162761E-2,1.534894037585E-3,
-1.406824636888E-2));
#5816=CARTESIAN_POINT('',(-1.136635108563E-2,-7.102788565982E-4,
-2.005797546208E-2));
#5817=CARTESIAN_POINT('',(-1.247915281900E-2,-6.415283624724E-4,
-1.811649049266E-2));
#5818=CARTESIAN_POINT('',(-1.359195455236E-2,-5.727778683465E-4,
-1.617500552324E-2));
#5819=CARTESIAN_POINT('',(-1.470475628573E-2,-5.040273742206E-4,
-1.423352055382E-2));
#5820=CARTESIAN_POINT('',(-1.177567140200E-2,-5.913871954490E-3,
-1.935426913991E-2));
#5821=CARTESIAN_POINT('',(-1.288847313536E-2,-5.341446610147E-3,
-1.748089848492E-2));
#5822=CARTESIAN_POINT('',(-1.400127486873E-2,-4.769021265803E-3,
-1.560752782992E-2));
#5823=CARTESIAN_POINT('',(-1.511407660210E-2,-4.196595921459E-3,
-1.373415717493E-2));
#5824=CARTESIAN_POINT('',(-1.228317307892E-2,-1.182579484491E-2,
-1.653143288E-2));
#5825=CARTESIAN_POINT('',(-1.339597481228E-2,-1.068113281328E-2,
-1.493129489398E-2));
#5826=CARTESIAN_POINT('',(-1.450877654565E-2,-9.536470781651E-3,
-1.333115690796E-2));
#5827=CARTESIAN_POINT('',(-1.562157827902E-2,-8.391808750019E-3,
-1.173101892195E-2));
#5828=CARTESIAN_POINT('',(-1.283297005364E-2,-1.678860620334E-2,
-1.145777920923E-2));
#5829=CARTESIAN_POINT('',(-1.394577178701E-2,-1.516357546866E-2,
-1.034873875998E-2));
#5830=CARTESIAN_POINT('',(-1.505857352038E-2,-1.353854473399E-2,
-9.239698310718E-3));
#5831=CARTESIAN_POINT('',(-1.617137525375E-2,-1.191351399931E-2,
-8.130657861460E-3));
#5832=CARTESIAN_POINT('',(-1.338276702837E-2,-1.970447449244E-2,
-4.987143195656E-3));
#5833=CARTESIAN_POINT('',(-1.449556876174E-2,-1.779720617766E-2,
-4.504419324894E-3));
#5834=CARTESIAN_POINT('',(-1.560837049511E-2,-1.588993786288E-2,
-4.021695454131E-3));
#5835=CARTESIAN_POINT('',(-1.672117222848E-2,-1.398266954811E-2,
-3.538971583369E-3));
#5836=CARTESIAN_POINT('',(-1.393256400310E-2,-2.021789750871E-2,
2.091543957443E-3));
#5837=CARTESIAN_POINT('',(-1.504536573647E-2,-1.826093309818E-2,
1.889095751046E-3));
#5838=CARTESIAN_POINT('',(-1.615816746984E-2,-1.630396868766E-2,
1.686647544648E-3));
#5839=CARTESIAN_POINT('',(-1.727096920321E-2,-1.434700427714E-2,
1.484199338251E-3));
#5840=CARTESIAN_POINT('',(-1.448236097783E-2,-1.826627345113E-2,
8.915222075726E-3));
#5841=CARTESIAN_POINT('',(-1.559516271120E-2,-1.649821388700E-2,
8.052285051409E-3));
#5842=CARTESIAN_POINT('',(-1.670796444457E-2,-1.473015432288E-2,
7.189348027092E-3));
#5843=CARTESIAN_POINT('',(-1.782076617793E-2,-1.296209475876E-2,
6.326411002776E-3));
#5844=CARTESIAN_POINT('',(-1.503215795256E-2,-1.408755294347E-2,
1.465192081327E-2));
#5845=CARTESIAN_POINT('',(-1.614495968593E-2,-1.272396705478E-2,
1.323370768972E-2));
#5846=CARTESIAN_POINT('',(-1.725776141930E-2,-1.136038116610E-2,
1.181549456617E-2));
#5847=CARTESIAN_POINT('',(-1.837056315266E-2,-9.996795277415E-3,
1.039728144263E-2));
#5848=CARTESIAN_POINT('',(-1.558195492729E-2,-8.191221960781E-3,
1.860219917434E-2));
#5849=CARTESIAN_POINT('',(-1.669475666066E-2,-7.398363561483E-3,
1.680162412810E-2));
#5850=CARTESIAN_POINT('',(-1.780755839403E-2,-6.605505162184E-3,
1.500104908186E-2));
#5851=CARTESIAN_POINT('',(-1.892036012739E-2,-5.812646762885E-3,
1.320047403562E-2));
#5852=CARTESIAN_POINT('',(-1.613175190202E-2,-1.296184665253E-3,
2.028442349772E-2));
#5853=CARTESIAN_POINT('',(-1.724455363539E-2,-1.170722200213E-3,
1.832101979286E-2));
#5854=CARTESIAN_POINT('',(-1.835735536875E-2,-1.045259735173E-3,
1.635761608801E-2));
#5855=CARTESIAN_POINT('',(-1.947015710212E-2,-9.197972701332E-4,
1.439421238315E-2));
#5856=CARTESIAN_POINT('',(-1.668154887675E-2,5.756888618043E-3,
1.949349031793E-2));
#5857=CARTESIAN_POINT('',(-1.779435061012E-2,5.199658266271E-3,
1.760664393479E-2));
#5858=CARTESIAN_POINT('',(-1.890715234348E-2,4.642427914500E-3,
1.571979755164E-2));
#5859=CARTESIAN_POINT('',(-2.001995407685E-2,4.085197562728E-3,
1.383295116850E-2));
#5860=CARTESIAN_POINT('',(-1.723134585148E-2,1.210805916742E-2,
1.632583334864E-2));
#5861=CARTESIAN_POINT('',(-1.834414758485E-2,1.093607573734E-2,
1.474559609491E-2));
#5862=CARTESIAN_POINT('',(-1.945694931821E-2,9.764092307267E-3,
1.316535884118E-2));
#5863=CARTESIAN_POINT('',(-2.056975105158E-2,8.592108877193E-3,
1.158512158744E-2));
#5864=CARTESIAN_POINT('',(-1.778114282621E-2,1.698296703687E-2,
1.116766591352E-2));
#5865=CARTESIAN_POINT('',(-1.889394455957E-2,1.533912340467E-2,
1.008670659359E-2));
#5866=CARTESIAN_POINT('',(-2.000674629294E-2,1.369527977247E-2,
9.005747273663E-3));
#5867=CARTESIAN_POINT('',(-2.111954802631E-2,1.205143614026E-2,
7.924787953736E-3));
#5868=CARTESIAN_POINT('',(-1.833093980093E-2,1.978724409018E-2,
4.647892279984E-3));
#5869=CARTESIAN_POINT('',(-1.944374153430E-2,1.787196420264E-2,
4.198005748907E-3));
#5870=CARTESIAN_POINT('',(-2.055654326767E-2,1.595668431510E-2,
3.748119217829E-3));
#5871=CARTESIAN_POINT('',(-2.166934500104E-2,1.404140442756E-2,
3.298232686752E-3));
#5872=CARTESIAN_POINT('',(-1.888073677566E-2,2.017898172743E-2,
-2.438570846833E-3));
#5873=CARTESIAN_POINT('',(-1.999353850903E-2,1.822578411803E-2,
-2.202532635751E-3));
#5874=CARTESIAN_POINT('',(-2.110634024240E-2,1.627258650862E-2,
-1.966494424669E-3));
#5875=CARTESIAN_POINT('',(-2.221914197577E-2,1.431938889922E-2,
-1.730456213587E-3));
#5876=CARTESIAN_POINT('',(-1.943053375039E-2,1.811041773945E-2,
-9.227713727331E-3));
#5877=CARTESIAN_POINT('',(-2.054333548376E-2,1.635744402096E-2,
-8.334529490587E-3));
#5878=CARTESIAN_POINT('',(-2.165613721713E-2,1.460447030248E-2,
-7.441345253843E-3));
#5879=CARTESIAN_POINT('',(-2.276893895050E-2,1.285149658399E-2,
-6.548161017099E-3));
#5880=CARTESIAN_POINT('',(-1.998033072512E-2,1.383375966627E-2,
-1.489177708761E-2));
#5881=CARTESIAN_POINT('',(-2.109313245849E-2,1.249473935919E-2,
-1.345034739605E-2));
#5882=CARTESIAN_POINT('',(-2.220593419186E-2,1.115571905211E-2,
-1.200891770449E-2));
#5883=CARTESIAN_POINT('',(-2.331873592522E-2,9.816698745027E-3,
-1.056748801294E-2));
#5884=CARTESIAN_POINT('',(-2.053012769985E-2,7.870434651728E-3,
-1.874017581891E-2));
#5885=CARTESIAN_POINT('',(-2.164292943322E-2,7.108626431949E-3,
-1.692624550748E-2));
#5886=CARTESIAN_POINT('',(-2.275573116659E-2,6.346818212170E-3,
-1.511231519604E-2));
#5887=CARTESIAN_POINT('',(-2.386853289995E-2,5.585009992391E-3,
-1.329838488461E-2));
#5888=CARTESIAN_POINT('',(-2.107992467458E-2,9.475149744682E-4,
-2.030369785788E-2));
#5889=CARTESIAN_POINT('',(-2.219272640794E-2,8.558015268818E-4,
-1.833842851705E-2));
#5890=CARTESIAN_POINT('',(-2.330552814131E-2,7.640880792954E-4,
-1.637315917622E-2));
#5891=CARTESIAN_POINT('',(-2.441832987468E-2,6.723746317090E-4,
-1.440788983539E-2));
#5892=CARTESIAN_POINT('',(-2.162972164930E-2,-6.090929493044E-3,
-1.939171238549E-2));
#5893=CARTESIAN_POINT('',(-2.274252338267E-2,-5.501366100523E-3,
-1.751471746151E-2));
#5894=CARTESIAN_POINT('',(-2.385532511604E-2,-4.911802708001E-3,
-1.563772253752E-2));
#5895=CARTESIAN_POINT('',(-2.496812684941E-2,-4.322239315479E-3,
-1.376072761354E-2));
#5896=CARTESIAN_POINT('',(-2.217951862403E-2,-1.238674363692E-2,
-1.611541229395E-2));
#5897=CARTESIAN_POINT('',(-2.329232035740E-2,-1.118778531550E-2,
-1.455554246542E-2));
#5898=CARTESIAN_POINT('',(-2.440512209077E-2,-9.988826994078E-3,
-1.299567263689E-2));
#5899=CARTESIAN_POINT('',(-2.551792382414E-2,-8.789868672655E-3,
-1.143580280836E-2));
#5900=CARTESIAN_POINT('',(-2.272931559876E-2,-1.717231678288E-2,
-1.087425710747E-2));
#5901=CARTESIAN_POINT('',(-2.384211733213E-2,-1.551014529468E-2,
-9.821697901400E-3));
#5902=CARTESIAN_POINT('',(-2.495491906550E-2,-1.384797380648E-2,
-8.769138695329E-3));
#5903=CARTESIAN_POINT('',(-2.606772079887E-2,-1.218580231828E-2,
-7.716579489257E-3));
#5904=CARTESIAN_POINT('',(-2.327911257349E-2,-1.986417283942E-2,
-4.307269289993E-3));
#5905=CARTESIAN_POINT('',(-2.439191430686E-2,-1.794144673625E-2,
-3.890352906704E-3));
#5906=CARTESIAN_POINT('',(-2.550471604023E-2,-1.601872063308E-2,
-3.473436523414E-3));
#5907=CARTESIAN_POINT('',(-2.661751777360E-2,-1.409599452991E-2,
-3.056520140124E-3));
#5908=CARTESIAN_POINT('',(-2.382890954822E-2,-2.013411002114E-2,
2.784877912509E-3));
#5909=CARTESIAN_POINT('',(-2.494171128159E-2,-1.818525570867E-2,
2.515319371119E-3));
#5910=CARTESIAN_POINT('',(-2.605451301495E-2,-1.623640139620E-2,
2.245760829728E-3));
#5911=CARTESIAN_POINT('',(-2.716731474832E-2,-1.428754708373E-2,
1.976202288337E-3));
#5912=CARTESIAN_POINT('',(-2.437870652294E-2,-1.794921651435E-2,
9.537481735334E-3));
#5913=CARTESIAN_POINT('',(-2.549150825631E-2,-1.621184605334E-2,
8.614313917611E-3));
#5914=CARTESIAN_POINT('',(-2.660430998968E-2,-1.447447559233E-2,
7.691146099888E-3));
#5915=CARTESIAN_POINT('',(-2.771711172305E-2,-1.273710513132E-2,
6.767978282165E-3));
#5916=CARTESIAN_POINT('',(-2.492850349767E-2,-1.357588321620E-2,
1.512723789167E-2));
#5917=CARTESIAN_POINT('',(-2.604130523104E-2,-1.226182371599E-2,
1.366301708578E-2));
#5918=CARTESIAN_POINT('',(-2.715410696441E-2,-1.094776421578E-2,
1.219879627990E-2));
#5919=CARTESIAN_POINT('',(-2.826690869778E-2,-9.633704715578E-3,
1.073457547401E-2));
#5920=CARTESIAN_POINT('',(-2.547830047240E-2,-7.547324298054E-3,
1.887262110230E-2));
#5921=CARTESIAN_POINT('',(-2.659110220577E-2,-6.816791113799E-3,
1.704587092639E-2));
#5922=CARTESIAN_POINT('',(-2.770390393914E-2,-6.086257929545E-3,
1.521912075049E-2));
#5923=CARTESIAN_POINT('',(-2.881670567251E-2,-5.355724745290E-3,
1.339237057458E-2));
#5924=CARTESIAN_POINT('',(-2.602809744713E-2,-5.985656152582E-4,
2.031697936543E-2));
#5925=CARTESIAN_POINT('',(-2.714089918050E-2,-5.406282552573E-4,
1.835042445880E-2));
#5926=CARTESIAN_POINT('',(-2.825370091387E-2,-4.826908952564E-4,
1.638386955217E-2));
#5927=CARTESIAN_POINT('',(-2.936650264724E-2,-4.247535352555E-4,
1.441731464554E-2));
#5928=CARTESIAN_POINT('',(-2.657789442185E-2,6.423172565507E-3,
1.928421078304E-2));
#5929=CARTESIAN_POINT('',(-2.769069615522E-2,5.801450148132E-3,
1.741762133321E-2));
#5930=CARTESIAN_POINT('',(-2.880349788859E-2,5.179727730758E-3,
1.555103188338E-2));
#5931=CARTESIAN_POINT('',(-2.991629962196E-2,4.558005313383E-3,
1.368444243356E-2));
#5932=CARTESIAN_POINT('',(-2.712769139658E-2,1.266177202721E-2,
1.590023460399E-2));
#5933=CARTESIAN_POINT('',(-2.824049312995E-2,1.143619269975E-2,
1.436119261282E-2));
#5934=CARTESIAN_POINT('',(-2.935329486332E-2,1.021061337229E-2,
1.282215062166E-2));
#5935=CARTESIAN_POINT('',(-3.046609659669E-2,8.985034044827E-3,
1.128310863049E-2));
#5936=CARTESIAN_POINT('',(-2.767748837131E-2,1.735659793694E-2,
1.057763864888E-2));
#5937=CARTESIAN_POINT('',(-2.879029010468E-2,1.567658920034E-2,
9.553790230700E-3));
#5938=CARTESIAN_POINT('',(-2.990309183805E-2,1.399658046374E-2,
8.529941812519E-3));
#5939=CARTESIAN_POINT('',(-3.101589357142E-2,1.231657172713E-2,
7.506093394338E-3));
#5940=CARTESIAN_POINT('',(-2.822728534604E-2,1.993523846679E-2,
3.965374963745E-3));
#5941=CARTESIAN_POINT('',(-2.934008707941E-2,1.800563366105E-2,
3.581551785540E-3));
#5942=CARTESIAN_POINT('',(-3.045288881278E-2,1.607602885531E-2,
3.197728607334E-3));
#5943=CARTESIAN_POINT('',(-3.156569054615E-2,1.414642404956E-2,
2.813905429128E-3));
#5944=CARTESIAN_POINT('',(-2.877708232076E-2,2.008329551818E-2,
-3.130362991780E-3));
#5945=CARTESIAN_POINT('',(-2.988988405413E-2,1.813935972772E-2,
-2.827363683157E-3));
#5946=CARTESIAN_POINT('',(-3.100268578751E-2,1.619542393725E-2,
-2.524364374535E-3));
#5947=CARTESIAN_POINT('',(-3.211548752088E-2,1.425148814679E-2,
-2.221365065913E-3));
#5948=CARTESIAN_POINT('',(-2.932687929549E-2,1.778271738716E-2,
-9.844434654118E-3));
#5949=CARTESIAN_POINT('',(-3.043968102886E-2,1.606146298699E-2,
-8.891555738220E-3));
#5950=CARTESIAN_POINT('',(-3.155248276223E-2,1.434020858682E-2,
-7.938676822323E-3));
#5951=CARTESIAN_POINT('',(-3.266528449560E-2,1.261895418665E-2,
-6.985797906425E-3));
#5952=CARTESIAN_POINT('',(-2.987667627022E-2,1.331399969988E-2,
-1.535823373056E-2));
#5953=CARTESIAN_POINT('',(-3.098947800359E-2,1.202528886518E-2,
-1.387165399069E-2));
#5954=CARTESIAN_POINT('',(-3.210227973696E-2,1.073657803048E-2,
-1.238507425082E-2));
#5955=CARTESIAN_POINT('',(-3.321508147033E-2,9.447867195774E-3,
-1.089849451095E-2));
#5956=CARTESIAN_POINT('',(-3.042647324495E-2,7.221986271415E-3,
-1.899949593085E-2));
#5957=CARTESIAN_POINT('',(-3.153927497832E-2,6.522943747317E-3,
-1.716046507522E-2));
#5958=CARTESIAN_POINT('',(-3.265207671169E-2,5.823901223219E-3,
-1.532143421958E-2));
#5959=CARTESIAN_POINT('',(-3.376487844506E-2,5.124858699120E-3,
-1.348240336395E-2));
#5960=CARTESIAN_POINT('',(-3.097627021967E-2,2.494395831018E-4,
-2.032426410046E-2));
#5961=CARTESIAN_POINT('',(-3.208907195304E-2,2.252954115085E-4,
-1.835700407762E-2));
#5962=CARTESIAN_POINT('',(-3.320187368641E-2,2.011512399152E-4,
-1.638974405479E-2));
#5963=CARTESIAN_POINT('',(-3.431467541979E-2,1.770070683219E-4,
-1.442248403195E-2));
#5964=CARTESIAN_POINT('',(-3.152606719440E-2,-6.753519770230E-3,
-1.917101724072E-2));
#5965=CARTESIAN_POINT('',(-3.263886892777E-2,-6.099821835991E-3,
-1.731538420878E-2));
#5966=CARTESIAN_POINT('',(-3.375167066114E-2,-5.446123901751E-3,
-1.545975117683E-2));
#5967=CARTESIAN_POINT('',(-3.486447239451E-2,-4.792425967512E-3,
-1.360411814489E-2));
#5968=CARTESIAN_POINT('',(-3.207586416913E-2,-1.293306316080E-2,
-1.568036379073E-2));
#5969=CARTESIAN_POINT('',(-3.318866590250E-2,-1.168122457008E-2,
-1.416260390154E-2));
#5970=CARTESIAN_POINT('',(-3.430146763587E-2,-1.042938597935E-2,
-1.264484401234E-2));
#5971=CARTESIAN_POINT('',(-3.541426936924E-2,-9.177547388625E-3,
-1.112708412315E-2));
#5972=CARTESIAN_POINT('',(-3.262566114385E-2,-1.753575610653E-2,
-1.027789808780E-2));
#5973=CARTESIAN_POINT('',(-3.373846287722E-2,-1.583840599397E-2,
-9.283062657257E-3));
#5974=CARTESIAN_POINT('',(-3.485126461060E-2,-1.414105588141E-2,
-8.288227226710E-3));
#5975=CARTESIAN_POINT('',(-3.596406634397E-2,-1.244370576885E-2,
-7.293391796164E-3));
#5976=CARTESIAN_POINT('',(-3.317545811858E-2,-2.000041999653E-2,
-3.622310214952E-3));
#5977=CARTESIAN_POINT('',(-3.428825985195E-2,-1.806450603159E-2,
-3.271693531319E-3));
#5978=CARTESIAN_POINT('',(-3.540106158532E-2,-1.612859206666E-2,
-2.921076847686E-3));
#5979=CARTESIAN_POINT('',(-3.651386331869E-2,-1.419267810173E-2,
-2.570460164053E-3));
#5980=CARTESIAN_POINT('',(-3.372525509331E-2,-2.002655321699E-2,
3.474924111086E-3));
#5981=CARTESIAN_POINT('',(-3.483805682668E-2,-1.808810972186E-2,
3.138573468704E-3));
#5982=CARTESIAN_POINT('',(-3.595085856005E-2,-1.614966622672E-2,
2.802222826322E-3));
#5983=CARTESIAN_POINT('',(-3.706366029342E-2,-1.421122273158E-2,
2.465872183940E-3));
#5984=CARTESIAN_POINT('',(-3.427505206803E-2,-1.761096950185E-2,
1.014848188330E-2));
#5985=CARTESIAN_POINT('',(-3.538785380141E-2,-1.590633920906E-2,
9.166173121574E-3));
#5986=CARTESIAN_POINT('',(-3.650065553478E-2,-1.420170891627E-2,
8.183864359850E-3));
#5987=CARTESIAN_POINT('',(-3.761345726815E-2,-1.249707862347E-2,
7.201555598125E-3));
#5988=CARTESIAN_POINT('',(-3.482484904276E-2,-1.304818641500E-2,
1.558469642342E-2));
#5989=CARTESIAN_POINT('',(-3.593765077613E-2,-1.178520462251E-2,
1.407619652939E-2));
#5990=CARTESIAN_POINT('',(-3.705045250950E-2,-1.052222283001E-2,
1.256769663536E-2));
#5991=CARTESIAN_POINT('',(-3.816325424288E-2,-9.259241037517E-3,
1.105919674132E-2));
#5992=CARTESIAN_POINT('',(-3.537464601749E-2,-6.894516598756E-3,
1.912076285613E-2));
#5993=CARTESIAN_POINT('',(-3.648744775086E-2,-6.227171064646E-3,
1.726999413028E-2));
#5994=CARTESIAN_POINT('',(-3.760024948423E-2,-5.559825530536E-3,
1.541922540444E-2));
#5995=CARTESIAN_POINT('',(-3.871305121760E-2,-4.892479996427E-3,
1.356845667859E-2));
#5996=CARTESIAN_POINT('',(-3.592444299221E-2,9.976007377723E-5,
2.032554991282E-2));
#5997=CARTESIAN_POINT('',(-3.703724472559E-2,9.010393055614E-5,
1.835816543149E-2));
#5998=CARTESIAN_POINT('',(-3.815004645896E-2,8.044778733506E-5,
1.639078095017E-2));
#5999=CARTESIAN_POINT('',(-3.926284819233E-2,7.079164411398E-5,
1.442339646884E-2));
#6000=CARTESIAN_POINT('',(-3.647423996694E-2,7.081873601760E-3,
1.905216516881E-2));
#6001=CARTESIAN_POINT('',(-3.758704170031E-2,6.396393096554E-3,
1.720803626457E-2));
#6002=CARTESIAN_POINT('',(-3.869984343368E-2,5.710912591348E-3,
1.536390736033E-2));
#6003=CARTESIAN_POINT('',(-3.981264516706E-2,5.025432086142E-3,
1.351977845609E-2));
#6004=CARTESIAN_POINT('',(-3.702403694167E-2,1.320053696326E-2,
1.545586475136E-2));
#6005=CARTESIAN_POINT('',(-3.813683867504E-2,1.192280860275E-2,
1.395983494711E-2));
#6006=CARTESIAN_POINT('',(-3.924964040841E-2,1.064508024223E-2,
1.246380514287E-2));
#6007=CARTESIAN_POINT('',(-4.036244214178E-2,9.367351881711E-3,
1.096777533862E-2));
#6008=CARTESIAN_POINT('',(-3.757383391639E-2,1.770973841122E-2,
9.975123895819E-3));
#6009=CARTESIAN_POINT('',(-3.868663564977E-2,1.599554791365E-2,
9.009595089163E-3));
#6010=CARTESIAN_POINT('',(-3.979943738314E-2,1.428135741607E-2,
8.044066282507E-3));
#6011=CARTESIAN_POINT('',(-4.091223911651E-2,1.256716691849E-2,
7.078537475851E-3));
#6012=CARTESIAN_POINT('',(-3.812363089112E-2,2.005969818962E-2,
3.278176302787E-3));
#6013=CARTESIAN_POINT('',(-3.923643262449E-2,1.811804647109E-2,
2.960869601968E-3));
#6014=CARTESIAN_POINT('',(-4.034923435786E-2,1.617639475255E-2,
2.643562901150E-3));
#6015=CARTESIAN_POINT('',(-4.146203609124E-2,1.423474303402E-2,
2.326256200331E-3));
#6016=CARTESIAN_POINT('',(-3.867342786585E-2,1.996389986568E-2,
-3.818459569587E-3));
#6017=CARTESIAN_POINT('',(-3.978622959922E-2,1.803152081808E-2,
-3.448856870915E-3));
#6018=CARTESIAN_POINT('',(-4.089903133259E-2,1.609914177048E-2,
-3.079254172242E-3));
#6019=CARTESIAN_POINT('',(-4.201183306596E-2,1.416676272287E-2,
-2.709651473570E-3));
#6020=CARTESIAN_POINT('',(-3.922322484057E-2,1.743402355158E-2,
-1.044953368013E-2));
#6021=CARTESIAN_POINT('',(-4.033602657395E-2,1.574652050592E-2,
-9.438085011459E-3));
#6022=CARTESIAN_POINT('',(-4.144882830732E-2,1.405901746027E-2,
-8.426636342785E-3));
#6023=CARTESIAN_POINT('',(-4.256163004069E-2,1.237151441462E-2,
-7.415187674110E-3));
#6024=CARTESIAN_POINT('',(-3.977302181530E-2,1.277852181932E-2,
-1.580655912742E-2));
#6025=CARTESIAN_POINT('',(-4.088582354867E-2,1.154164185152E-2,
-1.427658432901E-2));
#6026=CARTESIAN_POINT('',(-4.199862528204E-2,1.030476188373E-2,
-1.274660953060E-2));
#6027=CARTESIAN_POINT('',(-4.311142701541E-2,9.067881915929E-3,
-1.121663473219E-2));
#6028=CARTESIAN_POINT('',(-4.032281879003E-2,6.565011935540E-3,
-1.923638608490E-2));
#6029=CARTESIAN_POINT('',(-4.143562052340E-2,5.929560365614E-3,
-1.737442576292E-2));
#6030=CARTESIAN_POINT('',(-4.254842225677E-2,5.294108795688E-3,
-1.551246544093E-2));
#6031=CARTESIAN_POINT('',(-4.366122399014E-2,4.658657225762E-3,
-1.365050511894E-2));
#6032=CARTESIAN_POINT('',(-4.087261576475E-2,-4.489302829679E-4,
-2.032083642308E-2));
#6033=CARTESIAN_POINT('',(-4.198541749812E-2,-4.054766752821E-4,
-1.835390817770E-2));
#6034=CARTESIAN_POINT('',(-4.309821923150E-2,-3.620230675963E-4,
-1.638697993233E-2));
#6035=CARTESIAN_POINT('',(-4.421102096487E-2,-3.185694599106E-4,
-1.442005168695E-2));
#6036=CARTESIAN_POINT('',(-4.142241273948E-2,-7.408137152170E-3,
-1.892768964738E-2));
#6037=CARTESIAN_POINT('',(-4.253521447285E-2,-6.691076401969E-3,
-1.709560918514E-2));
#6038=CARTESIAN_POINT('',(-4.364801620622E-2,-5.974015651769E-3,
-1.526352872290E-2));
#6039=CARTESIAN_POINT('',(-4.476081793959E-2,-5.256954901568E-3,
-1.343144826065E-2));
#6040=CARTESIAN_POINT('',(-4.197220971421E-2,-1.346411445268E-2,
-1.522680375049E-2));
#6041=CARTESIAN_POINT('',(-4.308501144758E-2,-1.216087346079E-2,
-1.375294560016E-2));
#6042=CARTESIAN_POINT('',(-4.419781318095E-2,-1.085763246891E-2,
-1.227908744983E-2));
#6043=CARTESIAN_POINT('',(-4.531061491432E-2,-9.554391477019E-3,
-1.080522929950E-2));
#6044=CARTESIAN_POINT('',(-4.252200668893E-2,-1.787849362597E-2,
-9.669405434906E-3));
#6045=CARTESIAN_POINT('',(-4.363480842230E-2,-1.614796869257E-2,
-8.733468238722E-3));
#6046=CARTESIAN_POINT('',(-4.474761015567E-2,-1.441744375916E-2,
-7.797531042539E-3));
#6047=CARTESIAN_POINT('',(-4.586041188904E-2,-1.268691882576E-2,
-6.861593846355E-3));
#6048=CARTESIAN_POINT('',(-4.307180366366E-2,-2.011305507309E-2,
-2.933074820713E-3));
#6049=CARTESIAN_POINT('',(-4.418460539703E-2,-1.816623874622E-2,
-2.649171757347E-3));
#6050=CARTESIAN_POINT('',(-4.529740713040E-2,-1.621942241935E-2,
-2.365268693981E-3));
#6051=CARTESIAN_POINT('',(-4.641020886377E-2,-1.427260609248E-2,
-2.081365630615E-3));
#6052=CARTESIAN_POINT('',(-4.362160063838E-2,-1.989535573495E-2,
4.160868039030E-3));
#6053=CARTESIAN_POINT('',(-4.473440237175E-2,-1.796961132501E-2,
3.758122369468E-3));
#6054=CARTESIAN_POINT('',(-4.584720410513E-2,-1.604386691508E-2,
3.355376699907E-3));
#6055=CARTESIAN_POINT('',(-4.696000583850E-2,-1.411812250515E-2,
2.952631030346E-3));
#6056=CARTESIAN_POINT('',(-4.417139761311E-2,-1.725192512852E-2,
1.074750092532E-2));
#6057=CARTESIAN_POINT('',(-4.528419934648E-2,-1.558204805673E-2,
9.707210914758E-3));
#6058=CARTESIAN_POINT('',(-4.639700107985E-2,-1.391217098495E-2,
8.666920904193E-3));
#6059=CARTESIAN_POINT('',(-4.750980281322E-2,-1.224229391316E-2,
7.626630893629E-3));
#6060=CARTESIAN_POINT('',(-4.467890019068E-2,-1.287026992398E-2,
1.561786916770E-2));
#6061=CARTESIAN_POINT('',(-4.579170192405E-2,-1.162450932082E-2,
1.410615836215E-2));
#6062=CARTESIAN_POINT('',(-4.690450365742E-2,-1.037874871766E-2,
1.259444755660E-2));
#6063=CARTESIAN_POINT('',(-4.801730539079E-2,-9.132988114505E-3,
1.108273675105E-2));
#6064=CARTESIAN_POINT('',(-4.508822140069E-2,-8.332063236789E-3,
1.825934425058E-2));
#6065=CARTESIAN_POINT('',(-4.620102313406E-2,-7.525572294118E-3,
1.649195538918E-2));
#6066=CARTESIAN_POINT('',(-4.731382486743E-2,-6.719081351447E-3,
1.472456652778E-2));
#6067=CARTESIAN_POINT('',(-4.842662660080E-2,-5.912590408776E-3,
1.295717766637E-2));
#6068=CARTESIAN_POINT('',(-4.531427695247E-2,-5.588374512388E-3,
1.914371867920E-2));
#6069=CARTESIAN_POINT('',(-4.642707868584E-2,-5.047455258607E-3,
1.729072797509E-2));
#6070=CARTESIAN_POINT('',(-4.753988041921E-2,-4.506536004827E-3,
1.543773727098E-2));
#6071=CARTESIAN_POINT('',(-4.865268215258E-2,-3.965616751047E-3,
1.358474656687E-2));
#6072=CARTESIAN_POINT('',(-4.539936124316E-2,-4.534823158425E-3,
1.938845153112E-2));
#6073=CARTESIAN_POINT('',(-4.651216297653E-2,-4.095881002089E-3,
1.751177223718E-2));
#6074=CARTESIAN_POINT('',(-4.762496470990E-2,-3.656938845753E-3,
1.563509294324E-2));
#6075=CARTESIAN_POINT('',(-4.873776644327E-2,-3.217996689417E-3,
1.375841364930E-2));
#6076=B_SPLINE_SURFACE_WITH_KNOTS('',3,3,((#5808,#5809,#5810,#5811),(#5812,
#5813,#5814,#5815),(#5816,#5817,#5818,#5819),(#5820,#5821,#5822,#5823),(#5824,
#5825,#5826,#5827),(#5828,#5829,#5830,#5831),(#5832,#5833,#5834,#5835),(#5836,
#5837,#5838,#5839),(#5840,#5841,#5842,#5843),(#5844,#5845,#5846,#5847),(#5848,
#5849,#5850,#5851),(#5852,#5853,#5854,#5855),(#5856,#5857,#5858,#5859),(#5860,
#5861,#5862,#5863),(#5864,#5865,#5866,#5867),(#5868,#5869,#5870,#5871),(#5872,
#5873,#5874,#5875),(#5876,#5877,#5878,#5879),(#5880,#5881,#5882,#5883),(#5884,
#5885,#5886,#5887),(#5888,#5889,#5890,#5891),(#5892,#5893,#5894,#5895),(#5896,
#5897,#5898,#5899),(#5900,#5901,#5902,#5903),(#5904,#5905,#5906,#5907),(#5908,
#5909,#5910,#5911),(#5912,#5913,#5914,#5915),(#5916,#5917,#5918,#5919),(#5920,
#5921,#5922,#5923),(#5924,#5925,#5926,#5927),(#5928,#5929,#5930,#5931),(#5932,
#5933,#5934,#5935),(#5936,#5937,#5938,#5939),(#5940,#5941,#5942,#5943),(#5944,
#5945,#5946,#5947),(#5948,#5949,#5950,#5951),(#5952,#5953,#5954,#5955),(#5956,
#5957,#5958,#5959),(#5960,#5961,#5962,#5963),(#5964,#5965,#5966,#5967),(#5968,
#5969,#5970,#5971),(#5972,#5973,#5974,#5975),(#5976,#5977,#5978,#5979),(#5980,
#5981,#5982,#5983),(#5984,#5985,#5986,#5987),(#5988,#5989,#5990,#5991),(#5992,
#5993,#5994,#5995),(#5996,#5997,#5998,#5999),(#6000,#6001,#6002,#6003),(#6004,
#6005,#6006,#6007),(#6008,#6009,#6010,#6011),(#6012,#6013,#6014,#6015),(#6016,
#6017,#6018,#6019),(#6020,#6021,#6022,#6023),(#6024,#6025,#6026,#6027),(#6028,
#6029,#6030,#6031),(#6032,#6033,#6034,#6035),(#6036,#6037,#6038,#6039),(#6040,
#6041,#6042,#6043),(#6044,#6045,#6046,#6047),(#6048,#6049,#6050,#6051),(#6052,
#6053,#6054,#6055),(#6056,#6057,#6058,#6059),(#6060,#6061,#6062,#6063),(#6064,
#6065,#6066,#6067),(#6068,#6069,#6070,#6071),(#6072,#6073,#6074,#6075)),
.UNSPECIFIED.,.F.,.F.,.F.,(4,1,1,1,1,1,1,1,1,1,1,1,1,1,1,1,1,1,1,1,1,1,1,1,1,1,
1,1,1,1,1,1,1,1,1,1,1,1,1,1,1,1,1,1,1,1,1,1,1,1,1,1,1,1,1,1,1,1,1,1,1,1,1,1,4),(
4,4),(-7.544351356187E-3,0.E0,1.249972038012E-2,2.874972836979E-2,
4.499973635945E-2,6.124974434911E-2,7.749975233877E-2,9.374976032844E-2,
1.099997683181E-1,1.262497763078E-1,1.424997842974E-1,1.587497922871E-1,
1.749998002768E-1,1.912498082664E-1,2.074998162561E-1,2.237498242457E-1,
2.399998322354E-1,2.562498402251E-1,2.724998482147E-1,2.887498562044E-1,
3.049998641941E-1,3.212498721837E-1,3.374998801734E-1,3.537498881631E-1,
3.699998961527E-1,3.862499041424E-1,4.024999121320E-1,4.187499201217E-1,
4.349999281114E-1,4.512499361010E-1,4.674999440907E-1,4.837499520804E-1,
4.999999600700E-1,5.162499680597E-1,5.324999760493E-1,5.487499840390E-1,
5.649999920287E-1,5.812500000183E-1,5.975000080080E-1,6.137500159977E-1,
6.300000239873E-1,6.462500319770E-1,6.625000399667E-1,6.787500479563E-1,
6.950000559460E-1,7.112500639356E-1,7.275000719253E-1,7.437500799150E-1,
7.600000879046E-1,7.762500958943E-1,7.925001038840E-1,8.087501118736E-1,
8.250001198633E-1,8.412501278530E-1,8.575001358426E-1,8.737501438323E-1,
8.900001518219E-1,9.062501598116E-1,9.225001678013E-1,9.387501757909E-1,
9.550001837806E-1,9.712501917703E-1,9.875001997599E-1,1.E0,1.007544350736E0),(
-2.187042438520E-2,1.021766887842E0),.UNSPECIFIED.);
#6077=ORIENTED_EDGE('',*,*,#5750,.T.);
#6078=ORIENTED_EDGE('',*,*,#5566,.T.);
#6080=ORIENTED_EDGE('',*,*,#6079,.F.);
#6082=ORIENTED_EDGE('',*,*,#6081,.F.);
#6084=ORIENTED_EDGE('',*,*,#6083,.T.);
#6086=ORIENTED_EDGE('',*,*,#6085,.T.);
#6088=ORIENTED_EDGE('',*,*,#6087,.T.);
#6090=ORIENTED_EDGE('',*,*,#6089,.T.);
#6092=ORIENTED_EDGE('',*,*,#6091,.T.);
#6093=ORIENTED_EDGE('',*,*,#5789,.T.);
#6094=ORIENTED_EDGE('',*,*,#5772,.T.);
#6095=EDGE_LOOP('',(#6077,#6078,#6080,#6082,#6084,#6086,#6088,#6090,#6092,#6093,
#6094));
#6096=FACE_OUTER_BOUND('',#6095,.F.);
#6098=FILL_AREA_STYLE_COLOUR('',#50);
#6099=FILL_AREA_STYLE('',(#6098));
#6100=SURFACE_STYLE_FILL_AREA(#6099);
#6101=SURFACE_SIDE_STYLE('',(#6100));
#6102=SURFACE_STYLE_USAGE(.BOTH.,#6101);
#6103=PRESENTATION_STYLE_ASSIGNMENT((#6102));
#6104=OVER_RIDING_STYLED_ITEM('',(#6103),#6097,#119);
#6105=CARTESIAN_POINT('',(-1.395547845491E-2,2.729707152710E-3,
-1.409417480417E-2));
#6106=CARTESIAN_POINT('',(-1.495072477555E-2,2.729707152710E-3,
-1.409417480417E-2));
#6107=CARTESIAN_POINT('',(-1.594597109620E-2,2.729707152710E-3,
-1.409417480417E-2));
#6108=CARTESIAN_POINT('',(-1.694121741684E-2,2.729707152710E-3,
-1.409417480417E-2));
#6109=CARTESIAN_POINT('',(-1.405537453965E-2,1.831063686270E-3,
-1.427046217504E-2));
#6110=CARTESIAN_POINT('',(-1.505062086029E-2,1.831063686270E-3,
-1.427046217504E-2));
#6111=CARTESIAN_POINT('',(-1.604586718094E-2,1.831063686270E-3,
-1.427046217504E-2));
#6112=CARTESIAN_POINT('',(-1.704111350158E-2,1.831063686270E-3,
-1.427046217504E-2));
#6113=CARTESIAN_POINT('',(-1.429624135005E-2,-3.763545173836E-4,
-1.448068632538E-2));
#6114=CARTESIAN_POINT('',(-1.529148767069E-2,-3.763545173836E-4,
-1.448068632538E-2));
#6115=CARTESIAN_POINT('',(-1.628673399133E-2,-3.763545173836E-4,
-1.448068632538E-2));
#6116=CARTESIAN_POINT('',(-1.728198031198E-2,-3.763545173836E-4,
-1.448068632538E-2));
#6117=CARTESIAN_POINT('',(-1.472037381869E-2,-4.264053352864E-3,
-1.395493593496E-2));
#6118=CARTESIAN_POINT('',(-1.571562013933E-2,-4.264053352864E-3,
-1.395493593496E-2));
#6119=CARTESIAN_POINT('',(-1.671086645997E-2,-4.264053352864E-3,
-1.395493593496E-2));
#6120=CARTESIAN_POINT('',(-1.770611278062E-2,-4.264053352864E-3,
-1.395493593496E-2));
#6121=CARTESIAN_POINT('',(-1.522787586083E-2,-8.526707514811E-3,
-1.191959566499E-2));
#6122=CARTESIAN_POINT('',(-1.622312218147E-2,-8.526707514811E-3,
-1.191959566499E-2));
#6123=CARTESIAN_POINT('',(-1.721836850212E-2,-8.526707514811E-3,
-1.191959566499E-2));
#6124=CARTESIAN_POINT('',(-1.821361482276E-2,-8.526707514811E-3,
-1.191959566499E-2));
#6125=CARTESIAN_POINT('',(-1.577767283556E-2,-1.210502436027E-2,
-8.261358612058E-3));
#6126=CARTESIAN_POINT('',(-1.677291915620E-2,-1.210502436027E-2,
-8.261358612058E-3));
#6127=CARTESIAN_POINT('',(-1.776816547685E-2,-1.210502436027E-2,
-8.261358612058E-3));
#6128=CARTESIAN_POINT('',(-1.876341179749E-2,-1.210502436027E-2,
-8.261358612058E-3));
#6129=CARTESIAN_POINT('',(-1.632746981029E-2,-1.420744169280E-2,
-3.595860736769E-3));
#6130=CARTESIAN_POINT('',(-1.732271613093E-2,-1.420744169280E-2,
-3.595860736769E-3));
#6131=CARTESIAN_POINT('',(-1.831796245158E-2,-1.420744169280E-2,
-3.595860736769E-3));
#6132=CARTESIAN_POINT('',(-1.931320877222E-2,-1.420744169280E-2,
-3.595860736769E-3));
#6133=CARTESIAN_POINT('',(-1.687726678502E-2,-1.457763312166E-2,
1.508057920274E-3));
#6134=CARTESIAN_POINT('',(-1.787251310566E-2,-1.457763312166E-2,
1.508057920274E-3));
#6135=CARTESIAN_POINT('',(-1.886775942630E-2,-1.457763312166E-2,
1.508057920274E-3));
#6136=CARTESIAN_POINT('',(-1.986300574695E-2,-1.457763312166E-2,
1.508057920274E-3));
#6137=CARTESIAN_POINT('',(-1.742706375975E-2,-1.317046111031E-2,
6.428108390695E-3));
#6138=CARTESIAN_POINT('',(-1.842231008039E-2,-1.317046111031E-2,
6.428108390695E-3));
#6139=CARTESIAN_POINT('',(-1.941755640103E-2,-1.317046111031E-2,
6.428108390695E-3));
#6140=CARTESIAN_POINT('',(-2.041280272168E-2,-1.317046111031E-2,
6.428108390695E-3));
#6141=CARTESIAN_POINT('',(-1.797686073448E-2,-1.015749428463E-2,
1.056441828589E-2));
#6142=CARTESIAN_POINT('',(-1.897210705512E-2,-1.015749428463E-2,
1.056441828589E-2));
#6143=CARTESIAN_POINT('',(-1.996735337576E-2,-1.015749428463E-2,
1.056441828589E-2));
#6144=CARTESIAN_POINT('',(-2.096259969641E-2,-1.015749428463E-2,
1.056441828589E-2));
#6145=CARTESIAN_POINT('',(-1.852665770921E-2,-5.906085363780E-3,
1.341267234651E-2));
#6146=CARTESIAN_POINT('',(-1.952190402985E-2,-5.906085363780E-3,
1.341267234651E-2));
#6147=CARTESIAN_POINT('',(-2.051715035049E-2,-5.906085363780E-3,
1.341267234651E-2));
#6148=CARTESIAN_POINT('',(-2.151239667114E-2,-5.906085363780E-3,
1.341267234651E-2));
#6149=CARTESIAN_POINT('',(-1.907645468393E-2,-9.345830593951E-4,
1.462560010045E-2));
#6150=CARTESIAN_POINT('',(-2.007170100458E-2,-9.345830593951E-4,
1.462560010045E-2));
#6151=CARTESIAN_POINT('',(-2.106694732522E-2,-9.345830593951E-4,
1.462560010045E-2));
#6152=CARTESIAN_POINT('',(-2.206219364586E-2,-9.345830593951E-4,
1.462560010045E-2));
#6153=CARTESIAN_POINT('',(-1.962625165866E-2,4.150867327312E-3,
1.405531658241E-2));
#6154=CARTESIAN_POINT('',(-2.062149797931E-2,4.150867327312E-3,
1.405531658241E-2));
#6155=CARTESIAN_POINT('',(-2.161674429995E-2,4.150867327312E-3,
1.405531658241E-2));
#6156=CARTESIAN_POINT('',(-2.261199062059E-2,4.150867327312E-3,
1.405531658241E-2));
#6157=CARTESIAN_POINT('',(-2.017604863339E-2,8.730227477002E-3,
1.177135302321E-2));
#6158=CARTESIAN_POINT('',(-2.117129495404E-2,8.730227477002E-3,
1.177135302321E-2));
#6159=CARTESIAN_POINT('',(-2.216654127468E-2,8.730227477002E-3,
1.177135302321E-2));
#6160=CARTESIAN_POINT('',(-2.316178759532E-2,8.730227477002E-3,
1.177135302321E-2));
#6161=CARTESIAN_POINT('',(-2.072584560812E-2,1.224516360685E-2,
8.052179334805E-3));
#6162=CARTESIAN_POINT('',(-2.172109192876E-2,1.224516360685E-2,
8.052179334805E-3));
#6163=CARTESIAN_POINT('',(-2.271633824941E-2,1.224516360685E-2,
8.052179334805E-3));
#6164=CARTESIAN_POINT('',(-2.371158457005E-2,1.224516360685E-2,
8.052179334805E-3));
#6165=CARTESIAN_POINT('',(-2.127564258285E-2,1.426712073850E-2,
3.351251949803E-3));
#6166=CARTESIAN_POINT('',(-2.227088890349E-2,1.426712073850E-2,
3.351251949803E-3));
#6167=CARTESIAN_POINT('',(-2.326613522414E-2,1.426712073850E-2,
3.351251949803E-3));
#6168=CARTESIAN_POINT('',(-2.426138154478E-2,1.426712073850E-2,
3.351251949803E-3));
#6169=CARTESIAN_POINT('',(-2.182543955758E-2,1.454957382510E-2,
-1.758273387755E-3));
#6170=CARTESIAN_POINT('',(-2.282068587822E-2,1.454957382510E-2,
-1.758273387755E-3));
#6171=CARTESIAN_POINT('',(-2.381593219886E-2,1.454957382510E-2,
-1.758273387755E-3));
#6172=CARTESIAN_POINT('',(-2.481117851951E-2,1.454957382510E-2,
-1.758273387755E-3));
#6173=CARTESIAN_POINT('',(-2.237523653231E-2,1.305808506410E-2,
-6.653423048092E-3));
#6174=CARTESIAN_POINT('',(-2.337048285295E-2,1.305808506410E-2,
-6.653423048092E-3));
#6175=CARTESIAN_POINT('',(-2.436572917359E-2,1.305808506410E-2,
-6.653423048092E-3));
#6176=CARTESIAN_POINT('',(-2.536097549423E-2,1.305808506410E-2,
-6.653423048092E-3));
#6177=CARTESIAN_POINT('',(-2.292503350704E-2,9.974502691071E-3,
-1.073736093572E-2));
#6178=CARTESIAN_POINT('',(-2.392027982768E-2,9.974502691071E-3,
-1.073736093572E-2));
#6179=CARTESIAN_POINT('',(-2.491552614832E-2,9.974502691071E-3,
-1.073736093572E-2));
#6180=CARTESIAN_POINT('',(-2.591077246896E-2,9.974502691071E-3,
-1.073736093572E-2));
#6181=CARTESIAN_POINT('',(-2.347483048176E-2,5.674789320300E-3,
-1.351215711751E-2));
#6182=CARTESIAN_POINT('',(-2.447007680241E-2,5.674789320300E-3,
-1.351215711751E-2));
#6183=CARTESIAN_POINT('',(-2.546532312305E-2,5.674789320300E-3,
-1.351215711751E-2));
#6184=CARTESIAN_POINT('',(-2.646056944369E-2,5.674789320300E-3,
-1.351215711751E-2));
#6185=CARTESIAN_POINT('',(-2.402462745649E-2,6.831830891231E-4,
-1.463949741845E-2));
#6186=CARTESIAN_POINT('',(-2.501987377714E-2,6.831830891231E-4,
-1.463949741845E-2));
#6187=CARTESIAN_POINT('',(-2.601512009778E-2,6.831830891231E-4,
-1.463949741845E-2));
#6188=CARTESIAN_POINT('',(-2.701036641842E-2,6.831830891231E-4,
-1.463949741845E-2));
#6189=CARTESIAN_POINT('',(-2.457442443122E-2,-4.391719538630E-3,
-1.398193203002E-2));
#6190=CARTESIAN_POINT('',(-2.556967075186E-2,-4.391719538630E-3,
-1.398193203002E-2));
#6191=CARTESIAN_POINT('',(-2.656491707251E-2,-4.391719538630E-3,
-1.398193203002E-2));
#6192=CARTESIAN_POINT('',(-2.756016339315E-2,-4.391719538630E-3,
-1.398193203002E-2));
#6193=CARTESIAN_POINT('',(-2.512422140595E-2,-8.931166271515E-3,
-1.161963393695E-2));
#6194=CARTESIAN_POINT('',(-2.611946772659E-2,-8.931166271515E-3,
-1.161963393695E-2));
#6195=CARTESIAN_POINT('',(-2.711471404723E-2,-8.931166271515E-3,
-1.161963393695E-2));
#6196=CARTESIAN_POINT('',(-2.810996036787E-2,-8.931166271515E-3,
-1.161963393695E-2));
#6197=CARTESIAN_POINT('',(-2.567401838068E-2,-1.238168972820E-2,
-7.840623908375E-3));
#6198=CARTESIAN_POINT('',(-2.666926470132E-2,-1.238168972820E-2,
-7.840623908375E-3));
#6199=CARTESIAN_POINT('',(-2.766451102196E-2,-1.238168972820E-2,
-7.840623908375E-3));
#6200=CARTESIAN_POINT('',(-2.865975734260E-2,-1.238168972820E-2,
-7.840623908375E-3));
#6201=CARTESIAN_POINT('',(-2.622381535541E-2,-1.432258837960E-2,
-3.105653861351E-3));
#6202=CARTESIAN_POINT('',(-2.721906167605E-2,-1.432258837960E-2,
-3.105653861351E-3));
#6203=CARTESIAN_POINT('',(-2.821430799669E-2,-1.432258837960E-2,
-3.105653861351E-3));
#6204=CARTESIAN_POINT('',(-2.920955431733E-2,-1.432258837960E-2,
-3.105653861351E-3));
#6205=CARTESIAN_POINT('',(-2.677361233013E-2,-1.451722015076E-2,
2.007969843505E-3));
#6206=CARTESIAN_POINT('',(-2.776885865078E-2,-1.451722015076E-2,
2.007969843505E-3));
#6207=CARTESIAN_POINT('',(-2.876410497142E-2,-1.451722015076E-2,
2.007969843505E-3));
#6208=CARTESIAN_POINT('',(-2.975935129206E-2,-1.451722015076E-2,
2.007969843505E-3));
#6209=CARTESIAN_POINT('',(-2.732340930486E-2,-1.294185476285E-2,
6.876773887185E-3));
#6210=CARTESIAN_POINT('',(-2.831865562550E-2,-1.294185476285E-2,
6.876773887185E-3));
#6211=CARTESIAN_POINT('',(-2.931390194614E-2,-1.294185476285E-2,
6.876773887185E-3));
#6212=CARTESIAN_POINT('',(-3.030914826679E-2,-1.294185476285E-2,
6.876773887185E-3));
#6213=CARTESIAN_POINT('',(-2.787320627959E-2,-9.788567023032E-3,
1.090713433647E-2));
#6214=CARTESIAN_POINT('',(-2.886845260023E-2,-9.788567023032E-3,
1.090713433647E-2));
#6215=CARTESIAN_POINT('',(-2.986369892087E-2,-9.788567023032E-3,
1.090713433647E-2));
#6216=CARTESIAN_POINT('',(-3.085894524151E-2,-9.788567023032E-3,
1.090713433647E-2));
#6217=CARTESIAN_POINT('',(-2.842300325432E-2,-5.441818300865E-3,
1.360765363237E-2));
#6218=CARTESIAN_POINT('',(-2.941824957496E-2,-5.441818300865E-3,
1.360765363237E-2));
#6219=CARTESIAN_POINT('',(-3.041349589560E-2,-5.441818300865E-3,
1.360765363237E-2));
#6220=CARTESIAN_POINT('',(-3.140874221624E-2,-5.441818300865E-3,
1.360765363237E-2));
#6221=CARTESIAN_POINT('',(-2.897280022905E-2,-4.315814705987E-4,
1.464907373291E-2));
#6222=CARTESIAN_POINT('',(-2.996804654969E-2,-4.315814705987E-4,
1.464907373291E-2));
#6223=CARTESIAN_POINT('',(-3.096329287033E-2,-4.315814705987E-4,
1.464907373291E-2));
#6224=CARTESIAN_POINT('',(-3.195853919097E-2,-4.315814705987E-4,
1.464907373291E-2));
#6225=CARTESIAN_POINT('',(-2.952259720377E-2,4.631275487277E-3,
1.390442056179E-2));
#6226=CARTESIAN_POINT('',(-3.051784352441E-2,4.631275487277E-3,
1.390442056179E-2));
#6227=CARTESIAN_POINT('',(-3.151308984506E-2,4.631275487277E-3,
1.390442056179E-2));
#6228=CARTESIAN_POINT('',(-3.250833616570E-2,4.631275487277E-3,
1.390442056179E-2));
#6229=CARTESIAN_POINT('',(-3.007239417850E-2,9.129468937247E-3,
1.146448519219E-2));
#6230=CARTESIAN_POINT('',(-3.106764049914E-2,9.129468937247E-3,
1.146448519219E-2));
#6231=CARTESIAN_POINT('',(-3.206288681978E-2,9.129468937247E-3,
1.146448519219E-2));
#6232=CARTESIAN_POINT('',(-3.305813314042E-2,9.129468937247E-3,
1.146448519219E-2));
#6233=CARTESIAN_POINT('',(-3.062219115323E-2,1.251456126214E-2,
7.626754238476E-3));
#6234=CARTESIAN_POINT('',(-3.161743747387E-2,1.251456126214E-2,
7.626754238476E-3));
#6235=CARTESIAN_POINT('',(-3.261268379451E-2,1.251456126214E-2,
7.626754238476E-3));
#6236=CARTESIAN_POINT('',(-3.360793011515E-2,1.251456126214E-2,
7.626754238476E-3));
#6237=CARTESIAN_POINT('',(-3.117198812796E-2,1.437382855643E-2,
2.859139106193E-3));
#6238=CARTESIAN_POINT('',(-3.216723444860E-2,1.437382855643E-2,
2.859139106193E-3));
#6239=CARTESIAN_POINT('',(-3.316248076924E-2,1.437382855643E-2,
2.859139106193E-3));
#6240=CARTESIAN_POINT('',(-3.415772708988E-2,1.437382855643E-2,
2.859139106193E-3));
#6241=CARTESIAN_POINT('',(-3.172178510269E-2,1.448058156453E-2,
-2.257073625547E-3));
#6242=CARTESIAN_POINT('',(-3.271703142332E-2,1.448058156453E-2,
-2.257073625547E-3));
#6243=CARTESIAN_POINT('',(-3.371227774396E-2,1.448058156453E-2,
-2.257073625547E-3));
#6244=CARTESIAN_POINT('',(-3.470752406460E-2,1.448058156453E-2,
-2.257073625547E-3));
#6245=CARTESIAN_POINT('',(-3.227158207741E-2,1.282180453556E-2,
-7.098094973293E-3));
#6246=CARTESIAN_POINT('',(-3.326682839805E-2,1.282180453556E-2,
-7.098094973293E-3));
#6247=CARTESIAN_POINT('',(-3.426207471869E-2,1.282180453556E-2,
-7.098094973293E-3));
#6248=CARTESIAN_POINT('',(-3.525732103933E-2,1.282180453556E-2,
-7.098094973293E-3));
#6249=CARTESIAN_POINT('',(-3.282137905214E-2,9.599742155382E-3,
-1.107368838049E-2));
#6250=CARTESIAN_POINT('',(-3.381662537278E-2,9.599742155382E-3,
-1.107368838049E-2));
#6251=CARTESIAN_POINT('',(-3.481187169342E-2,9.599742155382E-3,
-1.107368838049E-2));
#6252=CARTESIAN_POINT('',(-3.580711801406E-2,9.599742155382E-3,
-1.107368838049E-2));
#6253=CARTESIAN_POINT('',(-3.337117602687E-2,5.207241070934E-3,
-1.369913370353E-2));
#6254=CARTESIAN_POINT('',(-3.436642234751E-2,5.207241070934E-3,
-1.369913370353E-2));
#6255=CARTESIAN_POINT('',(-3.536166866815E-2,5.207241070934E-3,
-1.369913370353E-2));
#6256=CARTESIAN_POINT('',(-3.635691498879E-2,5.207241070934E-3,
-1.369913370353E-2));
#6257=CARTESIAN_POINT('',(-3.392097300159E-2,1.798524662572E-4,
-1.465432621749E-2));
#6258=CARTESIAN_POINT('',(-3.491621932223E-2,1.798524662572E-4,
-1.465432621749E-2));
#6259=CARTESIAN_POINT('',(-3.591146564287E-2,1.798524662572E-4,
-1.465432621749E-2));
#6260=CARTESIAN_POINT('',(-3.690671196351E-2,1.798524662572E-4,
-1.465432621749E-2));
#6261=CARTESIAN_POINT('',(-3.447076997632E-2,-4.869464465677E-3,
-1.382280505598E-2));
#6262=CARTESIAN_POINT('',(-3.546601629696E-2,-4.869464465677E-3,
-1.382280505598E-2));
#6263=CARTESIAN_POINT('',(-3.646126261760E-2,-4.869464465677E-3,
-1.382280505598E-2));
#6264=CARTESIAN_POINT('',(-3.745650893824E-2,-4.869464465677E-3,
-1.382280505598E-2));
#6265=CARTESIAN_POINT('',(-3.502056695105E-2,-9.325076943112E-3,
-1.130595258274E-2));
#6266=CARTESIAN_POINT('',(-3.601581327169E-2,-9.325076943112E-3,
-1.130595258274E-2));
#6267=CARTESIAN_POINT('',(-3.701105959233E-2,-9.325076943112E-3,
-1.130595258274E-2));
#6268=CARTESIAN_POINT('',(-3.800630591297E-2,-9.325076943112E-3,
-1.130595258274E-2));
#6269=CARTESIAN_POINT('',(-3.557036392578E-2,-1.264373899023E-2,
-7.410633450992E-3));
#6270=CARTESIAN_POINT('',(-3.656561024641E-2,-1.264373899023E-2,
-7.410633450992E-3));
#6271=CARTESIAN_POINT('',(-3.756085656705E-2,-1.264373899023E-2,
-7.410633450992E-3));
#6272=CARTESIAN_POINT('',(-3.855610288769E-2,-1.264373899023E-2,
-7.410633450992E-3));
#6273=CARTESIAN_POINT('',(-3.612016090050E-2,-1.442082614489E-2,
-2.611780445755E-3));
#6274=CARTESIAN_POINT('',(-3.711540722114E-2,-1.442082614489E-2,
-2.611780445755E-3));
#6275=CARTESIAN_POINT('',(-3.811065354178E-2,-1.442082614489E-2,
-2.611780445755E-3));
#6276=CARTESIAN_POINT('',(-3.910589986242E-2,-1.442082614489E-2,
-2.611780445755E-3));
#6277=CARTESIAN_POINT('',(-3.666995787523E-2,-1.443966888067E-2,
2.505511208279E-3));
#6278=CARTESIAN_POINT('',(-3.766520419587E-2,-1.443966888067E-2,
2.505511208279E-3));
#6279=CARTESIAN_POINT('',(-3.866045051651E-2,-1.443966888067E-2,
2.505511208279E-3));
#6280=CARTESIAN_POINT('',(-3.965569683715E-2,-1.443966888067E-2,
2.505511208279E-3));
#6281=CARTESIAN_POINT('',(-3.721975484996E-2,-1.269796981634E-2,
7.317320981167E-3));
#6282=CARTESIAN_POINT('',(-3.821500117060E-2,-1.269796981634E-2,
7.317320981167E-3));
#6283=CARTESIAN_POINT('',(-3.921024749123E-2,-1.269796981634E-2,
7.317320981167E-3));
#6284=CARTESIAN_POINT('',(-4.020549381187E-2,-1.269796981634E-2,
7.317320981167E-3));
#6285=CARTESIAN_POINT('',(-3.776955182468E-2,-9.408083821770E-3,
1.123697390762E-2));
#6286=CARTESIAN_POINT('',(-3.876479814532E-2,-9.408083821770E-3,
1.123697390762E-2));
#6287=CARTESIAN_POINT('',(-3.976004446596E-2,-9.408083821770E-3,
1.123697390762E-2));
#6288=CARTESIAN_POINT('',(-4.075529078660E-2,-9.408083821770E-3,
1.123697390762E-2));
#6289=CARTESIAN_POINT('',(-3.831934879941E-2,-4.971126868446E-3,
1.378657032970E-2));
#6290=CARTESIAN_POINT('',(-3.931459512005E-2,-4.971126868446E-3,
1.378657032970E-2));
#6291=CARTESIAN_POINT('',(-4.030984144069E-2,-4.971126868446E-3,
1.378657032970E-2));
#6292=CARTESIAN_POINT('',(-4.130508776133E-2,-4.971126868446E-3,
1.378657032970E-2));
#6293=CARTESIAN_POINT('',(-3.886914577414E-2,7.192962343584E-5,
1.465525332184E-2));
#6294=CARTESIAN_POINT('',(-3.986439209478E-2,7.192962343584E-5,
1.465525332184E-2));
#6295=CARTESIAN_POINT('',(-4.085963841541E-2,7.192962343584E-5,
1.465525332184E-2));
#6296=CARTESIAN_POINT('',(-4.185488473605E-2,7.192962343584E-5,
1.465525332184E-2));
#6297=CARTESIAN_POINT('',(-3.941894274886E-2,5.106216169846E-3,
1.373710960227E-2));
#6298=CARTESIAN_POINT('',(-4.041418906950E-2,5.106216169846E-3,
1.373710960227E-2));
#6299=CARTESIAN_POINT('',(-4.140943539014E-2,5.106216169846E-3,
1.373710960227E-2));
#6300=CARTESIAN_POINT('',(-4.240468171078E-2,5.106216169846E-3,
1.373710960227E-2));
#6301=CARTESIAN_POINT('',(-3.996873972359E-2,9.517932553348E-3,
1.114408290116E-2));
#6302=CARTESIAN_POINT('',(-4.096398604423E-2,9.517932553348E-3,
1.114408290116E-2));
#6303=CARTESIAN_POINT('',(-4.195923236487E-2,9.517932553348E-3,
1.114408290116E-2));
#6304=CARTESIAN_POINT('',(-4.295447868551E-2,9.517932553348E-3,
1.114408290116E-2));
#6305=CARTESIAN_POINT('',(-4.051853669832E-2,1.276918478430E-2,
7.192325336248E-3));
#6306=CARTESIAN_POINT('',(-4.151378301895E-2,1.276918478430E-2,
7.192325336248E-3));
#6307=CARTESIAN_POINT('',(-4.250902933959E-2,1.276918478430E-2,
7.192325336248E-3));
#6308=CARTESIAN_POINT('',(-4.350427566023E-2,1.276918478430E-2,
7.192325336248E-3));
#6309=CARTESIAN_POINT('',(-4.106833367304E-2,1.446356727317E-2,
2.363650890549E-3));
#6310=CARTESIAN_POINT('',(-4.206357999368E-2,1.446356727317E-2,
2.363650890549E-3));
#6311=CARTESIAN_POINT('',(-4.305882631432E-2,1.446356727317E-2,
2.363650890549E-3));
#6312=CARTESIAN_POINT('',(-4.405407263496E-2,1.446356727317E-2,
2.363650890549E-3));
#6313=CARTESIAN_POINT('',(-4.161813064777E-2,1.439449417499E-2,
-2.753209262734E-3));
#6314=CARTESIAN_POINT('',(-4.261337696841E-2,1.439449417499E-2,
-2.753209262734E-3));
#6315=CARTESIAN_POINT('',(-4.360862328905E-2,1.439449417499E-2,
-2.753209262734E-3));
#6316=CARTESIAN_POINT('',(-4.460386960968E-2,1.439449417499E-2,
-2.753209262734E-3));
#6317=CARTESIAN_POINT('',(-4.216792762250E-2,1.257038715626E-2,
-7.534387203943E-3));
#6318=CARTESIAN_POINT('',(-4.316317394313E-2,1.257038715626E-2,
-7.534387203943E-3));
#6319=CARTESIAN_POINT('',(-4.415842026377E-2,1.257038715626E-2,
-7.534387203943E-3));
#6320=CARTESIAN_POINT('',(-4.515366658441E-2,1.257038715626E-2,
-7.534387203943E-3));
#6321=CARTESIAN_POINT('',(-4.271772459722E-2,9.213648592299E-3,
-1.139694272242E-2));
#6322=CARTESIAN_POINT('',(-4.371297091786E-2,9.213648592299E-3,
-1.139694272242E-2));
#6323=CARTESIAN_POINT('',(-4.470821723850E-2,9.213648592299E-3,
-1.139694272242E-2));
#6324=CARTESIAN_POINT('',(-4.570346355914E-2,9.213648592299E-3,
-1.139694272242E-2));
#6325=CARTESIAN_POINT('',(-4.326752157195E-2,4.733545384520E-3,
-1.386993770302E-2));
#6326=CARTESIAN_POINT('',(-4.426276789259E-2,4.733545384520E-3,
-1.386993770302E-2));
#6327=CARTESIAN_POINT('',(-4.525801421322E-2,4.733545384520E-3,
-1.386993770302E-2));
#6328=CARTESIAN_POINT('',(-4.625326053386E-2,4.733545384520E-3,
-1.386993770302E-2));
#6329=CARTESIAN_POINT('',(-4.381731854667E-2,-3.236904805751E-4,
-1.465185477241E-2));
#6330=CARTESIAN_POINT('',(-4.481256486731E-2,-3.236904805751E-4,
-1.465185477241E-2));
#6331=CARTESIAN_POINT('',(-4.580781118795E-2,-3.236904805751E-4,
-1.465185477241E-2));
#6332=CARTESIAN_POINT('',(-4.680305750859E-2,-3.236904805751E-4,
-1.465185477241E-2));
#6333=CARTESIAN_POINT('',(-4.436711552140E-2,-5.341460726634E-3,
-1.364735949433E-2));
#6334=CARTESIAN_POINT('',(-4.536236184204E-2,-5.341460726634E-3,
-1.364735949433E-2));
#6335=CARTESIAN_POINT('',(-4.635760816268E-2,-5.341460726634E-3,
-1.364735949433E-2));
#6336=CARTESIAN_POINT('',(-4.735285448332E-2,-5.341460726634E-3,
-1.364735949433E-2));
#6337=CARTESIAN_POINT('',(-4.491691249613E-2,-9.707978819930E-3,
-1.097892392597E-2));
#6338=CARTESIAN_POINT('',(-4.591215881676E-2,-9.707978819930E-3,
-1.097892392597E-2));
#6339=CARTESIAN_POINT('',(-4.690740513740E-2,-9.707978819930E-3,
-1.097892392597E-2));
#6340=CARTESIAN_POINT('',(-4.790265145804E-2,-9.707978819930E-3,
-1.097892392597E-2));
#6341=CARTESIAN_POINT('',(-4.546670947085E-2,-1.289086170975E-2,
-6.971894326566E-3));
#6342=CARTESIAN_POINT('',(-4.646195579149E-2,-1.289086170975E-2,
-6.971894326566E-3));
#6343=CARTESIAN_POINT('',(-4.745720211213E-2,-1.289086170975E-2,
-6.971894326566E-3));
#6344=CARTESIAN_POINT('',(-4.845244843277E-2,-1.289086170975E-2,
-6.971894326566E-3));
#6345=CARTESIAN_POINT('',(-4.601650644558E-2,-1.450203898228E-2,
-2.114823692123E-3));
#6346=CARTESIAN_POINT('',(-4.701175276622E-2,-1.450203898228E-2,
-2.114823692123E-3));
#6347=CARTESIAN_POINT('',(-4.800699908686E-2,-1.450203898228E-2,
-2.114823692123E-3));
#6348=CARTESIAN_POINT('',(-4.900224540749E-2,-1.450203898228E-2,
-2.114823692123E-3));
#6349=CARTESIAN_POINT('',(-4.656630342030E-2,-1.434507206323E-2,
3.000094728589E-3));
#6350=CARTESIAN_POINT('',(-4.756154974094E-2,-1.434507206323E-2,
3.000094728589E-3));
#6351=CARTESIAN_POINT('',(-4.855679606158E-2,-1.434507206323E-2,
3.000094728589E-3));
#6352=CARTESIAN_POINT('',(-4.955204238222E-2,-1.434507206323E-2,
3.000094728589E-3));
#6353=CARTESIAN_POINT('',(-4.711610039503E-2,-1.243908942849E-2,
7.749229384271E-3));
#6354=CARTESIAN_POINT('',(-4.811134671567E-2,-1.243908942849E-2,
7.749229384271E-3));
#6355=CARTESIAN_POINT('',(-4.910659303631E-2,-1.243908942849E-2,
7.749229384271E-3));
#6356=CARTESIAN_POINT('',(-5.010183935695E-2,-1.243908942849E-2,
7.749229384271E-3));
#6357=CARTESIAN_POINT('',(-4.762360243717E-2,-9.279804709548E-3,
1.126088861935E-2));
#6358=CARTESIAN_POINT('',(-4.861884875781E-2,-9.279804709548E-3,
1.126088861935E-2));
#6359=CARTESIAN_POINT('',(-4.961409507845E-2,-9.279804709548E-3,
1.126088861935E-2));
#6360=CARTESIAN_POINT('',(-5.060934139909E-2,-9.279804709548E-3,
1.126088861935E-2));
#6361=CARTESIAN_POINT('',(-4.804773490580E-2,-5.889237097589E-3,
1.323437968267E-2));
#6362=CARTESIAN_POINT('',(-4.904298122644E-2,-5.889237097589E-3,
1.323437968267E-2));
#6363=CARTESIAN_POINT('',(-5.003822754708E-2,-5.889237097589E-3,
1.323437968267E-2));
#6364=CARTESIAN_POINT('',(-5.103347386772E-2,-5.889237097589E-3,
1.323437968267E-2));
#6365=CARTESIAN_POINT('',(-4.828860171620E-2,-3.769399895685E-3,
1.388490220847E-2));
#6366=CARTESIAN_POINT('',(-4.928384803684E-2,-3.769399895685E-3,
1.388490220847E-2));
#6367=CARTESIAN_POINT('',(-5.027909435748E-2,-3.769399895685E-3,
1.388490220847E-2));
#6368=CARTESIAN_POINT('',(-5.127434067812E-2,-3.769399895685E-3,
1.388490220847E-2));
#6369=CARTESIAN_POINT('',(-4.838849780094E-2,-2.871699499581E-3,
1.406593070274E-2));
#6370=CARTESIAN_POINT('',(-4.938374412158E-2,-2.871699499581E-3,
1.406593070274E-2));
#6371=CARTESIAN_POINT('',(-5.037899044222E-2,-2.871699499581E-3,
1.406593070274E-2));
#6372=CARTESIAN_POINT('',(-5.137423676286E-2,-2.871699499581E-3,
1.406593070274E-2));
#6373=B_SPLINE_SURFACE_WITH_KNOTS('',3,3,((#6105,#6106,#6107,#6108),(#6109,
#6110,#6111,#6112),(#6113,#6114,#6115,#6116),(#6117,#6118,#6119,#6120),(#6121,
#6122,#6123,#6124),(#6125,#6126,#6127,#6128),(#6129,#6130,#6131,#6132),(#6133,
#6134,#6135,#6136),(#6137,#6138,#6139,#6140),(#6141,#6142,#6143,#6144),(#6145,
#6146,#6147,#6148),(#6149,#6150,#6151,#6152),(#6153,#6154,#6155,#6156),(#6157,
#6158,#6159,#6160),(#6161,#6162,#6163,#6164),(#6165,#6166,#6167,#6168),(#6169,
#6170,#6171,#6172),(#6173,#6174,#6175,#6176),(#6177,#6178,#6179,#6180),(#6181,
#6182,#6183,#6184),(#6185,#6186,#6187,#6188),(#6189,#6190,#6191,#6192),(#6193,
#6194,#6195,#6196),(#6197,#6198,#6199,#6200),(#6201,#6202,#6203,#6204),(#6205,
#6206,#6207,#6208),(#6209,#6210,#6211,#6212),(#6213,#6214,#6215,#6216),(#6217,
#6218,#6219,#6220),(#6221,#6222,#6223,#6224),(#6225,#6226,#6227,#6228),(#6229,
#6230,#6231,#6232),(#6233,#6234,#6235,#6236),(#6237,#6238,#6239,#6240),(#6241,
#6242,#6243,#6244),(#6245,#6246,#6247,#6248),(#6249,#6250,#6251,#6252),(#6253,
#6254,#6255,#6256),(#6257,#6258,#6259,#6260),(#6261,#6262,#6263,#6264),(#6265,
#6266,#6267,#6268),(#6269,#6270,#6271,#6272),(#6273,#6274,#6275,#6276),(#6277,
#6278,#6279,#6280),(#6281,#6282,#6283,#6284),(#6285,#6286,#6287,#6288),(#6289,
#6290,#6291,#6292),(#6293,#6294,#6295,#6296),(#6297,#6298,#6299,#6300),(#6301,
#6302,#6303,#6304),(#6305,#6306,#6307,#6308),(#6309,#6310,#6311,#6312),(#6313,
#6314,#6315,#6316),(#6317,#6318,#6319,#6320),(#6321,#6322,#6323,#6324),(#6325,
#6326,#6327,#6328),(#6329,#6330,#6331,#6332),(#6333,#6334,#6335,#6336),(#6337,
#6338,#6339,#6340),(#6341,#6342,#6343,#6344),(#6345,#6346,#6347,#6348),(#6349,
#6350,#6351,#6352),(#6353,#6354,#6355,#6356),(#6357,#6358,#6359,#6360),(#6361,
#6362,#6363,#6364),(#6365,#6366,#6367,#6368),(#6369,#6370,#6371,#6372)),
.UNSPECIFIED.,.F.,.F.,.F.,(4,1,1,1,1,1,1,1,1,1,1,1,1,1,1,1,1,1,1,1,1,1,1,1,1,1,
1,1,1,1,1,1,1,1,1,1,1,1,1,1,1,1,1,1,1,1,1,1,1,1,1,1,1,1,1,1,1,1,1,1,1,1,1,1,4),(
4,4),(-8.857699883436E-3,0.E0,1.249975295303E-2,2.874976118793E-2,
4.499976942283E-2,6.124977765773E-2,7.749978589263E-2,9.374979412753E-2,
1.099998023624E-1,1.262498105973E-1,1.424998188322E-1,1.587498270671E-1,
1.749998353020E-1,1.912498435369E-1,2.074998517718E-1,2.237498600067E-1,
2.399998682416E-1,2.562498764765E-1,2.724998847114E-1,2.887498929463E-1,
3.049999011812E-1,3.212499094161E-1,3.374999176510E-1,3.537499258859E-1,
3.699999341208E-1,3.862499423557E-1,4.024999505906E-1,4.187499588255E-1,
4.349999670604E-1,4.512499752953E-1,4.674999835302E-1,4.837499917651E-1,5.E-1,
5.162500082349E-1,5.325000164698E-1,5.487500247047E-1,5.650000329396E-1,
5.812500411745E-1,5.975000494094E-1,6.137500576443E-1,6.300000658792E-1,
6.462500741141E-1,6.625000823490E-1,6.787500905839E-1,6.950000988188E-1,
7.112501070537E-1,7.275001152886E-1,7.437501235235E-1,7.600001317584E-1,
7.762501399933E-1,7.925001482282E-1,8.087501564631E-1,8.250001646980E-1,
8.412501729329E-1,8.575001811678E-1,8.737501894027E-1,8.900001976376E-1,
9.062502058725E-1,9.225002141074E-1,9.387502223423E-1,9.550002305772E-1,
9.712502388121E-1,9.875002470470E-1,1.E0,1.008857699883E0),(-8.336897442826E-2,
1.083365943003E0),.UNSPECIFIED.);
#6375=ORIENTED_EDGE('',*,*,#6374,.T.);
#6377=ORIENTED_EDGE('',*,*,#6376,.T.);
#6379=ORIENTED_EDGE('',*,*,#6378,.F.);
#6380=ORIENTED_EDGE('',*,*,#6079,.T.);
#6381=EDGE_LOOP('',(#6375,#6377,#6379,#6380));
#6382=FACE_OUTER_BOUND('',#6381,.F.);
#6384=FILL_AREA_STYLE_COLOUR('',#50);
#6385=FILL_AREA_STYLE('',(#6384));
#6386=SURFACE_STYLE_FILL_AREA(#6385);
#6387=SURFACE_SIDE_STYLE('',(#6386));
#6388=SURFACE_STYLE_USAGE(.BOTH.,#6387);
#6389=PRESENTATION_STYLE_ASSIGNMENT((#6388));
#6390=OVER_RIDING_STYLED_ITEM('',(#6389),#6383,#119);
#6391=CARTESIAN_POINT('',(2.541462841273E-2,2.729919917614E-3,
-1.409424509297E-2));
#6392=CARTESIAN_POINT('',(2.441938463554E-2,2.729919917614E-3,
-1.409424509297E-2));
#6393=CARTESIAN_POINT('',(2.342414085834E-2,2.729919917614E-3,
-1.409424509297E-2));
#6394=CARTESIAN_POINT('',(2.242889708114E-2,2.729919917614E-3,
-1.409424509297E-2));
#6395=CARTESIAN_POINT('',(2.531471686772E-2,1.831257192958E-3,
-1.427059549620E-2));
#6396=CARTESIAN_POINT('',(2.431947309052E-2,1.831257192958E-3,
-1.427059549620E-2));
#6397=CARTESIAN_POINT('',(2.332422931332E-2,1.831257192958E-3,
-1.427059549620E-2));
#6398=CARTESIAN_POINT('',(2.232898553613E-2,1.831257192958E-3,
-1.427059549620E-2));
#6399=CARTESIAN_POINT('',(2.505076941240E-2,-5.875094026455E-4,
-1.450040773614E-2));
#6400=CARTESIAN_POINT('',(2.405552563520E-2,-5.875094026455E-4,
-1.450040773614E-2));
#6401=CARTESIAN_POINT('',(2.306028185800E-2,-5.875094026455E-4,
-1.450040773614E-2));
#6402=CARTESIAN_POINT('',(2.206503808081E-2,-5.875094026455E-4,
-1.450040773614E-2));
#6403=CARTESIAN_POINT('',(2.457356736391E-2,-4.961944940881E-3,
-1.381161501553E-2));
#6404=CARTESIAN_POINT('',(2.357832358671E-2,-4.961944940881E-3,
-1.381161501553E-2));
#6405=CARTESIAN_POINT('',(2.258307980951E-2,-4.961944940881E-3,
-1.381161501553E-2));
#6406=CARTESIAN_POINT('',(2.158783603231E-2,-4.961944940881E-3,
-1.381161501553E-2));
#6407=CARTESIAN_POINT('',(2.398302226724E-2,-9.762496976213E-3,
-1.107338445192E-2));
#6408=CARTESIAN_POINT('',(2.298777849005E-2,-9.762496976213E-3,
-1.107338445192E-2));
#6409=CARTESIAN_POINT('',(2.199253471285E-2,-9.762496976213E-3,
-1.107338445192E-2));
#6410=CARTESIAN_POINT('',(2.099729093565E-2,-9.762496976213E-3,
-1.107338445192E-2));
#6411=CARTESIAN_POINT('',(2.334325848771E-2,-1.335736066906E-2,
-6.285497013108E-3));
#6412=CARTESIAN_POINT('',(2.234801471052E-2,-1.335736066906E-2,
-6.285497013108E-3));
#6413=CARTESIAN_POINT('',(2.135277093332E-2,-1.335736066906E-2,
-6.285497013108E-3));
#6414=CARTESIAN_POINT('',(2.035752715612E-2,-1.335736066906E-2,
-6.285497013108E-3));
#6415=CARTESIAN_POINT('',(2.270349470818E-2,-1.475504803613E-2,
-4.636957302637E-4));
#6416=CARTESIAN_POINT('',(2.170825093099E-2,-1.475504803613E-2,
-4.636957302637E-4));
#6417=CARTESIAN_POINT('',(2.071300715379E-2,-1.475504803613E-2,
-4.636957302637E-4));
#6418=CARTESIAN_POINT('',(1.971776337659E-2,-1.475504803613E-2,
-4.636957302637E-4));
#6419=CARTESIAN_POINT('',(2.206373092865E-2,-1.372567027558E-2,
5.434377137849E-3));
#6420=CARTESIAN_POINT('',(2.106848715146E-2,-1.372567027558E-2,
5.434377137849E-3));
#6421=CARTESIAN_POINT('',(2.007324337426E-2,-1.372567027558E-2,
5.434377137849E-3));
#6422=CARTESIAN_POINT('',(1.907799959706E-2,-1.372567027558E-2,
5.434377137849E-3));
#6423=CARTESIAN_POINT('',(2.142396714912E-2,-1.043854572578E-2,
1.043854579755E-2));
#6424=CARTESIAN_POINT('',(2.042872337193E-2,-1.043854572578E-2,
1.043854579755E-2));
#6425=CARTESIAN_POINT('',(1.943347959473E-2,-1.043854572578E-2,
1.043854579755E-2));
#6426=CARTESIAN_POINT('',(1.843823581753E-2,-1.043854572578E-2,
1.043854579755E-2));
#6427=CARTESIAN_POINT('',(2.078420336959E-2,-5.434377245592E-3,
1.372567009558E-2));
#6428=CARTESIAN_POINT('',(1.978895959240E-2,-5.434377245592E-3,
1.372567009558E-2));
#6429=CARTESIAN_POINT('',(1.879371581520E-2,-5.434377245592E-3,
1.372567009558E-2));
#6430=CARTESIAN_POINT('',(1.779847203800E-2,-5.434377245592E-3,
1.372567009558E-2));
#6431=CARTESIAN_POINT('',(2.014443959006E-2,4.636960885950E-4,
1.475504868400E-2));
#6432=CARTESIAN_POINT('',(1.914919581287E-2,4.636960885950E-4,
1.475504868400E-2));
#6433=CARTESIAN_POINT('',(1.815395203567E-2,4.636960885950E-4,
1.475504868400E-2));
#6434=CARTESIAN_POINT('',(1.715870825847E-2,4.636960885950E-4,
1.475504868400E-2));
#6435=CARTESIAN_POINT('',(1.950467581054E-2,6.285495686600E-3,
1.335735825761E-2));
#6436=CARTESIAN_POINT('',(1.850943203334E-2,6.285495686600E-3,
1.335735825761E-2));
#6437=CARTESIAN_POINT('',(1.751418825614E-2,6.285495686600E-3,
1.335735825761E-2));
#6438=CARTESIAN_POINT('',(1.651894447894E-2,6.285495686600E-3,
1.335735825761E-2));
#6439=CARTESIAN_POINT('',(1.886491203101E-2,1.107338939880E-2,
9.762505974548E-3));
#6440=CARTESIAN_POINT('',(1.786966825381E-2,1.107338939880E-2,
9.762505974548E-3));
#6441=CARTESIAN_POINT('',(1.687442447661E-2,1.107338939880E-2,
9.762505974548E-3));
#6442=CARTESIAN_POINT('',(1.587918069941E-2,1.107338939880E-2,
9.762505974548E-3));
#6443=CARTESIAN_POINT('',(1.822514825148E-2,1.403981299751E-2,
4.561811774444E-3));
#6444=CARTESIAN_POINT('',(1.722990447428E-2,1.403981299751E-2,
4.561811774444E-3));
#6445=CARTESIAN_POINT('',(1.623466069708E-2,1.403981299751E-2,
4.561811774444E-3));
#6446=CARTESIAN_POINT('',(1.523941691988E-2,1.403981299751E-2,
4.561811774444E-3));
#6447=CARTESIAN_POINT('',(1.758538447195E-2,1.469681724599E-2,
-1.389258259349E-3));
#6448=CARTESIAN_POINT('',(1.659014069475E-2,1.469681724599E-2,
-1.389258259349E-3));
#6449=CARTESIAN_POINT('',(1.559489691755E-2,1.469681724599E-2,
-1.389258259349E-3));
#6450=CARTESIAN_POINT('',(1.459965314035E-2,1.469681724599E-2,
-1.389258259349E-3));
#6451=CARTESIAN_POINT('',(1.694562069242E-2,1.293633102307E-2,
-7.111808162074E-3));
#6452=CARTESIAN_POINT('',(1.595037691522E-2,1.293633102307E-2,
-7.111808162074E-3));
#6453=CARTESIAN_POINT('',(1.495513313802E-2,1.293633102307E-2,
-7.111808162074E-3));
#6454=CARTESIAN_POINT('',(1.395988936082E-2,1.293633102307E-2,
-7.111808162074E-3));
#6455=CARTESIAN_POINT('',(1.630585691289E-2,9.047938025649E-3,
-1.166453141608E-2));
#6456=CARTESIAN_POINT('',(1.531061313569E-2,9.047938025649E-3,
-1.166453141608E-2));
#6457=CARTESIAN_POINT('',(1.431536935849E-2,9.047938025649E-3,
-1.166453141608E-2));
#6458=CARTESIAN_POINT('',(1.332012558129E-2,9.047938025649E-3,
-1.166453141608E-2));
#6459=CARTESIAN_POINT('',(1.566609313336E-2,3.671242928807E-3,
-1.429854716502E-2));
#6460=CARTESIAN_POINT('',(1.467084935616E-2,3.671242928807E-3,
-1.429854716502E-2));
#6461=CARTESIAN_POINT('',(1.367560557896E-2,3.671242928807E-3,
-1.429854716502E-2));
#6462=CARTESIAN_POINT('',(1.268036180176E-2,3.671242928807E-3,
-1.429854716502E-2));
#6463=CARTESIAN_POINT('',(1.502632935383E-2,-2.309337665803E-3,
-1.458058418645E-2));
#6464=CARTESIAN_POINT('',(1.403108557663E-2,-2.309337665803E-3,
-1.458058418645E-2));
#6465=CARTESIAN_POINT('',(1.303584179943E-2,-2.309337665803E-3,
-1.458058418645E-2));
#6466=CARTESIAN_POINT('',(1.204059802223E-2,-2.309337665803E-3,
-1.458058418645E-2));
#6467=CARTESIAN_POINT('',(1.438656557430E-2,-7.910053578922E-3,
-1.246424999955E-2));
#6468=CARTESIAN_POINT('',(1.339132179710E-2,-7.910053578922E-3,
-1.246424999955E-2));
#6469=CARTESIAN_POINT('',(1.239607801990E-2,-7.910053578922E-3,
-1.246424999955E-2));
#6470=CARTESIAN_POINT('',(1.140083424271E-2,-7.910053578922E-3,
-1.246424999955E-2));
#6471=CARTESIAN_POINT('',(1.374680179477E-2,-1.220963885713E-2,
-8.297661999098E-3));
#6472=CARTESIAN_POINT('',(1.275155801757E-2,-1.220963885713E-2,
-8.297661999098E-3));
#6473=CARTESIAN_POINT('',(1.175631424038E-2,-1.220963885713E-2,
-8.297661999098E-3));
#6474=CARTESIAN_POINT('',(1.076107046318E-2,-1.220963885713E-2,
-8.297661999098E-3));
#6475=CARTESIAN_POINT('',(1.310703801524E-2,-1.450085149920E-2,
-2.766185364518E-3));
#6476=CARTESIAN_POINT('',(1.211179423805E-2,-1.450085149920E-2,
-2.766185364518E-3));
#6477=CARTESIAN_POINT('',(1.111655046085E-2,-1.450085149920E-2,
-2.766185364518E-3));
#6478=CARTESIAN_POINT('',(1.012130668365E-2,-1.450085149920E-2,
-2.766185364518E-3));
#6479=CARTESIAN_POINT('',(1.246727423572E-2,-1.440680822237E-2,
3.220303171526E-3));
#6480=CARTESIAN_POINT('',(1.147203045852E-2,-1.440680822237E-2,
3.220303171526E-3));
#6481=CARTESIAN_POINT('',(1.047678668132E-2,-1.440680822237E-2,
3.220303171526E-3));
#6482=CARTESIAN_POINT('',(9.481542904119E-3,-1.440680822237E-2,
3.220303171526E-3));
#6483=CARTESIAN_POINT('',(1.182751045619E-2,-1.194297827565E-2,
8.677081628065E-3));
#6484=CARTESIAN_POINT('',(1.083226667899E-2,-1.194297827565E-2,
8.677081628065E-3));
#6485=CARTESIAN_POINT('',(9.837022901790E-3,-1.194297827565E-2,
8.677081628065E-3));
#6486=CARTESIAN_POINT('',(8.841779124591E-3,-1.194297827565E-2,
8.677081628065E-3));
#6487=CARTESIAN_POINT('',(1.118774667666E-2,-7.514638891472E-3,
1.270656043166E-2));
#6488=CARTESIAN_POINT('',(1.019250289946E-2,-7.514638891472E-3,
1.270656043166E-2));
#6489=CARTESIAN_POINT('',(9.197259122261E-3,-7.514638891472E-3,
1.270656043166E-2));
#6490=CARTESIAN_POINT('',(8.202015345062E-3,-7.514638891472E-3,
1.270656043166E-2));
#6491=CARTESIAN_POINT('',(1.054798289713E-2,-1.850210930337E-3,
1.464592759732E-2));
#6492=CARTESIAN_POINT('',(9.552739119931E-3,-1.850210930337E-3,
1.464592759732E-2));
#6493=CARTESIAN_POINT('',(8.557495342733E-3,-1.850210930337E-3,
1.464592759732E-2));
#6494=CARTESIAN_POINT('',(7.562251565534E-3,-1.850210930337E-3,
1.464592759732E-2));
#6495=CARTESIAN_POINT('',(9.908219117602E-3,4.118559611857E-3,
1.417617516809E-2));
#6496=CARTESIAN_POINT('',(8.912975340403E-3,4.118559611857E-3,
1.417617516809E-2));
#6497=CARTESIAN_POINT('',(7.917731563204E-3,4.118559611857E-3,
1.417617516809E-2));
#6498=CARTESIAN_POINT('',(6.922487786006E-3,4.118559611857E-3,
1.417617516809E-2));
#6499=CARTESIAN_POINT('',(9.268455338074E-3,9.409865200211E-3,
1.137457307272E-2));
#6500=CARTESIAN_POINT('',(8.273211560875E-3,9.409865200211E-3,
1.137457307272E-2));
#6501=CARTESIAN_POINT('',(7.277967783676E-3,9.409865200211E-3,
1.137457307272E-2));
#6502=CARTESIAN_POINT('',(6.282724006478E-3,9.409865200211E-3,
1.137457307272E-2));
#6503=CARTESIAN_POINT('',(8.628691558546E-3,1.315333501726E-2,
6.701958937248E-3));
#6504=CARTESIAN_POINT('',(7.633447781347E-3,1.315333501726E-2,
6.701958937248E-3));
#6505=CARTESIAN_POINT('',(6.638204004148E-3,1.315333501726E-2,
6.701958937248E-3));
#6506=CARTESIAN_POINT('',(5.642960226950E-3,1.315333501726E-2,
6.701958937248E-3));
#6507=CARTESIAN_POINT('',(7.988927779018E-3,1.473320291031E-2,
9.269345588875E-4));
#6508=CARTESIAN_POINT('',(6.993684001819E-3,1.473320291031E-2,
9.269345588875E-4));
#6509=CARTESIAN_POINT('',(5.998440224620E-3,1.473320291031E-2,
9.269345588875E-4));
#6510=CARTESIAN_POINT('',(5.003196447422E-3,1.473320291031E-2,
9.269345588875E-4));
#6511=CARTESIAN_POINT('',(7.349163999490E-3,1.388959522689E-2,
-5.000561978998E-3));
#6512=CARTESIAN_POINT('',(6.353920222291E-3,1.388959522689E-2,
-5.000561978998E-3));
#6513=CARTESIAN_POINT('',(5.358676445092E-3,1.388959522689E-2,
-5.000561978998E-3));
#6514=CARTESIAN_POINT('',(4.363432667894E-3,1.388959522689E-2,
-5.000561978998E-3));
#6515=CARTESIAN_POINT('',(6.709400219962E-3,1.076127762641E-2,
-1.010551233338E-2));
#6516=CARTESIAN_POINT('',(5.714156442763E-3,1.076127762641E-2,
-1.010551233338E-2));
#6517=CARTESIAN_POINT('',(4.718912665565E-3,1.076127762641E-2,
-1.010551233338E-2));
#6518=CARTESIAN_POINT('',(3.723668888366E-3,1.076127762641E-2,
-1.010551233338E-2));
#6519=CARTESIAN_POINT('',(6.069636440434E-3,5.862829412925E-3,
-1.354819939873E-2));
#6520=CARTESIAN_POINT('',(5.074392663235E-3,5.862829412925E-3,
-1.354819939873E-2));
#6521=CARTESIAN_POINT('',(4.079148886037E-3,5.862829412925E-3,
-1.354819939873E-2));
#6522=CARTESIAN_POINT('',(3.083905108838E-3,5.862829412925E-3,
-1.354819939873E-2));
#6523=CARTESIAN_POINT('',(5.429872660907E-3,2.028260372156E-13,
-1.476233300237E-2));
#6524=CARTESIAN_POINT('',(4.434628883708E-3,2.028260372156E-13,
-1.476233300237E-2));
#6525=CARTESIAN_POINT('',(3.439385106509E-3,2.028264708964E-13,
-1.476233300237E-2));
#6526=CARTESIAN_POINT('',(2.444141329311E-3,2.028262540560E-13,
-1.476233300237E-2));
#6527=CARTESIAN_POINT('',(4.790108881379E-3,-5.862829412554E-3,
-1.354819939889E-2));
#6528=CARTESIAN_POINT('',(3.794865104180E-3,-5.862829412554E-3,
-1.354819939889E-2));
#6529=CARTESIAN_POINT('',(2.799621326982E-3,-5.862829412554E-3,
-1.354819939889E-2));
#6530=CARTESIAN_POINT('',(1.804377549783E-3,-5.862829412554E-3,
-1.354819939889E-2));
#6531=CARTESIAN_POINT('',(4.150345101852E-3,-1.076127762614E-2,
-1.010551233367E-2));
#6532=CARTESIAN_POINT('',(3.155101324653E-3,-1.076127762614E-2,
-1.010551233367E-2));
#6533=CARTESIAN_POINT('',(2.159857547454E-3,-1.076127762614E-2,
-1.010551233367E-2));
#6534=CARTESIAN_POINT('',(1.164613770256E-3,-1.076127762614E-2,
-1.010551233367E-2));
#6535=CARTESIAN_POINT('',(3.510581322324E-3,-1.388959522676E-2,
-5.000561979376E-3));
#6536=CARTESIAN_POINT('',(2.515337545126E-3,-1.388959522676E-2,
-5.000561979376E-3));
#6537=CARTESIAN_POINT('',(1.520093767927E-3,-1.388959522676E-2,
-5.000561979376E-3));
#6538=CARTESIAN_POINT('',(5.248499907283E-4,-1.388959522676E-2,
-5.000561979376E-3));
#6539=CARTESIAN_POINT('',(2.870817542797E-3,-1.473320291033E-2,
9.269345584893E-4));
#6540=CARTESIAN_POINT('',(1.875573765598E-3,-1.473320291033E-2,
9.269345584893E-4));
#6541=CARTESIAN_POINT('',(8.803299883997E-4,-1.473320291033E-2,
9.269345584893E-4));
#6542=CARTESIAN_POINT('',(-1.149137887990E-4,-1.473320291033E-2,
9.269345584893E-4));
#6543=CARTESIAN_POINT('',(2.231053763270E-3,-1.315333501744E-2,
6.701958936896E-3));
#6544=CARTESIAN_POINT('',(1.235809986071E-3,-1.315333501744E-2,
6.701958936896E-3));
#6545=CARTESIAN_POINT('',(2.405662088725E-4,-1.315333501744E-2,
6.701958936896E-3));
#6546=CARTESIAN_POINT('',(-7.546775683261E-4,-1.315333501744E-2,
6.701958936896E-3));
#6547=CARTESIAN_POINT('',(1.591289983743E-3,-9.409865200513E-3,
1.137457307247E-2));
#6548=CARTESIAN_POINT('',(5.960462065441E-4,-9.409865200513E-3,
1.137457307247E-2));
#6549=CARTESIAN_POINT('',(-3.991975706546E-4,-9.409865200513E-3,
1.137457307247E-2));
#6550=CARTESIAN_POINT('',(-1.394441347853E-3,-9.409865200513E-3,
1.137457307247E-2));
#6551=CARTESIAN_POINT('',(9.515262042158E-4,-4.118559612227E-3,
1.417617516798E-2));
#6552=CARTESIAN_POINT('',(-4.371757298283E-5,-4.118559612227E-3,
1.417617516798E-2));
#6553=CARTESIAN_POINT('',(-1.038961350181E-3,-4.118559612227E-3,
1.417617516798E-2));
#6554=CARTESIAN_POINT('',(-2.034205127380E-3,-4.118559612227E-3,
1.417617516798E-2));
#6555=CARTESIAN_POINT('',(3.117624246889E-4,1.850210929961E-3,
1.464592759737E-2));
#6556=CARTESIAN_POINT('',(-6.834813525097E-4,1.850210929961E-3,
1.464592759737E-2));
#6557=CARTESIAN_POINT('',(-1.678725129708E-3,1.850210929961E-3,
1.464592759737E-2));
#6558=CARTESIAN_POINT('',(-2.673968906907E-3,1.850210929961E-3,
1.464592759737E-2));
#6559=CARTESIAN_POINT('',(-3.280013548378E-4,7.514638891152E-3,
1.270656043185E-2));
#6560=CARTESIAN_POINT('',(-1.323245132036E-3,7.514638891152E-3,
1.270656043185E-2));
#6561=CARTESIAN_POINT('',(-2.318488909235E-3,7.514638891152E-3,
1.270656043185E-2));
#6562=CARTESIAN_POINT('',(-3.313732686434E-3,7.514638891152E-3,
1.270656043185E-2));
#6563=CARTESIAN_POINT('',(-9.677651343645E-4,1.194297827544E-2,
8.677081628360E-3));
#6564=CARTESIAN_POINT('',(-1.963008911563E-3,1.194297827544E-2,
8.677081628360E-3));
#6565=CARTESIAN_POINT('',(-2.958252688762E-3,1.194297827544E-2,
8.677081628360E-3));
#6566=CARTESIAN_POINT('',(-3.953496465961E-3,1.194297827544E-2,
8.677081628360E-3));
#6567=CARTESIAN_POINT('',(-1.607528913891E-3,1.440680822230E-2,
3.220303171873E-3));
#6568=CARTESIAN_POINT('',(-2.602772691090E-3,1.440680822230E-2,
3.220303171873E-3));
#6569=CARTESIAN_POINT('',(-3.598016468288E-3,1.440680822230E-2,
3.220303171873E-3));
#6570=CARTESIAN_POINT('',(-4.593260245487E-3,1.440680822230E-2,
3.220303171873E-3));
#6571=CARTESIAN_POINT('',(-2.247292693418E-3,1.450085149927E-2,
-2.766185364179E-3));
#6572=CARTESIAN_POINT('',(-3.242536470616E-3,1.450085149927E-2,
-2.766185364179E-3));
#6573=CARTESIAN_POINT('',(-4.237780247815E-3,1.450085149927E-2,
-2.766185364179E-3));
#6574=CARTESIAN_POINT('',(-5.233024025014E-3,1.450085149927E-2,
-2.766185364179E-3));
#6575=CARTESIAN_POINT('',(-2.887056472944E-3,1.220963885732E-2,
-8.297661998821E-3));
#6576=CARTESIAN_POINT('',(-3.882300250143E-3,1.220963885732E-2,
-8.297661998821E-3));
#6577=CARTESIAN_POINT('',(-4.877544027341E-3,1.220963885732E-2,
-8.297661998821E-3));
#6578=CARTESIAN_POINT('',(-5.872787804540E-3,1.220963885732E-2,
-8.297661998821E-3));
#6579=CARTESIAN_POINT('',(-3.526820252470E-3,7.910053579197E-3,
-1.246424999938E-2));
#6580=CARTESIAN_POINT('',(-4.522064029669E-3,7.910053579197E-3,
-1.246424999938E-2));
#6581=CARTESIAN_POINT('',(-5.517307806868E-3,7.910053579197E-3,
-1.246424999938E-2));
#6582=CARTESIAN_POINT('',(-6.512551584066E-3,7.910053579197E-3,
-1.246424999938E-2));
#6583=CARTESIAN_POINT('',(-4.166584031997E-3,2.309337666111E-3,
-1.458058418640E-2));
#6584=CARTESIAN_POINT('',(-5.161827809195E-3,2.309337666111E-3,
-1.458058418640E-2));
#6585=CARTESIAN_POINT('',(-6.157071586394E-3,2.309337666111E-3,
-1.458058418640E-2));
#6586=CARTESIAN_POINT('',(-7.152315363593E-3,2.309337666111E-3,
-1.458058418640E-2));
#6587=CARTESIAN_POINT('',(-4.806347811523E-3,-3.671242928517E-3,
-1.429854716510E-2));
#6588=CARTESIAN_POINT('',(-5.801591588721E-3,-3.671242928517E-3,
-1.429854716510E-2));
#6589=CARTESIAN_POINT('',(-6.796835365920E-3,-3.671242928517E-3,
-1.429854716510E-2));
#6590=CARTESIAN_POINT('',(-7.792079143119E-3,-3.671242928517E-3,
-1.429854716510E-2));
#6591=CARTESIAN_POINT('',(-5.446111591049E-3,-9.047938025425E-3,
-1.166453141626E-2));
#6592=CARTESIAN_POINT('',(-6.441355368247E-3,-9.047938025425E-3,
-1.166453141626E-2));
#6593=CARTESIAN_POINT('',(-7.436599145446E-3,-9.047938025425E-3,
-1.166453141626E-2));
#6594=CARTESIAN_POINT('',(-8.431842922645E-3,-9.047938025425E-3,
-1.166453141626E-2));
#6595=CARTESIAN_POINT('',(-6.085875370575E-3,-1.293633102294E-2,
-7.111808162313E-3));
#6596=CARTESIAN_POINT('',(-7.081119147773E-3,-1.293633102294E-2,
-7.111808162313E-3));
#6597=CARTESIAN_POINT('',(-8.076362924972E-3,-1.293633102294E-2,
-7.111808162313E-3));
#6598=CARTESIAN_POINT('',(-9.071606702171E-3,-1.293633102294E-2,
-7.111808162313E-3));
#6599=CARTESIAN_POINT('',(-6.725639150100E-3,-1.469681724597E-2,
-1.389258259603E-3));
#6600=CARTESIAN_POINT('',(-7.720882927299E-3,-1.469681724597E-2,
-1.389258259603E-3));
#6601=CARTESIAN_POINT('',(-8.716126704498E-3,-1.469681724597E-2,
-1.389258259603E-3));
#6602=CARTESIAN_POINT('',(-9.711370481696E-3,-1.469681724597E-2,
-1.389258259603E-3));
#6603=CARTESIAN_POINT('',(-7.365402929626E-3,-1.403981299759E-2,
4.561811774217E-3));
#6604=CARTESIAN_POINT('',(-8.360646706825E-3,-1.403981299759E-2,
4.561811774217E-3));
#6605=CARTESIAN_POINT('',(-9.355890484023E-3,-1.403981299759E-2,
4.561811774217E-3));
#6606=CARTESIAN_POINT('',(-1.035113426122E-2,-1.403981299759E-2,
4.561811774217E-3));
#6607=CARTESIAN_POINT('',(-8.005166709152E-3,-1.107338939895E-2,
9.762505974382E-3));
#6608=CARTESIAN_POINT('',(-9.000410486350E-3,-1.107338939895E-2,
9.762505974382E-3));
#6609=CARTESIAN_POINT('',(-9.995654263549E-3,-1.107338939895E-2,
9.762505974382E-3));
#6610=CARTESIAN_POINT('',(-1.099089804075E-2,-1.107338939895E-2,
9.762505974382E-3));
#6611=CARTESIAN_POINT('',(-8.644930488677E-3,-6.285495686786E-3,
1.335735825753E-2));
#6612=CARTESIAN_POINT('',(-9.640174265876E-3,-6.285495686786E-3,
1.335735825753E-2));
#6613=CARTESIAN_POINT('',(-1.063541804307E-2,-6.285495686786E-3,
1.335735825753E-2));
#6614=CARTESIAN_POINT('',(-1.163066182027E-2,-6.285495686786E-3,
1.335735825753E-2));
#6615=CARTESIAN_POINT('',(-9.284694268203E-3,-4.636960887809E-4,
1.475504868400E-2));
#6616=CARTESIAN_POINT('',(-1.027993804540E-2,-4.636960887809E-4,
1.475504868400E-2));
#6617=CARTESIAN_POINT('',(-1.127518182260E-2,-4.636960887809E-4,
1.475504868400E-2));
#6618=CARTESIAN_POINT('',(-1.227042559980E-2,-4.636960887809E-4,
1.475504868400E-2));
#6619=CARTESIAN_POINT('',(-9.924458047728E-3,5.434377245439E-3,
1.372567009565E-2));
#6620=CARTESIAN_POINT('',(-1.091970182493E-2,5.434377245439E-3,
1.372567009565E-2));
#6621=CARTESIAN_POINT('',(-1.191494560213E-2,5.434377245439E-3,
1.372567009565E-2));
#6622=CARTESIAN_POINT('',(-1.291018937932E-2,5.434377245439E-3,
1.372567009565E-2));
#6623=CARTESIAN_POINT('',(-1.056422182725E-2,1.043854572568E-2,
1.043854579765E-2));
#6624=CARTESIAN_POINT('',(-1.155946560445E-2,1.043854572568E-2,
1.043854579765E-2));
#6625=CARTESIAN_POINT('',(-1.255470938165E-2,1.043854572568E-2,
1.043854579765E-2));
#6626=CARTESIAN_POINT('',(-1.354995315885E-2,1.043854572568E-2,
1.043854579765E-2));
#6627=CARTESIAN_POINT('',(-1.120398560678E-2,1.372567027554E-2,
5.434377137966E-3));
#6628=CARTESIAN_POINT('',(-1.219922938398E-2,1.372567027554E-2,
5.434377137966E-3));
#6629=CARTESIAN_POINT('',(-1.319447316118E-2,1.372567027554E-2,
5.434377137966E-3));
#6630=CARTESIAN_POINT('',(-1.418971693837E-2,1.372567027554E-2,
5.434377137966E-3));
#6631=CARTESIAN_POINT('',(-1.184374938630E-2,1.475504803614E-2,
-4.636957301612E-4));
#6632=CARTESIAN_POINT('',(-1.283899316350E-2,1.475504803614E-2,
-4.636957301612E-4));
#6633=CARTESIAN_POINT('',(-1.383423694070E-2,1.475504803614E-2,
-4.636957301612E-4));
#6634=CARTESIAN_POINT('',(-1.482948071790E-2,1.475504803614E-2,
-4.636957301612E-4));
#6635=CARTESIAN_POINT('',(-1.248351316583E-2,1.335736066910E-2,
-6.285497013037E-3));
#6636=CARTESIAN_POINT('',(-1.347875694303E-2,1.335736066910E-2,
-6.285497013037E-3));
#6637=CARTESIAN_POINT('',(-1.447400072023E-2,1.335736066910E-2,
-6.285497013037E-3));
#6638=CARTESIAN_POINT('',(-1.546924449742E-2,1.335736066910E-2,
-6.285497013037E-3));
#6639=CARTESIAN_POINT('',(-1.312327694535E-2,9.762496976257E-3,
-1.107338445189E-2));
#6640=CARTESIAN_POINT('',(-1.411852072255E-2,9.762496976257E-3,
-1.107338445189E-2));
#6641=CARTESIAN_POINT('',(-1.511376449975E-2,9.762496976257E-3,
-1.107338445189E-2));
#6642=CARTESIAN_POINT('',(-1.610900827695E-2,9.762496976257E-3,
-1.107338445189E-2));
#6643=CARTESIAN_POINT('',(-1.371382204201E-2,4.961944940910E-3,
-1.381161501553E-2));
#6644=CARTESIAN_POINT('',(-1.470906581921E-2,4.961944940910E-3,
-1.381161501553E-2));
#6645=CARTESIAN_POINT('',(-1.570430959641E-2,4.961944940910E-3,
-1.381161501553E-2));
#6646=CARTESIAN_POINT('',(-1.669955337361E-2,4.961944940910E-3,
-1.381161501553E-2));
#6647=CARTESIAN_POINT('',(-1.419102409050E-2,5.875094026560E-4,
-1.450040773615E-2));
#6648=CARTESIAN_POINT('',(-1.518626786770E-2,5.875094026560E-4,
-1.450040773615E-2));
#6649=CARTESIAN_POINT('',(-1.618151164490E-2,5.875094026560E-4,
-1.450040773615E-2));
#6650=CARTESIAN_POINT('',(-1.717675542210E-2,5.875094026560E-4,
-1.450040773615E-2));
#6651=CARTESIAN_POINT('',(-1.445497154582E-2,-1.831257192958E-3,
-1.427059549620E-2));
#6652=CARTESIAN_POINT('',(-1.545021532302E-2,-1.831257192958E-3,
-1.427059549620E-2));
#6653=CARTESIAN_POINT('',(-1.644545910022E-2,-1.831257192958E-3,
-1.427059549620E-2));
#6654=CARTESIAN_POINT('',(-1.744070287742E-2,-1.831257192958E-3,
-1.427059549620E-2));
#6655=CARTESIAN_POINT('',(-1.455488309083E-2,-2.729919917614E-3,
-1.409424509297E-2));
#6656=CARTESIAN_POINT('',(-1.555012686803E-2,-2.729919917614E-3,
-1.409424509297E-2));
#6657=CARTESIAN_POINT('',(-1.654537064523E-2,-2.729919917614E-3,
-1.409424509297E-2));
#6658=CARTESIAN_POINT('',(-1.754061442243E-2,-2.729919917614E-3,
-1.409424509297E-2));
#6659=B_SPLINE_SURFACE_WITH_KNOTS('',3,3,((#6391,#6392,#6393,#6394),(#6395,
#6396,#6397,#6398),(#6399,#6400,#6401,#6402),(#6403,#6404,#6405,#6406),(#6407,
#6408,#6409,#6410),(#6411,#6412,#6413,#6414),(#6415,#6416,#6417,#6418),(#6419,
#6420,#6421,#6422),(#6423,#6424,#6425,#6426),(#6427,#6428,#6429,#6430),(#6431,
#6432,#6433,#6434),(#6435,#6436,#6437,#6438),(#6439,#6440,#6441,#6442),(#6443,
#6444,#6445,#6446),(#6447,#6448,#6449,#6450),(#6451,#6452,#6453,#6454),(#6455,
#6456,#6457,#6458),(#6459,#6460,#6461,#6462),(#6463,#6464,#6465,#6466),(#6467,
#6468,#6469,#6470),(#6471,#6472,#6473,#6474),(#6475,#6476,#6477,#6478),(#6479,
#6480,#6481,#6482),(#6483,#6484,#6485,#6486),(#6487,#6488,#6489,#6490),(#6491,
#6492,#6493,#6494),(#6495,#6496,#6497,#6498),(#6499,#6500,#6501,#6502),(#6503,
#6504,#6505,#6506),(#6507,#6508,#6509,#6510),(#6511,#6512,#6513,#6514),(#6515,
#6516,#6517,#6518),(#6519,#6520,#6521,#6522),(#6523,#6524,#6525,#6526),(#6527,
#6528,#6529,#6530),(#6531,#6532,#6533,#6534),(#6535,#6536,#6537,#6538),(#6539,
#6540,#6541,#6542),(#6543,#6544,#6545,#6546),(#6547,#6548,#6549,#6550),(#6551,
#6552,#6553,#6554),(#6555,#6556,#6557,#6558),(#6559,#6560,#6561,#6562),(#6563,
#6564,#6565,#6566),(#6567,#6568,#6569,#6570),(#6571,#6572,#6573,#6574),(#6575,
#6576,#6577,#6578),(#6579,#6580,#6581,#6582),(#6583,#6584,#6585,#6586),(#6587,
#6588,#6589,#6590),(#6591,#6592,#6593,#6594),(#6595,#6596,#6597,#6598),(#6599,
#6600,#6601,#6602),(#6603,#6604,#6605,#6606),(#6607,#6608,#6609,#6610),(#6611,
#6612,#6613,#6614),(#6615,#6616,#6617,#6618),(#6619,#6620,#6621,#6622),(#6623,
#6624,#6625,#6626),(#6627,#6628,#6629,#6630),(#6631,#6632,#6633,#6634),(#6635,
#6636,#6637,#6638),(#6639,#6640,#6641,#6642),(#6643,#6644,#6645,#6646),(#6647,
#6648,#6649,#6650),(#6651,#6652,#6653,#6654),(#6655,#6656,#6657,#6658)),
.UNSPECIFIED.,.F.,.F.,.F.,(4,1,1,1,1,1,1,1,1,1,1,1,1,1,1,1,1,1,1,1,1,1,1,1,1,1,
1,1,1,1,1,1,1,1,1,1,1,1,1,1,1,1,1,1,1,1,1,1,1,1,1,1,1,1,1,1,1,1,1,1,1,1,1,1,4),(
4,4),(-7.613266789482E-3,0.E0,1.249954795583E-2,2.874956302396E-2,
4.499957809210E-2,6.124959316024E-2,7.749960822838E-2,9.374962329652E-2,
1.099996383647E-1,1.262496534328E-1,1.424996685009E-1,1.587496835691E-1,
1.749996986372E-1,1.912497137054E-1,2.074997287735E-1,2.237497438416E-1,
2.399997589098E-1,2.562497739779E-1,2.724997890460E-1,2.887498041142E-1,
3.049998191823E-1,3.212498342505E-1,3.374998493186E-1,3.537498643867E-1,
3.699998794549E-1,3.862498945230E-1,4.024999095912E-1,4.187499246593E-1,
4.349999397274E-1,4.512499547956E-1,4.674999698637E-1,4.837499849318E-1,5.E-1,
5.162500150681E-1,5.325000301363E-1,5.487500452044E-1,5.650000602725E-1,
5.812500753407E-1,5.975000904088E-1,6.137501054770E-1,6.300001205451E-1,
6.462501356132E-1,6.625001506814E-1,6.787501657495E-1,6.950001808176E-1,
7.112501958858E-1,7.275002109539E-1,7.437502260221E-1,7.600002410902E-1,
7.762502561583E-1,7.925002712265E-1,8.087502862946E-1,8.250003013628E-1,
8.412503164309E-1,8.575003314990E-1,8.737503465672E-1,8.900003616353E-1,
9.062503767034E-1,9.225003917716E-1,9.387504068397E-1,9.550004219079E-1,
9.712504369760E-1,9.875004520441E-1,1.E0,1.007613266789E0),(-8.336562443262E-2,
1.083366311299E0),.UNSPECIFIED.);
#6660=ORIENTED_EDGE('',*,*,#5564,.T.);
#6661=ORIENTED_EDGE('',*,*,#4835,.T.);
#6663=ORIENTED_EDGE('',*,*,#6662,.F.);
#6664=ORIENTED_EDGE('',*,*,#6374,.F.);
#6665=EDGE_LOOP('',(#6660,#6661,#6663,#6664));
#6666=FACE_OUTER_BOUND('',#6665,.F.);
#6668=FILL_AREA_STYLE_COLOUR('',#50);
#6669=FILL_AREA_STYLE('',(#6668));
#6670=SURFACE_STYLE_FILL_AREA(#6669);
#6671=SURFACE_SIDE_STYLE('',(#6670));
#6672=SURFACE_STYLE_USAGE(.BOTH.,#6671);
#6673=PRESENTATION_STYLE_ASSIGNMENT((#6672));
#6674=OVER_RIDING_STYLED_ITEM('',(#6673),#6667,#119);
#6675=CARTESIAN_POINT('',(2.277804806486E-2,2.292323279512E-3,
-1.394284730444E-2));
#6676=CARTESIAN_POINT('',(2.166522767970E-2,2.605002673341E-3,
-1.584469120333E-2));
#6677=CARTESIAN_POINT('',(2.055240729455E-2,2.917682067171E-3,
-1.774653510222E-2));
#6678=CARTESIAN_POINT('',(1.943958690939E-2,3.230361461001E-3,
-1.964837900110E-2));
#6679=CARTESIAN_POINT('',(2.269295077256E-2,1.535114870807E-3,
-1.406849713902E-2));
#6680=CARTESIAN_POINT('',(2.158013038741E-2,1.744508891080E-3,
-1.598748003155E-2));
#6681=CARTESIAN_POINT('',(2.046731000225E-2,1.953902911353E-3,
-1.790646292407E-2));
#6682=CARTESIAN_POINT('',(1.935448961710E-2,2.163296931627E-3,
-1.982544581660E-2));
#6683=CARTESIAN_POINT('',(2.244381656730E-2,-7.118568532539E-4,
-1.425014138900E-2));
#6684=CARTESIAN_POINT('',(2.133099618214E-2,-8.089561460799E-4,
-1.619390107217E-2));
#6685=CARTESIAN_POINT('',(2.021817579699E-2,-9.060554389058E-4,
-1.813766075533E-2));
#6686=CARTESIAN_POINT('',(1.910535541183E-2,-1.003154731732E-3,
-2.008142043850E-2));
#6687=CARTESIAN_POINT('',(2.198142776886E-2,-4.883498085675E-3,
-1.359328444597E-2));
#6688=CARTESIAN_POINT('',(2.086860738370E-2,-5.549621068784E-3,
-1.544744697999E-2));
#6689=CARTESIAN_POINT('',(1.975578699855E-2,-6.215744051893E-3,
-1.730160951400E-2));
#6690=CARTESIAN_POINT('',(1.864296661339E-2,-6.881867035001E-3,
-1.915577204802E-2));
#6691=CARTESIAN_POINT('',(2.139088166954E-2,-9.608170621738E-3,
-1.089833548050E-2));
#6692=CARTESIAN_POINT('',(2.027806128438E-2,-1.091875233273E-2,
-1.238489933572E-2));
#6693=CARTESIAN_POINT('',(1.916524089923E-2,-1.222933404373E-2,
-1.387146319094E-2));
#6694=CARTESIAN_POINT('',(1.805242051407E-2,-1.353991575473E-2,
-1.535802704616E-2));
#6695=CARTESIAN_POINT('',(2.075111789001E-2,-1.314620641391E-2,
-6.186135359787E-3));
#6696=CARTESIAN_POINT('',(1.963829750485E-2,-1.493938623693E-2,
-7.029941759929E-3));
#6697=CARTESIAN_POINT('',(1.852547711970E-2,-1.673256605995E-2,
-7.873748160072E-3));
#6698=CARTESIAN_POINT('',(1.741265673454E-2,-1.852574588297E-2,
-8.717554560214E-3));
#6699=CARTESIAN_POINT('',(2.011135411048E-2,-1.452179902422E-2,
-4.563655900535E-4));
#6700=CARTESIAN_POINT('',(1.899853372532E-2,-1.650261357895E-2,
-5.186151502871E-4));
#6701=CARTESIAN_POINT('',(1.788571334017E-2,-1.848342813368E-2,
-5.808647105206E-4));
#6702=CARTESIAN_POINT('',(1.677289295501E-2,-2.046424268842E-2,
-6.431142707542E-4));
#6703=CARTESIAN_POINT('',(1.947159033095E-2,-1.350869375190E-2,
5.348470057461E-3));
#6704=CARTESIAN_POINT('',(1.835876994579E-2,-1.535131787544E-2,
6.078016535670E-3));
#6705=CARTESIAN_POINT('',(1.724594956064E-2,-1.719394199897E-2,
6.807563013879E-3));
#6706=CARTESIAN_POINT('',(1.613312917548E-2,-1.903656612251E-2,
7.537109492088E-3));
#6707=CARTESIAN_POINT('',(1.883182655142E-2,-1.027353233711E-2,
1.027353240775E-2));
#6708=CARTESIAN_POINT('',(1.771900616626E-2,-1.167487127232E-2,
1.167487135259E-2));
#6709=CARTESIAN_POINT('',(1.660618578111E-2,-1.307621020753E-2,
1.307621029743E-2));
#6710=CARTESIAN_POINT('',(1.549336539595E-2,-1.447754914273E-2,
1.447754924227E-2));
#6711=CARTESIAN_POINT('',(1.819206277189E-2,-5.348470163501E-3,
1.350869357475E-2));
#6712=CARTESIAN_POINT('',(1.707924238673E-2,-6.078016656174E-3,
1.535131767412E-2));
#6713=CARTESIAN_POINT('',(1.596642200158E-2,-6.807563148846E-3,
1.719394177350E-2));
#6714=CARTESIAN_POINT('',(1.485360161642E-2,-7.537109641519E-3,
1.903656587287E-2));
#6715=CARTESIAN_POINT('',(1.755229899236E-2,4.563659427203E-4,
1.452179966185E-2));
#6716=CARTESIAN_POINT('',(1.643947860720E-2,5.186155510586E-4,
1.650261430355E-2));
#6717=CARTESIAN_POINT('',(1.532665822205E-2,5.808651593969E-4,
1.848342894526E-2));
#6718=CARTESIAN_POINT('',(1.421383783689E-2,6.431147677352E-4,
2.046424358697E-2));
#6719=CARTESIAN_POINT('',(1.691253521283E-2,6.186134054248E-3,
1.314620404058E-2));
#6720=CARTESIAN_POINT('',(1.579971482767E-2,7.029940276311E-3,
1.493938353987E-2));
#6721=CARTESIAN_POINT('',(1.468689444252E-2,7.873746498375E-3,
1.673256303916E-2));
#6722=CARTESIAN_POINT('',(1.357407405736E-2,8.717552720438E-3,
1.852574253845E-2));
#6723=CARTESIAN_POINT('',(1.627277143330E-2,1.089834034918E-2,
9.608179477826E-3));
#6724=CARTESIAN_POINT('',(1.515995104814E-2,1.238490486850E-2,
1.091876239682E-2));
#6725=CARTESIAN_POINT('',(1.404713066299E-2,1.387146938782E-2,
1.222934531581E-2));
#6726=CARTESIAN_POINT('',(1.293431027783E-2,1.535803390714E-2,
1.353992823480E-2));
#6727=CARTESIAN_POINT('',(1.563300765377E-2,1.381787047987E-2,
4.489698279027E-3));
#6728=CARTESIAN_POINT('',(1.452018726861E-2,1.570266718558E-2,
5.102105852127E-3));
#6729=CARTESIAN_POINT('',(1.340736688346E-2,1.758746389130E-2,
5.714513425226E-3));
#6730=CARTESIAN_POINT('',(1.229454649830E-2,1.947226059702E-2,
6.326920998326E-3));
#6731=CARTESIAN_POINT('',(1.499324387424E-2,1.446448875119E-2,
-1.367296750617E-3));
#6732=CARTESIAN_POINT('',(1.388042348908E-2,1.643748602222E-2,
-1.553799903549E-3));
#6733=CARTESIAN_POINT('',(1.276760310393E-2,1.841048329324E-2,
-1.740303056481E-3));
#6734=CARTESIAN_POINT('',(1.165478271877E-2,2.038348056426E-2,
-1.926806209413E-3));
#6735=CARTESIAN_POINT('',(1.435348009471E-2,1.273183243916E-2,
-6.999384114205E-3));
#6736=CARTESIAN_POINT('',(1.324065970955E-2,1.446849047732E-2,
-7.954119949928E-3));
#6737=CARTESIAN_POINT('',(1.212783932440E-2,1.620514851548E-2,
-8.908855785651E-3));
#6738=CARTESIAN_POINT('',(1.101501893924E-2,1.794180655363E-2,
-9.863591621374E-3));
#6739=CARTESIAN_POINT('',(1.371371631518E-2,8.904907477787E-3,
-1.148013754487E-2));
#6740=CARTESIAN_POINT('',(1.260089593003E-2,1.011956210227E-2,
-1.304606085102E-2));
#6741=CARTESIAN_POINT('',(1.148807554487E-2,1.133421672675E-2,
-1.461198415717E-2));
#6742=CARTESIAN_POINT('',(1.037525515971E-2,1.254887135123E-2,
-1.617790746332E-2));
#6743=CARTESIAN_POINT('',(1.307395253565E-2,3.613207618888E-3,
-1.407251455640E-2));
#6744=CARTESIAN_POINT('',(1.196113215050E-2,4.106059381182E-3,
-1.599204543604E-2));
#6745=CARTESIAN_POINT('',(1.084831176534E-2,4.598911143476E-3,
-1.791157631569E-2));
#6746=CARTESIAN_POINT('',(9.735491380183E-3,5.091762905770E-3,
-1.983110719533E-2));
#6747=CARTESIAN_POINT('',(1.243418875612E-2,-2.272831466202E-3,
-1.435009311340E-2));
#6748=CARTESIAN_POINT('',(1.132136837097E-2,-2.582852121439E-3,
-1.630748649513E-2));
#6749=CARTESIAN_POINT('',(1.020854798581E-2,-2.892872776676E-3,
-1.826487987686E-2));
#6750=CARTESIAN_POINT('',(9.095727600653E-3,-3.202893431914E-3,
-2.022227325859E-2));
#6751=CARTESIAN_POINT('',(1.179442497659E-2,-7.785010801904E-3,
-1.226721411126E-2));
#6752=CARTESIAN_POINT('',(1.068160459144E-2,-8.846908345001E-3,
-1.394049689234E-2));
#6753=CARTESIAN_POINT('',(9.568784206281E-3,-9.908805888098E-3,
-1.561377967343E-2));
#6754=CARTESIAN_POINT('',(8.455963821124E-3,-1.097070343120E-2,
-1.728706245451E-2));
#6755=CARTESIAN_POINT('',(1.115466119707E-2,-1.201662788269E-2,
-8.166491876320E-3));
#6756=CARTESIAN_POINT('',(1.004184081191E-2,-1.365572999182E-2,
-9.280424519428E-3));
#6757=CARTESIAN_POINT('',(8.929020426752E-3,-1.529483210094E-2,
-1.039435716254E-2));
#6758=CARTESIAN_POINT('',(7.816200041595E-3,-1.693393421006E-2,
-1.150828980564E-2));
#6759=CARTESIAN_POINT('',(1.051489741754E-2,-1.427162084703E-2,
-2.722457278952E-3));
#6760=CARTESIAN_POINT('',(9.402077032380E-3,-1.621831038917E-2,
-3.093808169692E-3));
#6761=CARTESIAN_POINT('',(8.289256647223E-3,-1.816499993130E-2,
-3.465159060432E-3));
#6762=CARTESIAN_POINT('',(7.176436262066E-3,-2.011168947344E-2,
-3.836509951172E-3));
#6763=CARTESIAN_POINT('',(9.875133638008E-3,-1.417906421405E-2,
3.169396354349E-3));
#6764=CARTESIAN_POINT('',(8.762313252851E-3,-1.611312876906E-2,
3.601711001999E-3));
#6765=CARTESIAN_POINT('',(7.649492867694E-3,-1.804719332407E-2,
4.034025649650E-3));
#6766=CARTESIAN_POINT('',(6.536672482536E-3,-1.998125787908E-2,
4.466340297301E-3));
#6767=CARTESIAN_POINT('',(9.235369858480E-3,-1.175418269360E-2,
8.539913608612E-3));
#6768=CARTESIAN_POINT('',(8.122549473322E-3,-1.335748653493E-2,
9.704782034617E-3));
#6769=CARTESIAN_POINT('',(7.009729088165E-3,-1.496079037625E-2,
1.086965046062E-2));
#6770=CARTESIAN_POINT('',(5.896908703007E-3,-1.656409421758E-2,
1.203451888663E-2));
#6771=CARTESIAN_POINT('',(8.595606078951E-3,-7.395846862328E-3,
1.250569408014E-2));
#6772=CARTESIAN_POINT('',(7.482785693794E-3,-8.404661340827E-3,
1.421150620505E-2));
#6773=CARTESIAN_POINT('',(6.369965308636E-3,-9.413475819325E-3,
1.591731832996E-2));
#6774=CARTESIAN_POINT('',(5.257144923478E-3,-1.042229029782E-2,
1.762313045487E-2));
#6775=CARTESIAN_POINT('',(7.955842299423E-3,-1.820962643901E-3,
1.441440357027E-2));
#6776=CARTESIAN_POINT('',(6.843021914265E-3,-2.069347110774E-3,
1.638056908063E-2));
#6777=CARTESIAN_POINT('',(5.730201529107E-3,-2.317731577647E-3,
1.834673459099E-2));
#6778=CARTESIAN_POINT('',(4.617381143950E-3,-2.566116044520E-3,
2.031290010135E-2));
#6779=CARTESIAN_POINT('',(7.316078519895E-3,4.053453083052E-3,
1.395207702604E-2));
#6780=CARTESIAN_POINT('',(6.203258134737E-3,4.606355574709E-3,
1.585517988512E-2));
#6781=CARTESIAN_POINT('',(5.090437749579E-3,5.159258066367E-3,
1.775828274420E-2));
#6782=CARTESIAN_POINT('',(3.977617364421E-3,5.712160558024E-3,
1.966138560328E-2));
#6783=CARTESIAN_POINT('',(6.676314740367E-3,9.261113277830E-3,
1.119476288683E-2));
#6784=CARTESIAN_POINT('',(5.563494355209E-3,1.052435538324E-2,
1.272176028061E-2));
#6785=CARTESIAN_POINT('',(4.450673970050E-3,1.178759748866E-2,
1.424875767440E-2));
#6786=CARTESIAN_POINT('',(3.337853584892E-3,1.305083959407E-2,
1.577575506818E-2));
#6787=CARTESIAN_POINT('',(6.036550960839E-3,1.294540601637E-2,
6.596013819605E-3));
#6788=CARTESIAN_POINT('',(4.923730575680E-3,1.471119609592E-2,
7.495728803631E-3));
#6789=CARTESIAN_POINT('',(3.810910190522E-3,1.647698617547E-2,
8.395443787657E-3));
#6790=CARTESIAN_POINT('',(2.698089805364E-3,1.824277625502E-2,
9.295158771682E-3));
#6791=CARTESIAN_POINT('',(5.396787181311E-3,1.450029922794E-2,
9.122815012057E-4));
#6792=CARTESIAN_POINT('',(4.283966796152E-3,1.647818114951E-2,
1.036719284196E-3));
#6793=CARTESIAN_POINT('',(3.171146410994E-3,1.845606307108E-2,
1.161157067186E-3));
#6794=CARTESIAN_POINT('',(2.058326025835E-3,2.043394499265E-2,
1.285594850176E-3));
#6795=CARTESIAN_POINT('',(4.757023401783E-3,1.367002736411E-2,
-4.921512684291E-3));
#6796=CARTESIAN_POINT('',(3.644203016624E-3,1.553465784972E-2,
-5.592820966418E-3));
#6797=CARTESIAN_POINT('',(2.531382631466E-3,1.739928833533E-2,
-6.264129248546E-3));
#6798=CARTESIAN_POINT('',(1.418562246307E-3,1.926391882094E-2,
-6.935437530673E-3));
#6799=CARTESIAN_POINT('',(4.117259622255E-3,1.059116246534E-2,
-9.945763563947E-3));
#6800=CARTESIAN_POINT('',(3.004439237096E-3,1.203582705049E-2,
-1.130239390930E-2));
#6801=CARTESIAN_POINT('',(1.891618851937E-3,1.348049163563E-2,
-1.265902425466E-2));
#6802=CARTESIAN_POINT('',(7.787984667787E-4,1.492515622078E-2,
-1.401565460001E-2));
#6803=CARTESIAN_POINT('',(3.477495842727E-3,5.770149323763E-3,
-1.333402834925E-2));
#6804=CARTESIAN_POINT('',(2.364675457568E-3,6.557214049313E-3,
-1.515282761671E-2));
#6805=CARTESIAN_POINT('',(1.251855072410E-3,7.344278774863E-3,
-1.697162688417E-2));
#6806=CARTESIAN_POINT('',(1.390346872507E-4,8.131343500414E-3,
-1.879042615163E-2));
#6807=CARTESIAN_POINT('',(2.837732063200E-3,1.996011862737E-13,
-1.452896882911E-2));
#6808=CARTESIAN_POINT('',(1.724911678041E-3,2.268276712292E-13,
-1.651076136555E-2));
#6809=CARTESIAN_POINT('',(6.120912928817E-4,2.540528551420E-13,
-1.849255390200E-2));
#6810=CARTESIAN_POINT('',(-5.007290922774E-4,2.812789064166E-13,
-2.047434643845E-2));
#6811=CARTESIAN_POINT('',(2.197968283672E-3,-5.770149323397E-3,
-1.333402834941E-2));
#6812=CARTESIAN_POINT('',(1.085147898513E-3,-6.557214048897E-3,
-1.515282761689E-2));
#6813=CARTESIAN_POINT('',(-2.767248664608E-5,-7.344278774398E-3,
-1.697162688437E-2));
#6814=CARTESIAN_POINT('',(-1.140492871805E-3,-8.131343499898E-3,
-1.879042615185E-2));
#6815=CARTESIAN_POINT('',(1.558204504145E-3,-1.059116246507E-2,
-9.945763564237E-3));
#6816=CARTESIAN_POINT('',(4.453841189855E-4,-1.203582705018E-2,
-1.130239390963E-2));
#6817=CARTESIAN_POINT('',(-6.674362661738E-4,-1.348049163529E-2,
-1.265902425503E-2));
#6818=CARTESIAN_POINT('',(-1.780256651333E-3,-1.492515622040E-2,
-1.401565460042E-2));
#6819=CARTESIAN_POINT('',(9.184407246174E-4,-1.367002736398E-2,
-4.921512684663E-3));
#6820=CARTESIAN_POINT('',(-1.943796605420E-4,-1.553465784957E-2,
-5.592820966841E-3));
#6821=CARTESIAN_POINT('',(-1.307200045701E-3,-1.739928833516E-2,
-6.264129249020E-3));
#6822=CARTESIAN_POINT('',(-2.420020430861E-3,-1.926391882075E-2,
-6.935437531198E-3));
#6823=CARTESIAN_POINT('',(2.786769450902E-4,-1.450029922796E-2,
9.122815008139E-4));
#6824=CARTESIAN_POINT('',(-8.341434400693E-4,-1.647818114954E-2,
1.036719283751E-3));
#6825=CARTESIAN_POINT('',(-1.946963825229E-3,-1.845606307111E-2,
1.161157066687E-3));
#6826=CARTESIAN_POINT('',(-3.059784210388E-3,-2.043394499269E-2,
1.285594849624E-3));
#6827=CARTESIAN_POINT('',(-3.610868344370E-4,-1.294540601655E-2,
6.596013819259E-3));
#6828=CARTESIAN_POINT('',(-1.473907219597E-3,-1.471119609612E-2,
7.495728803237E-3));
#6829=CARTESIAN_POINT('',(-2.586727604756E-3,-1.647698617570E-2,
8.395443787216E-3));
#6830=CARTESIAN_POINT('',(-3.699547989916E-3,-1.824277625527E-2,
9.295158771194E-3));
#6831=CARTESIAN_POINT('',(-1.000850613964E-3,-9.261113278127E-3,
1.119476288659E-2));
#6832=CARTESIAN_POINT('',(-2.113670999124E-3,-1.052435538358E-2,
1.272176028034E-2));
#6833=CARTESIAN_POINT('',(-3.226491384283E-3,-1.178759748904E-2,
1.424875767409E-2));
#6834=CARTESIAN_POINT('',(-4.339311769443E-3,-1.305083959449E-2,
1.577575506784E-2));
#6835=CARTESIAN_POINT('',(-1.640614393491E-3,-4.053453083416E-3,
1.395207702594E-2));
#6836=CARTESIAN_POINT('',(-2.753434778651E-3,-4.606355575123E-3,
1.585517988500E-2));
#6837=CARTESIAN_POINT('',(-3.866255163810E-3,-5.159258066831E-3,
1.775828274407E-2));
#6838=CARTESIAN_POINT('',(-4.979075548970E-3,-5.712160558538E-3,
1.966138560313E-2));
#6839=CARTESIAN_POINT('',(-2.280378173018E-3,1.820962643531E-3,
1.441440357032E-2));
#6840=CARTESIAN_POINT('',(-3.393198558178E-3,2.069347110354E-3,
1.638056908069E-2));
#6841=CARTESIAN_POINT('',(-4.506018943337E-3,2.317731577176E-3,
1.834673459105E-2));
#6842=CARTESIAN_POINT('',(-5.618839328497E-3,2.566116043998E-3,
2.031290010142E-2));
#6843=CARTESIAN_POINT('',(-2.920141952545E-3,7.395846862013E-3,
1.250569408033E-2));
#6844=CARTESIAN_POINT('',(-4.032962337704E-3,8.404661340469E-3,
1.421150620527E-2));
#6845=CARTESIAN_POINT('',(-5.145782722864E-3,9.413475818925E-3,
1.591731833020E-2));
#6846=CARTESIAN_POINT('',(-6.258603108024E-3,1.042229029738E-2,
1.762313045513E-2));
#6847=CARTESIAN_POINT('',(-3.559905732071E-3,1.175418269339E-2,
8.539913608903E-3));
#6848=CARTESIAN_POINT('',(-4.672726117231E-3,1.335748653469E-2,
9.704782034948E-3));
#6849=CARTESIAN_POINT('',(-5.785546502391E-3,1.496079037599E-2,
1.086965046099E-2));
#6850=CARTESIAN_POINT('',(-6.898366887551E-3,1.656409421728E-2,
1.203451888704E-2));
#6851=CARTESIAN_POINT('',(-4.199669511598E-3,1.417906421398E-2,
3.169396354690E-3));
#6852=CARTESIAN_POINT('',(-5.312489896758E-3,1.611312876897E-2,
3.601711002388E-3));
#6853=CARTESIAN_POINT('',(-6.425310281917E-3,1.804719332397E-2,
4.034025650085E-3));
#6854=CARTESIAN_POINT('',(-7.538130667077E-3,1.998125787897E-2,
4.466340297783E-3));
#6855=CARTESIAN_POINT('',(-4.839433291124E-3,1.427162084710E-2,
-2.722457278618E-3));
#6856=CARTESIAN_POINT('',(-5.952253676284E-3,1.621831038924E-2,
-3.093808169313E-3));
#6857=CARTESIAN_POINT('',(-7.065074061444E-3,1.816499993139E-2,
-3.465159060007E-3));
#6858=CARTESIAN_POINT('',(-8.177894446604E-3,2.011168947353E-2,
-3.836509950702E-3));
#6859=CARTESIAN_POINT('',(-5.479197070651E-3,1.201662788288E-2,
-8.166491876048E-3));
#6860=CARTESIAN_POINT('',(-6.592017455811E-3,1.365572999203E-2,
-9.280424519118E-3));
#6861=CARTESIAN_POINT('',(-7.704837840970E-3,1.529483210118E-2,
-1.039435716219E-2));
#6862=CARTESIAN_POINT('',(-8.817658226130E-3,1.693393421033E-2,
-1.150828980526E-2));
#6863=CARTESIAN_POINT('',(-6.118960850177E-3,7.785010802174E-3,
-1.226721411109E-2));
#6864=CARTESIAN_POINT('',(-7.231781235337E-3,8.846908345308E-3,
-1.394049689215E-2));
#6865=CARTESIAN_POINT('',(-8.344601620496E-3,9.908805888442E-3,
-1.561377967321E-2));
#6866=CARTESIAN_POINT('',(-9.457422005656E-3,1.097070343158E-2,
-1.728706245427E-2));
#6867=CARTESIAN_POINT('',(-6.758724629703E-3,2.272831466506E-3,
-1.435009311336E-2));
#6868=CARTESIAN_POINT('',(-7.871545014863E-3,2.582852121784E-3,
-1.630748649508E-2));
#6869=CARTESIAN_POINT('',(-8.984365400022E-3,2.892872777063E-3,
-1.826487987681E-2));
#6870=CARTESIAN_POINT('',(-1.009718578518E-2,3.202893432341E-3,
-2.022227325853E-2));
#6871=CARTESIAN_POINT('',(-7.398488409229E-3,-3.613207618603E-3,
-1.407251455647E-2));
#6872=CARTESIAN_POINT('',(-8.511308794389E-3,-4.106059380858E-3,
-1.599204543613E-2));
#6873=CARTESIAN_POINT('',(-9.624129179548E-3,-4.598911143114E-3,
-1.791157631578E-2));
#6874=CARTESIAN_POINT('',(-1.073694956471E-2,-5.091762905369E-3,
-1.983110719544E-2));
#6875=CARTESIAN_POINT('',(-8.038252188756E-3,-8.904907477566E-3,
-1.148013754505E-2));
#6876=CARTESIAN_POINT('',(-9.151072573915E-3,-1.011956210202E-2,
-1.304606085122E-2));
#6877=CARTESIAN_POINT('',(-1.026389295907E-2,-1.133421672647E-2,
-1.461198415739E-2));
#6878=CARTESIAN_POINT('',(-1.137671334423E-2,-1.254887135092E-2,
-1.617790746356E-2));
#6879=CARTESIAN_POINT('',(-8.678015968281E-3,-1.273183243903E-2,
-6.999384114439E-3));
#6880=CARTESIAN_POINT('',(-9.790836353441E-3,-1.446849047717E-2,
-7.954119950194E-3));
#6881=CARTESIAN_POINT('',(-1.090365673860E-2,-1.620514851532E-2,
-8.908855785949E-3));
#6882=CARTESIAN_POINT('',(-1.201647712376E-2,-1.794180655346E-2,
-9.863591621704E-3));
#6883=CARTESIAN_POINT('',(-9.317779747807E-3,-1.446448875117E-2,
-1.367296750867E-3));
#6884=CARTESIAN_POINT('',(-1.043060013297E-2,-1.643748602219E-2,
-1.553799903833E-3));
#6885=CARTESIAN_POINT('',(-1.154342051813E-2,-1.841048329321E-2,
-1.740303056799E-3));
#6886=CARTESIAN_POINT('',(-1.265624090328E-2,-2.038348056423E-2,
-1.926806209766E-3));
#6887=CARTESIAN_POINT('',(-9.957543527333E-3,-1.381787047994E-2,
4.489698278804E-3));
#6888=CARTESIAN_POINT('',(-1.107036391249E-2,-1.570266718567E-2,
5.102105851873E-3));
#6889=CARTESIAN_POINT('',(-1.218318429765E-2,-1.758746389140E-2,
5.714513424942E-3));
#6890=CARTESIAN_POINT('',(-1.329600468281E-2,-1.947226059713E-2,
6.326920998011E-3));
#6891=CARTESIAN_POINT('',(-1.059730730686E-2,-1.089834034933E-2,
9.608179477663E-3));
#6892=CARTESIAN_POINT('',(-1.171012769202E-2,-1.238490486867E-2,
1.091876239663E-2));
#6893=CARTESIAN_POINT('',(-1.282294807718E-2,-1.387146938801E-2,
1.222934531560E-2));
#6894=CARTESIAN_POINT('',(-1.393576846233E-2,-1.535803390735E-2,
1.353992823457E-2));
#6895=CARTESIAN_POINT('',(-1.123707108638E-2,-6.186134054431E-3,
1.314620404049E-2));
#6896=CARTESIAN_POINT('',(-1.234989147154E-2,-7.029940276519E-3,
1.493938353977E-2));
#6897=CARTESIAN_POINT('',(-1.346271185670E-2,-7.873746498608E-3,
1.673256303905E-2));
#6898=CARTESIAN_POINT('',(-1.457553224186E-2,-8.717552720696E-3,
1.852574253833E-2));
#6899=CARTESIAN_POINT('',(-1.187683486591E-2,-4.563659429032E-4,
1.452179966184E-2));
#6900=CARTESIAN_POINT('',(-1.298965525107E-2,-5.186155512665E-4,
1.650261430355E-2));
#6901=CARTESIAN_POINT('',(-1.410247563623E-2,-5.808651596297E-4,
1.848342894526E-2));
#6902=CARTESIAN_POINT('',(-1.521529602138E-2,-6.431147679929E-4,
2.046424358696E-2));
#6903=CARTESIAN_POINT('',(-1.251659864544E-2,5.348470163349E-3,
1.350869357481E-2));
#6904=CARTESIAN_POINT('',(-1.362941903059E-2,6.078016656002E-3,
1.535131767419E-2));
#6905=CARTESIAN_POINT('',(-1.474223941575E-2,6.807563148654E-3,
1.719394177358E-2));
#6906=CARTESIAN_POINT('',(-1.585505980091E-2,7.537109641306E-3,
1.903656587296E-2));
#6907=CARTESIAN_POINT('',(-1.315636242496E-2,1.027353233702E-2,
1.027353240785E-2));
#6908=CARTESIAN_POINT('',(-1.426918281012E-2,1.167487127221E-2,
1.167487135271E-2));
#6909=CARTESIAN_POINT('',(-1.538200319528E-2,1.307621020740E-2,
1.307621029756E-2));
#6910=CARTESIAN_POINT('',(-1.649482358043E-2,1.447754914259E-2,
1.447754924242E-2));
#6911=CARTESIAN_POINT('',(-1.379612620449E-2,1.350869375186E-2,
5.348470057576E-3));
#6912=CARTESIAN_POINT('',(-1.490894658964E-2,1.535131787539E-2,
6.078016535801E-3));
#6913=CARTESIAN_POINT('',(-1.602176697480E-2,1.719394199892E-2,
6.807563014025E-3));
#6914=CARTESIAN_POINT('',(-1.713458735996E-2,1.903656612245E-2,
7.537109492250E-3));
#6915=CARTESIAN_POINT('',(-1.443588998401E-2,1.452179902422E-2,
-4.563655899526E-4));
#6916=CARTESIAN_POINT('',(-1.554871036917E-2,1.650261357896E-2,
-5.186151501724E-4));
#6917=CARTESIAN_POINT('',(-1.666153075432E-2,1.848342813369E-2,
-5.808647103922E-4));
#6918=CARTESIAN_POINT('',(-1.777435113948E-2,2.046424268843E-2,
-6.431142706120E-4));
#6919=CARTESIAN_POINT('',(-1.507565376354E-2,1.314620641395E-2,
-6.186135359717E-3));
#6920=CARTESIAN_POINT('',(-1.618847414869E-2,1.493938623697E-2,
-7.029941759850E-3));
#6921=CARTESIAN_POINT('',(-1.730129453385E-2,1.673256606E-2,
-7.873748159983E-3));
#6922=CARTESIAN_POINT('',(-1.841411491900E-2,1.852574588303E-2,
-8.717554560116E-3));
#6923=CARTESIAN_POINT('',(-1.571541754306E-2,9.608170621781E-3,
-1.089833548047E-2));
#6924=CARTESIAN_POINT('',(-1.682823792822E-2,1.091875233278E-2,
-1.238489933568E-2));
#6925=CARTESIAN_POINT('',(-1.794105831337E-2,1.222933404379E-2,
-1.387146319090E-2));
#6926=CARTESIAN_POINT('',(-1.905387869853E-2,1.353991575479E-2,
-1.535802704611E-2));
#6927=CARTESIAN_POINT('',(-1.630596195833E-2,4.883511558984E-3,
-1.359327676082E-2));
#6928=CARTESIAN_POINT('',(-1.741878234348E-2,5.549636379890E-3,
-1.544743824656E-2));
#6929=CARTESIAN_POINT('',(-1.853160272864E-2,6.215761200796E-3,
-1.730159973230E-2));
#6930=CARTESIAN_POINT('',(-1.964442311379E-2,6.881886021703E-3,
-1.915576121804E-2));
#6931=CARTESIAN_POINT('',(-1.676834924878E-2,7.118860395718E-4,
-1.425013804824E-2));
#6932=CARTESIAN_POINT('',(-1.788116963393E-2,8.089893134943E-4,
-1.619389727572E-2));
#6933=CARTESIAN_POINT('',(-1.899399001909E-2,9.060925874167E-4,
-1.813765650320E-2));
#6934=CARTESIAN_POINT('',(-2.010681040424E-2,1.003195861339E-3,
-2.008141573068E-2));
#6935=CARTESIAN_POINT('',(-1.701748194605E-2,-1.535072684457E-3,
-1.406850182448E-2));
#6936=CARTESIAN_POINT('',(-1.813030233121E-2,-1.744460950392E-3,
-1.598748535612E-2));
#6937=CARTESIAN_POINT('',(-1.924312271636E-2,-1.953849216328E-3,
-1.790646888775E-2));
#6938=CARTESIAN_POINT('',(-2.035594310152E-2,-2.163237482264E-3,
-1.982545241939E-2));
#6939=CARTESIAN_POINT('',(-1.710257941441E-2,-2.292283024678E-3,
-1.394285398420E-2));
#6940=CARTESIAN_POINT('',(-1.821539979957E-2,-2.604956927635E-3,
-1.584469879422E-2));
#6941=CARTESIAN_POINT('',(-1.932822018472E-2,-2.917630830591E-3,
-1.774654360425E-2));
#6942=CARTESIAN_POINT('',(-2.044104056988E-2,-3.230304733548E-3,
-1.964838841427E-2));
#6943=B_SPLINE_SURFACE_WITH_KNOTS('',3,3,((#6675,#6676,#6677,#6678),(#6679,
#6680,#6681,#6682),(#6683,#6684,#6685,#6686),(#6687,#6688,#6689,#6690),(#6691,
#6692,#6693,#6694),(#6695,#6696,#6697,#6698),(#6699,#6700,#6701,#6702),(#6703,
#6704,#6705,#6706),(#6707,#6708,#6709,#6710),(#6711,#6712,#6713,#6714),(#6715,
#6716,#6717,#6718),(#6719,#6720,#6721,#6722),(#6723,#6724,#6725,#6726),(#6727,
#6728,#6729,#6730),(#6731,#6732,#6733,#6734),(#6735,#6736,#6737,#6738),(#6739,
#6740,#6741,#6742),(#6743,#6744,#6745,#6746),(#6747,#6748,#6749,#6750),(#6751,
#6752,#6753,#6754),(#6755,#6756,#6757,#6758),(#6759,#6760,#6761,#6762),(#6763,
#6764,#6765,#6766),(#6767,#6768,#6769,#6770),(#6771,#6772,#6773,#6774),(#6775,
#6776,#6777,#6778),(#6779,#6780,#6781,#6782),(#6783,#6784,#6785,#6786),(#6787,
#6788,#6789,#6790),(#6791,#6792,#6793,#6794),(#6795,#6796,#6797,#6798),(#6799,
#6800,#6801,#6802),(#6803,#6804,#6805,#6806),(#6807,#6808,#6809,#6810),(#6811,
#6812,#6813,#6814),(#6815,#6816,#6817,#6818),(#6819,#6820,#6821,#6822),(#6823,
#6824,#6825,#6826),(#6827,#6828,#6829,#6830),(#6831,#6832,#6833,#6834),(#6835,
#6836,#6837,#6838),(#6839,#6840,#6841,#6842),(#6843,#6844,#6845,#6846),(#6847,
#6848,#6849,#6850),(#6851,#6852,#6853,#6854),(#6855,#6856,#6857,#6858),(#6859,
#6860,#6861,#6862),(#6863,#6864,#6865,#6866),(#6867,#6868,#6869,#6870),(#6871,
#6872,#6873,#6874),(#6875,#6876,#6877,#6878),(#6879,#6880,#6881,#6882),(#6883,
#6884,#6885,#6886),(#6887,#6888,#6889,#6890),(#6891,#6892,#6893,#6894),(#6895,
#6896,#6897,#6898),(#6899,#6900,#6901,#6902),(#6903,#6904,#6905,#6906),(#6907,
#6908,#6909,#6910),(#6911,#6912,#6913,#6914),(#6915,#6916,#6917,#6918),(#6919,
#6920,#6921,#6922),(#6923,#6924,#6925,#6926),(#6927,#6928,#6929,#6930),(#6931,
#6932,#6933,#6934),(#6935,#6936,#6937,#6938),(#6939,#6940,#6941,#6942)),
.UNSPECIFIED.,.F.,.F.,.F.,(4,1,1,1,1,1,1,1,1,1,1,1,1,1,1,1,1,1,1,1,1,1,1,1,1,1,
1,1,1,1,1,1,1,1,1,1,1,1,1,1,1,1,1,1,1,1,1,1,1,1,1,1,1,1,1,1,1,1,1,1,1,1,1,1,4),(
4,4),(-6.484419526806E-3,0.E0,1.249962405274E-2,2.874963872306E-2,
4.499965339338E-2,6.124966806370E-2,7.749968273403E-2,9.374969740435E-2,
1.099997120747E-1,1.262497267450E-1,1.424997414153E-1,1.587497560856E-1,
1.749997707560E-1,1.912497854263E-1,2.074998000966E-1,2.237498147669E-1,
2.399998294373E-1,2.562498441076E-1,2.724998587779E-1,2.887498734482E-1,
3.049998881185E-1,3.212499027889E-1,3.374999174592E-1,3.537499321295E-1,
3.699999467998E-1,3.862499614702E-1,4.024999761405E-1,4.187499908108E-1,
4.350000054811E-1,4.512500201514E-1,4.675000348218E-1,4.837500494921E-1,
5.000000641624E-1,5.162500788327E-1,5.325000935031E-1,5.487501081734E-1,
5.650001228437E-1,5.812501375140E-1,5.975001521844E-1,6.137501668547E-1,
6.300001815250E-1,6.462501961953E-1,6.625002108656E-1,6.787502255360E-1,
6.950002402063E-1,7.112502548766E-1,7.275002695469E-1,7.437502842173E-1,
7.600002988876E-1,7.762503135579E-1,7.925003282282E-1,8.087503428985E-1,
8.250003575689E-1,8.412503722392E-1,8.575003869095E-1,8.737504015798E-1,
8.900004162502E-1,9.062504309205E-1,9.225004455908E-1,9.387504602611E-1,
9.550004749314E-1,9.712504896018E-1,9.875005042721E-1,1.E0,1.006484432943E0),(
-2.173410410124E-2,1.021920700642E0),.UNSPECIFIED.);
#6944=ORIENTED_EDGE('',*,*,#5135,.T.);
#6945=ORIENTED_EDGE('',*,*,#5621,.T.);
#6946=ORIENTED_EDGE('',*,*,#5643,.T.);
#6947=ORIENTED_EDGE('',*,*,#5662,.T.);
#6948=ORIENTED_EDGE('',*,*,#5683,.T.);
#6949=ORIENTED_EDGE('',*,*,#5704,.T.);
#6950=ORIENTED_EDGE('',*,*,#5725,.T.);
#6951=ORIENTED_EDGE('',*,*,#5746,.T.);
#6952=ORIENTED_EDGE('',*,*,#5769,.T.);
#6953=ORIENTED_EDGE('',*,*,#5795,.T.);
#6955=ORIENTED_EDGE('',*,*,#6954,.F.);
#6956=ORIENTED_EDGE('',*,*,#6662,.T.);
#6957=EDGE_LOOP('',(#6944,#6945,#6946,#6947,#6948,#6949,#6950,#6951,#6952,#6953,
#6955,#6956));
#6958=FACE_OUTER_BOUND('',#6957,.F.);
#6960=FILL_AREA_STYLE_COLOUR('',#50);
#6961=FILL_AREA_STYLE('',(#6960));
#6962=SURFACE_STYLE_FILL_AREA(#6961);
#6963=SURFACE_SIDE_STYLE('',(#6962));
#6964=SURFACE_STYLE_USAGE(.BOTH.,#6963);
#6965=PRESENTATION_STYLE_ASSIGNMENT((#6964));
#6966=OVER_RIDING_STYLED_ITEM('',(#6965),#6959,#119);
#6967=CARTESIAN_POINT('',(-1.659193669042E-2,2.291996227955E-3,
-1.394251133193E-2));
#6968=CARTESIAN_POINT('',(-1.770473002048E-2,2.604628669424E-3,
-1.584429515895E-2));
#6969=CARTESIAN_POINT('',(-1.881752335053E-2,2.917261110893E-3,
-1.774607898597E-2));
#6970=CARTESIAN_POINT('',(-1.993031668059E-2,3.229893552361E-3,
-1.964786281298E-2));
#6971=CARTESIAN_POINT('',(-1.667701604987E-2,1.534842442766E-3,
-1.406815271476E-2));
#6972=CARTESIAN_POINT('',(-1.778980937993E-2,1.744197735021E-3,
-1.598707425421E-2));
#6973=CARTESIAN_POINT('',(-1.890260270998E-2,1.953553027277E-3,
-1.790599579367E-2));
#6974=CARTESIAN_POINT('',(-2.001539604004E-2,2.162908319532E-3,
-1.982491733312E-2));
#6975=CARTESIAN_POINT('',(-1.689281479961E-2,-4.116095944625E-4,
-1.422608505726E-2));
#6976=CARTESIAN_POINT('',(-1.800560812967E-2,-4.677538895008E-4,
-1.616654885460E-2));
#6977=CARTESIAN_POINT('',(-1.911840145972E-2,-5.238981845390E-4,
-1.810701265194E-2));
#6978=CARTESIAN_POINT('',(-2.023119478978E-2,-5.800424795772E-4,
-2.004747644928E-2));
#6979=CARTESIAN_POINT('',(-1.727855079552E-2,-3.891333229360E-3,
-1.378983860660E-2));
#6980=CARTESIAN_POINT('',(-1.839134412558E-2,-4.422118137828E-3,
-1.567079759705E-2));
#6981=CARTESIAN_POINT('',(-1.950413745563E-2,-4.952903046296E-3,
-1.755175658750E-2));
#6982=CARTESIAN_POINT('',(-2.061693078569E-2,-5.483687954764E-3,
-1.943271557795E-2));
#6983=CARTESIAN_POINT('',(-1.774914467815E-2,-7.831059488523E-3,
-1.206309891623E-2));
#6984=CARTESIAN_POINT('',(-1.886193800821E-2,-8.899230202473E-3,
-1.370852748189E-2));
#6985=CARTESIAN_POINT('',(-1.997473133826E-2,-9.967400916422E-3,
-1.535395604755E-2));
#6986=CARTESIAN_POINT('',(-2.108752466832E-2,-1.103557163037E-2,
-1.699938461321E-2));
#6987=CARTESIAN_POINT('',(-1.825895641666E-2,-1.127697872533E-2,
-8.926012535325E-3));
#6988=CARTESIAN_POINT('',(-1.937174974671E-2,-1.281517907152E-2,
-1.014353683029E-2));
#6989=CARTESIAN_POINT('',(-2.048454307677E-2,-1.435337941770E-2,
-1.136106112525E-2));
#6990=CARTESIAN_POINT('',(-2.159733640683E-2,-1.589157976389E-2,
-1.257858542022E-2));
#6991=CARTESIAN_POINT('',(-1.876876815517E-2,-1.353897175944E-2,
-4.851820488113E-3));
#6992=CARTESIAN_POINT('',(-1.988156148522E-2,-1.538571205705E-2,
-5.513617600284E-3));
#6993=CARTESIAN_POINT('',(-2.099435481528E-2,-1.723245235466E-2,
-6.175414712455E-3));
#6994=CARTESIAN_POINT('',(-2.210714814534E-2,-1.907919265226E-2,
-6.837211824626E-3));
#6995=CARTESIAN_POINT('',(-1.927857989367E-2,-1.437956761274E-2,
-2.682571992077E-4));
#6996=CARTESIAN_POINT('',(-2.039137322373E-2,-1.634096670896E-2,
-3.048479675986E-4));
#6997=CARTESIAN_POINT('',(-2.150416655379E-2,-1.830236580517E-2,
-3.414387359895E-4));
#6998=CARTESIAN_POINT('',(-2.261695988385E-2,-2.026376490138E-2,
-3.780295043804E-4));
#6999=CARTESIAN_POINT('',(-1.978839163218E-2,-1.371051414743E-2,
4.343469402290E-3));
#7000=CARTESIAN_POINT('',(-2.090118496224E-2,-1.558065313781E-2,
4.935926504584E-3));
#7001=CARTESIAN_POINT('',(-2.201397829230E-2,-1.745079212819E-2,
5.528383606878E-3));
#7002=CARTESIAN_POINT('',(-2.312677162236E-2,-1.932093111858E-2,
6.120840709172E-3));
#7003=CARTESIAN_POINT('',(-2.029820337069E-2,-1.160205283727E-2,
8.499193786812E-3));
#7004=CARTESIAN_POINT('',(-2.141099670075E-2,-1.318459388176E-2,
9.658499230547E-3));
#7005=CARTESIAN_POINT('',(-2.252379003081E-2,-1.476713492626E-2,
1.081780467428E-2));
#7006=CARTESIAN_POINT('',(-2.363658336087E-2,-1.634967597075E-2,
1.197711011802E-2));
#7007=CARTESIAN_POINT('',(-2.080801510920E-2,-8.275541855965E-3,
1.176262436626E-2));
#7008=CARTESIAN_POINT('',(-2.192080843926E-2,-9.404340770794E-3,
1.336706765847E-2));
#7009=CARTESIAN_POINT('',(-2.303360176932E-2,-1.053313968562E-2,
1.497151095068E-2));
#7010=CARTESIAN_POINT('',(-2.414639509937E-2,-1.166193860045E-2,
1.657595424288E-2));
#7011=CARTESIAN_POINT('',(-2.131782684771E-2,-4.080217320515E-3,
1.379114758152E-2));
#7012=CARTESIAN_POINT('',(-2.243062017777E-2,-4.636766361511E-3,
1.567228511852E-2));
#7013=CARTESIAN_POINT('',(-2.354341350782E-2,-5.193315402508E-3,
1.755342265552E-2));
#7014=CARTESIAN_POINT('',(-2.465620683788E-2,-5.749864443504E-3,
1.943456019252E-2));
#7015=CARTESIAN_POINT('',(-2.182763858622E-2,5.434716911729E-4,
1.437179750486E-2));
#7016=CARTESIAN_POINT('',(-2.294043191628E-2,6.176022153021E-4,
1.633213674428E-2));
#7017=CARTESIAN_POINT('',(-2.405322524633E-2,6.917327394314E-4,
1.829247598369E-2));
#7018=CARTESIAN_POINT('',(-2.516601857639E-2,7.658632635607E-4,
2.025281522310E-2));
#7019=CARTESIAN_POINT('',(-2.233745032473E-2,5.110103946073E-3,
1.344361419629E-2));
#7020=CARTESIAN_POINT('',(-2.345024365478E-2,5.807131390244E-3,
1.527734754938E-2));
#7021=CARTESIAN_POINT('',(-2.456303698484E-2,6.504158834414E-3,
1.711108090247E-2));
#7022=CARTESIAN_POINT('',(-2.567583031490E-2,7.201186278585E-3,
1.894481425556E-2));
#7023=CARTESIAN_POINT('',(-2.284726206323E-2,9.140248357543E-3,
1.110404363110E-2));
#7024=CARTESIAN_POINT('',(-2.396005539329E-2,1.038699480712E-2,
1.261865531686E-2));
#7025=CARTESIAN_POINT('',(-2.507284872335E-2,1.163374125670E-2,
1.413326700262E-2));
#7026=CARTESIAN_POINT('',(-2.618564205341E-2,1.288048770628E-2,
1.564787868837E-2));
#7027=CARTESIAN_POINT('',(-2.335707380174E-2,1.221079739037E-2,
7.598707264416E-3));
#7028=CARTESIAN_POINT('',(-2.446986713180E-2,1.387637229571E-2,
8.635184713683E-3));
#7029=CARTESIAN_POINT('',(-2.558266046186E-2,1.554194720106E-2,
9.671662162950E-3));
#7030=CARTESIAN_POINT('',(-2.669545379192E-2,1.720752210641E-2,
1.070813961222E-2));
#7031=CARTESIAN_POINT('',(-2.386688554025E-2,1.399938730276E-2,
3.295615290976E-3));
#7032=CARTESIAN_POINT('',(-2.497967887031E-2,1.590892911533E-2,
3.745143192459E-3));
#7033=CARTESIAN_POINT('',(-2.609247220037E-2,1.781847092790E-2,
4.194671093943E-3));
#7034=CARTESIAN_POINT('',(-2.720526553043E-2,1.972801274047E-2,
4.644198995426E-3));
#7035=CARTESIAN_POINT('',(-2.437669727876E-2,1.431824172947E-2,
-1.353469163105E-3));
#7036=CARTESIAN_POINT('',(-2.548949060882E-2,1.627127586400E-2,
-1.538084811138E-3));
#7037=CARTESIAN_POINT('',(-2.660228393888E-2,1.822430999854E-2,
-1.722700459172E-3));
#7038=CARTESIAN_POINT('',(-2.771507726893E-2,2.017734413307E-2,
-1.907316107205E-3));
#7039=CARTESIAN_POINT('',(-2.488650901726E-2,1.313388551506E-2,
-5.860458708688E-3));
#7040=CARTESIAN_POINT('',(-2.599930234732E-2,1.492537131441E-2,
-6.659835903064E-3));
#7041=CARTESIAN_POINT('',(-2.711209567738E-2,1.671685711376E-2,
-7.459213097441E-3));
#7042=CARTESIAN_POINT('',(-2.822488900744E-2,1.850834291311E-2,
-8.258590291817E-3));
#7043=CARTESIAN_POINT('',(-2.539632075577E-2,1.057065912662E-2,
-9.752183890171E-3));
#7044=CARTESIAN_POINT('',(-2.650911408583E-2,1.201251619880E-2,
-1.108239945600E-2));
#7045=CARTESIAN_POINT('',(-2.762190741589E-2,1.345437327098E-2,
-1.241261502182E-2));
#7046=CARTESIAN_POINT('',(-2.873470074595E-2,1.489623034316E-2,
-1.374283058765E-2));
#7047=CARTESIAN_POINT('',(-2.590613249428E-2,6.897664682652E-3,
-1.262006921235E-2));
#7048=CARTESIAN_POINT('',(-2.701892582434E-2,7.838518652598E-3,
-1.434146953633E-2));
#7049=CARTESIAN_POINT('',(-2.813171915440E-2,8.779372622543E-3,
-1.606286986031E-2));
#7050=CARTESIAN_POINT('',(-2.924451248446E-2,9.720226592488E-3,
-1.778427018429E-2));
#7051=CARTESIAN_POINT('',(-2.641594423279E-2,2.500514078618E-3,
-1.416302772508E-2));
#7052=CARTESIAN_POINT('',(-2.752873756285E-2,2.841588733013E-3,
-1.609489038798E-2));
#7053=CARTESIAN_POINT('',(-2.864153089291E-2,3.182663387409E-3,
-1.802675305088E-2));
#7054=CARTESIAN_POINT('',(-2.975432422297E-2,3.523738041804E-3,
-1.995861571377E-2));
#7055=CARTESIAN_POINT('',(-2.692575597130E-2,-2.159154748131E-3,
-1.421907084772E-2));
#7056=CARTESIAN_POINT('',(-2.803854930136E-2,-2.453667370876E-3,
-1.615857789416E-2));
#7057=CARTESIAN_POINT('',(-2.915134263142E-2,-2.748179993621E-3,
-1.809808494061E-2));
#7058=CARTESIAN_POINT('',(-3.026413596148E-2,-3.042692616366E-3,
-2.003759198705E-2));
#7059=CARTESIAN_POINT('',(-2.743556770980E-2,-6.592143200674E-3,
-1.278231485376E-2));
#7060=CARTESIAN_POINT('',(-2.854836103986E-2,-7.491323486489E-3,
-1.452584577742E-2));
#7061=CARTESIAN_POINT('',(-2.966115436992E-2,-8.390503772303E-3,
-1.626937670108E-2));
#7062=CARTESIAN_POINT('',(-3.077394769998E-2,-9.289684058118E-3,
-1.801290762474E-2));
#7063=CARTESIAN_POINT('',(-2.794537944831E-2,-1.033305088002E-2,
-1.000359857800E-2));
#7064=CARTESIAN_POINT('',(-2.905817277837E-2,-1.174249775652E-2,
-1.136810756313E-2));
#7065=CARTESIAN_POINT('',(-3.017096610843E-2,-1.315194463302E-2,
-1.273261654825E-2));
#7066=CARTESIAN_POINT('',(-3.128375943849E-2,-1.456139150952E-2,
-1.409712553337E-2));
#7067=CARTESIAN_POINT('',(-2.845519118682E-2,-1.298913597211E-2,
-6.174647495768E-3));
#7068=CARTESIAN_POINT('',(-2.956798451688E-2,-1.476087767133E-2,
-7.016880610407E-3));
#7069=CARTESIAN_POINT('',(-3.068077784694E-2,-1.653261937055E-2,
-7.859113725046E-3));
#7070=CARTESIAN_POINT('',(-3.179357117700E-2,-1.830436106978E-2,
-8.701346839684E-3));
#7071=CARTESIAN_POINT('',(-2.896500292533E-2,-1.428154752236E-2,
-1.697446719467E-3));
#7072=CARTESIAN_POINT('',(-3.007779625539E-2,-1.622957650051E-2,
-1.928981529907E-3));
#7073=CARTESIAN_POINT('',(-3.119058958545E-2,-1.817760547866E-2,
-2.160516340348E-3));
#7074=CARTESIAN_POINT('',(-3.230338291551E-2,-2.012563445681E-2,
-2.392051150788E-3));
#7075=CARTESIAN_POINT('',(-2.947481466383E-2,-1.407460079855E-2,
2.957961690119E-3));
#7076=CARTESIAN_POINT('',(-3.058760799389E-2,-1.599440186833E-2,
3.361433028193E-3));
#7077=CARTESIAN_POINT('',(-3.170040132396E-2,-1.791420293811E-2,
3.764904366267E-3));
#7078=CARTESIAN_POINT('',(-3.281319465402E-2,-1.983400400788E-2,
4.168375704341E-3));
#7079=CARTESIAN_POINT('',(-2.998462640234E-2,-1.239002224750E-2,
7.302826418952E-3));
#7080=CARTESIAN_POINT('',(-3.109741973240E-2,-1.408004374834E-2,
8.298945184391E-3));
#7081=CARTESIAN_POINT('',(-3.221021306246E-2,-1.577006524918E-2,
9.295063949829E-3));
#7082=CARTESIAN_POINT('',(-3.332300639252E-2,-1.746008675002E-2,
1.029118271527E-2));
#7083=CARTESIAN_POINT('',(-3.049443814085E-2,-9.404668528803E-3,
1.088099879892E-2));
#7084=CARTESIAN_POINT('',(-3.160723147091E-2,-1.068748236920E-2,
1.236518676513E-2));
#7085=CARTESIAN_POINT('',(-3.272002480097E-2,-1.197029620960E-2,
1.384937473134E-2));
#7086=CARTESIAN_POINT('',(-3.383281813103E-2,-1.325311005E-2,
1.533356269755E-2));
#7087=CARTESIAN_POINT('',(-3.100424987935E-2,-5.431959094534E-3,
1.331682189541E-2));
#7088=CARTESIAN_POINT('',(-3.211704320942E-2,-6.172888164560E-3,
1.513326054875E-2));
#7089=CARTESIAN_POINT('',(-3.322983653948E-2,-6.913817234587E-3,
1.694969920209E-2));
#7090=CARTESIAN_POINT('',(-3.434262986954E-2,-7.654746304613E-3,
1.876613785544E-2));
#7091=CARTESIAN_POINT('',(-3.151406161786E-2,-8.889716284211E-4,
1.435456911379E-2));
#7092=CARTESIAN_POINT('',(-3.262685494792E-2,-1.010228970471E-3,
1.631255836942E-2));
#7093=CARTESIAN_POINT('',(-3.373964827799E-2,-1.131486312521E-3,
1.827054762505E-2));
#7094=CARTESIAN_POINT('',(-3.485244160805E-2,-1.252743654570E-3,
2.022853688068E-2));
#7095=CARTESIAN_POINT('',(-3.202387335637E-2,3.747345147025E-3,
1.388529183517E-2));
#7096=CARTESIAN_POINT('',(-3.313666668643E-2,4.258489819975E-3,
1.577927081908E-2));
#7097=CARTESIAN_POINT('',(-3.424946001649E-2,4.769634492925E-3,
1.767324980298E-2));
#7098=CARTESIAN_POINT('',(-3.536225334656E-2,5.280779165875E-3,
1.956722878689E-2));
#7099=CARTESIAN_POINT('',(-3.253368509487E-2,7.990244266355E-3,
1.195825746348E-2));
#7100=CARTESIAN_POINT('',(-3.364647842494E-2,9.080128072644E-3,
1.358938546488E-2));
#7101=CARTESIAN_POINT('',(-3.475927175500E-2,1.017001187893E-2,
1.522051346628E-2));
#7102=CARTESIAN_POINT('',(-3.587206508506E-2,1.125989568522E-2,
1.685164146768E-2));
#7103=CARTESIAN_POINT('',(-3.304349683338E-2,1.139428199243E-2,
8.775777052542E-3));
#7104=CARTESIAN_POINT('',(-3.415629016344E-2,1.294848271694E-2,
9.972808955239E-3));
#7105=CARTESIAN_POINT('',(-3.526908349351E-2,1.450268344146E-2,
1.116984085794E-2));
#7106=CARTESIAN_POINT('',(-3.638187682357E-2,1.605688416597E-2,
1.236687276063E-2));
#7107=CARTESIAN_POINT('',(-3.355330857189E-2,1.360208303927E-2,
4.671965538348E-3));
#7108=CARTESIAN_POINT('',(-3.466610190195E-2,1.545743182989E-2,
5.309230109248E-3));
#7109=CARTESIAN_POINT('',(-3.577889523202E-2,1.731278062050E-2,
5.946494680148E-3));
#7110=CARTESIAN_POINT('',(-3.689168856208E-2,1.916812941112E-2,
6.583759251048E-3));
#7111=CARTESIAN_POINT('',(-3.406312031039E-2,1.438185986694E-2,
7.766444835269E-5));
#7112=CARTESIAN_POINT('',(-3.517591364046E-2,1.634357163078E-2,
8.825801993352E-5));
#7113=CARTESIAN_POINT('',(-3.628870697052E-2,1.830528339463E-2,
9.885159151435E-5));
#7114=CARTESIAN_POINT('',(-3.740150030059E-2,2.026699515847E-2,
1.094451630952E-4));
#7115=CARTESIAN_POINT('',(-3.457293204890E-2,1.365174705876E-2,
-4.524790298174E-3));
#7116=CARTESIAN_POINT('',(-3.568572537897E-2,1.551387011169E-2,
-5.141979899448E-3));
#7117=CARTESIAN_POINT('',(-3.679851870903E-2,1.737599316461E-2,
-5.759169500722E-3));
#7118=CARTESIAN_POINT('',(-3.791131203909E-2,1.923811621754E-2,
-6.376359101996E-3));
#7119=CARTESIAN_POINT('',(-3.508274378741E-2,1.148839601951E-2,
-8.652206764618E-3));
#7120=CARTESIAN_POINT('',(-3.619553711747E-2,1.305543406798E-2,
-9.832383455977E-3));
#7121=CARTESIAN_POINT('',(-3.730833044754E-2,1.462247211644E-2,
-1.101256014734E-2));
#7122=CARTESIAN_POINT('',(-3.842112377760E-2,1.618951016490E-2,
-1.219273683870E-2));
#7123=CARTESIAN_POINT('',(-3.559255552591E-2,8.118927673961E-3,
-1.187126524107E-2));
#7124=CARTESIAN_POINT('',(-3.670534885598E-2,9.226364130383E-3,
-1.349052734559E-2));
#7125=CARTESIAN_POINT('',(-3.781814218604E-2,1.033380058680E-2,
-1.510978945012E-2));
#7126=CARTESIAN_POINT('',(-3.893093551611E-2,1.144123704323E-2,
-1.672905155464E-2));
#7127=CARTESIAN_POINT('',(-3.610236726442E-2,3.897088017432E-3,
-1.384401061771E-2));
#7128=CARTESIAN_POINT('',(-3.721516059449E-2,4.428657889428E-3,
-1.573235876870E-2));
#7129=CARTESIAN_POINT('',(-3.832795392455E-2,4.960227761424E-3,
-1.762070691969E-2));
#7130=CARTESIAN_POINT('',(-3.944074725462E-2,5.491797633419E-3,
-1.950905507068E-2));
#7131=CARTESIAN_POINT('',(-3.661217900293E-2,-7.338901553891E-4,
-1.436333283882E-2));
#7132=CARTESIAN_POINT('',(-3.772497233299E-2,-8.339941033148E-4,
-1.632251748243E-2));
#7133=CARTESIAN_POINT('',(-3.883776566306E-2,-9.340980512406E-4,
-1.828170212604E-2));
#7134=CARTESIAN_POINT('',(-3.995055899312E-2,-1.034201999166E-3,
-2.024088676966E-2));
#7135=CARTESIAN_POINT('',(-3.712199074143E-2,-5.287820355992E-3,
-1.337471049711E-2));
#7136=CARTESIAN_POINT('',(-3.823478407150E-2,-6.009088640721E-3,
-1.519904526069E-2));
#7137=CARTESIAN_POINT('',(-3.934757740156E-2,-6.730356925450E-3,
-1.702338002427E-2));
#7138=CARTESIAN_POINT('',(-4.046037073163E-2,-7.451625210179E-3,
-1.884771478785E-2));
#7139=CARTESIAN_POINT('',(-3.763180247994E-2,-9.286605031219E-3,
-1.098193480189E-2));
#7140=CARTESIAN_POINT('',(-3.874459581001E-2,-1.055331479647E-2,
-1.247989062193E-2));
#7141=CARTESIAN_POINT('',(-3.985738914007E-2,-1.182002456172E-2,
-1.397784644196E-2));
#7142=CARTESIAN_POINT('',(-4.097018247014E-2,-1.308673432697E-2,
-1.547580226200E-2));
#7143=CARTESIAN_POINT('',(-3.814161421845E-2,-1.231042896990E-2,
-7.436212986187E-3));
#7144=CARTESIAN_POINT('',(-3.925440754851E-2,-1.398959380335E-2,
-8.450525921260E-3));
#7145=CARTESIAN_POINT('',(-4.036720087858E-2,-1.566875863680E-2,
-9.464838856333E-3));
#7146=CARTESIAN_POINT('',(-4.147999420864E-2,-1.734792347026E-2,
-1.047915179141E-2));
#7147=CARTESIAN_POINT('',(-3.865142595695E-2,-1.404183389696E-2,
-3.109795139397E-3));
#7148=CARTESIAN_POINT('',(-3.976421928702E-2,-1.595716550194E-2,
-3.533976835265E-3));
#7149=CARTESIAN_POINT('',(-4.087701261709E-2,-1.787249710693E-2,
-3.958158531133E-3));
#7150=CARTESIAN_POINT('',(-4.198980594715E-2,-1.978782871191E-2,
-4.382340227001E-3));
#7151=CARTESIAN_POINT('',(-3.916123769546E-2,-1.429904705290E-2,
1.543106729211E-3));
#7152=CARTESIAN_POINT('',(-4.027403102553E-2,-1.624946299875E-2,
1.753589285123E-3));
#7153=CARTESIAN_POINT('',(-4.138682435559E-2,-1.819987894460E-2,
1.964071841034E-3));
#7154=CARTESIAN_POINT('',(-4.249961768566E-2,-2.015029489045E-2,
2.174554396946E-3));
#7155=CARTESIAN_POINT('',(-3.967104943397E-2,-1.305506473431E-2,
6.034004456560E-3));
#7156=CARTESIAN_POINT('',(-4.078384276403E-2,-1.483579923624E-2,
6.857053605629E-3));
#7157=CARTESIAN_POINT('',(-4.189663609410E-2,-1.661653373818E-2,
7.680102754699E-3));
#7158=CARTESIAN_POINT('',(-4.300942942416E-2,-1.839726824011E-2,
8.503151903768E-3));
#7159=CARTESIAN_POINT('',(-4.018086117247E-2,-1.044048729659E-2,
9.891417997867E-3));
#7160=CARTESIAN_POINT('',(-4.129365450254E-2,-1.186458869512E-2,
1.124062534845E-2));
#7161=CARTESIAN_POINT('',(-4.240644783260E-2,-1.328869009365E-2,
1.258983269903E-2));
#7162=CARTESIAN_POINT('',(-4.351924116267E-2,-1.471279149219E-2,
1.393904004961E-2));
#7163=CARTESIAN_POINT('',(-4.069067291098E-2,-6.729807984143E-3,
1.271037408951E-2));
#7164=CARTESIAN_POINT('',(-4.180346624104E-2,-7.647765996044E-3,
1.444409216249E-2));
#7165=CARTESIAN_POINT('',(-4.291625957111E-2,-8.565724007946E-3,
1.617781023546E-2));
#7166=CARTESIAN_POINT('',(-4.402905290118E-2,-9.483682019847E-3,
1.791152830843E-2));
#7167=CARTESIAN_POINT('',(-4.120048464949E-2,-2.312595064741E-3,
1.419492265091E-2));
#7168=CARTESIAN_POINT('',(-4.231327797955E-2,-2.628037224898E-3,
1.613113583952E-2));
#7169=CARTESIAN_POINT('',(-4.342607130962E-2,-2.943479385056E-3,
1.806734902814E-2));
#7170=CARTESIAN_POINT('',(-4.453886463968E-2,-3.258921545213E-3,
2.000356221675E-2));
#7171=CARTESIAN_POINT('',(-4.171029638799E-2,2.347407268024E-3,
1.418920731108E-2));
#7172=CARTESIAN_POINT('',(-4.282308971806E-2,2.667597875832E-3,
1.612464091698E-2));
#7173=CARTESIAN_POINT('',(-4.393588304812E-2,2.987788483641E-3,
1.806007452287E-2));
#7174=CARTESIAN_POINT('',(-4.504867637819E-2,3.307979091449E-3,
1.999550812877E-2));
#7175=CARTESIAN_POINT('',(-4.222010812650E-2,6.760965403871E-3,
1.269382809899E-2));
#7176=CARTESIAN_POINT('',(-4.333290145656E-2,7.683173344319E-3,
1.442528926885E-2));
#7177=CARTESIAN_POINT('',(-4.444569478663E-2,8.605381284768E-3,
1.615675043871E-2));
#7178=CARTESIAN_POINT('',(-4.555848811670E-2,9.527589225217E-3,
1.788821160857E-2));
#7179=CARTESIAN_POINT('',(-4.272991986500E-2,1.046471884922E-2,
9.865778449018E-3));
#7180=CARTESIAN_POINT('',(-4.384271319507E-2,1.189212547547E-2,
1.121148851865E-2));
#7181=CARTESIAN_POINT('',(-4.495550652514E-2,1.331953210172E-2,
1.255719858827E-2));
#7182=CARTESIAN_POINT('',(-4.606829985520E-2,1.474693872796E-2,
1.390290865790E-2));
#7183=CARTESIAN_POINT('',(-4.323973160351E-2,1.306982645331E-2,
6.001963135527E-3));
#7184=CARTESIAN_POINT('',(-4.435252493358E-2,1.485257448048E-2,
6.820641790308E-3));
#7185=CARTESIAN_POINT('',(-4.546531826364E-2,1.663532250765E-2,
7.639320445089E-3));
#7186=CARTESIAN_POINT('',(-4.657811159371E-2,1.841807053483E-2,
8.457999099870E-3));
#7187=CARTESIAN_POINT('',(-4.374954334202E-2,1.430278916885E-2,
1.508027516028E-3));
#7188=CARTESIAN_POINT('',(-4.486233667208E-2,1.625371554610E-2,
1.713725203654E-3));
#7189=CARTESIAN_POINT('',(-4.597513000215E-2,1.820464192335E-2,
1.919422891280E-3));
#7190=CARTESIAN_POINT('',(-4.708792333221E-2,2.015556830060E-2,
2.125120578906E-3));
#7191=CARTESIAN_POINT('',(-4.425935508052E-2,1.403416354121E-2,
-3.144229427068E-3));
#7192=CARTESIAN_POINT('',(-4.537214841059E-2,1.594844889577E-2,
-3.573108022212E-3));
#7193=CARTESIAN_POINT('',(-4.648494174065E-2,1.786273425032E-2,
-4.001986617357E-3));
#7194=CARTESIAN_POINT('',(-4.759773507072E-2,1.977701960487E-2,
-4.430865212502E-3));
#7195=CARTESIAN_POINT('',(-4.476916681903E-2,1.229215142007E-2,
-7.466387247559E-3));
#7196=CARTESIAN_POINT('',(-4.588196014909E-2,1.396882316259E-2,
-8.484816006598E-3));
#7197=CARTESIAN_POINT('',(-4.699475347916E-2,1.564549490510E-2,
-9.503244765636E-3));
#7198=CARTESIAN_POINT('',(-4.810754680923E-2,1.732216664761E-2,
-1.052167352467E-2));
#7199=CARTESIAN_POINT('',(-4.527897855753E-2,9.259639168892E-3,
-1.100468114474E-2));
#7200=CARTESIAN_POINT('',(-4.639177188760E-2,1.052267074162E-2,
-1.250573960719E-2));
#7201=CARTESIAN_POINT('',(-4.750456521767E-2,1.178570231436E-2,
-1.400679806963E-2));
#7202=CARTESIAN_POINT('',(-4.861735854773E-2,1.304873388709E-2,
-1.550785653208E-2));
#7203=CARTESIAN_POINT('',(-4.578879029604E-2,5.254997210347E-3,
-1.338764097866E-2));
#7204=CARTESIAN_POINT('',(-4.690158362611E-2,5.971788358493E-3,
-1.521373948337E-2));
#7205=CARTESIAN_POINT('',(-4.801437695617E-2,6.688579506639E-3,
-1.703983798808E-2));
#7206=CARTESIAN_POINT('',(-4.912717028624E-2,7.405370654785E-3,
-1.886593649279E-2));
#7207=CARTESIAN_POINT('',(-4.629860203455E-2,6.986556902413E-4,
-1.436508957780E-2));
#7208=CARTESIAN_POINT('',(-4.741139536461E-2,7.939535932318E-4,
-1.632451384379E-2));
#7209=CARTESIAN_POINT('',(-4.852418869468E-2,8.892514962223E-4,
-1.828393810979E-2));
#7210=CARTESIAN_POINT('',(-4.963698202474E-2,9.845493992128E-4,
-2.024336237579E-2));
#7211=CARTESIAN_POINT('',(-4.680841377305E-2,-3.931034697784E-3,
-1.383441054607E-2));
#7212=CARTESIAN_POINT('',(-4.792120710312E-2,-4.467234958534E-3,
-1.572144922988E-2));
#7213=CARTESIAN_POINT('',(-4.903400043318E-2,-5.003435219284E-3,
-1.760848791369E-2));
#7214=CARTESIAN_POINT('',(-5.014679376325E-2,-5.539635480034E-3,
-1.949552659750E-2));
#7215=CARTESIAN_POINT('',(-4.731822551156E-2,-8.148022613504E-3,
-1.185131113697E-2));
#7216=CARTESIAN_POINT('',(-4.843101884162E-2,-9.259427672436E-3,
-1.346785146552E-2));
#7217=CARTESIAN_POINT('',(-4.954381217169E-2,-1.037083273137E-2,
-1.508439179406E-2));
#7218=CARTESIAN_POINT('',(-5.065660550175E-2,-1.148223779030E-2,
-1.670093212260E-2));
#7219=CARTESIAN_POINT('',(-4.778881864090E-2,-1.125098779918E-2,
-8.872280963241E-3));
#7220=CARTESIAN_POINT('',(-4.890161197097E-2,-1.278564293591E-2,
-1.008247617434E-2));
#7221=CARTESIAN_POINT('',(-5.001440530103E-2,-1.432029807264E-2,
-1.129267138544E-2));
#7222=CARTESIAN_POINT('',(-5.112719863110E-2,-1.585495320937E-2,
-1.250286659655E-2));
#7223=CARTESIAN_POINT('',(-4.817455388895E-2,-1.298566100383E-2,
-5.824388822976E-3));
#7224=CARTESIAN_POINT('',(-4.928734721902E-2,-1.475692871108E-2,
-6.618846019538E-3));
#7225=CARTESIAN_POINT('',(-5.040014054908E-2,-1.652819641833E-2,
-7.413303216099E-3));
#7226=CARTESIAN_POINT('',(-5.151293387915E-2,-1.829946412558E-2,
-8.207760412661E-3));
#7227=CARTESIAN_POINT('',(-4.839035189083E-2,-1.358462780786E-2,
-3.965671388122E-3));
#7228=CARTESIAN_POINT('',(-4.950314522090E-2,-1.543759567326E-2,
-4.506596156239E-3));
#7229=CARTESIAN_POINT('',(-5.061593855096E-2,-1.729056353866E-2,
-5.047520924356E-3));
#7230=CARTESIAN_POINT('',(-5.172873188103E-2,-1.914353140406E-2,
-5.588445692473E-3));
#7231=CARTESIAN_POINT('',(-4.847543125571E-2,-1.375830230892E-2,
-3.218071998787E-3));
#7232=CARTESIAN_POINT('',(-4.958822458577E-2,-1.563495969118E-2,
-3.657022854610E-3));
#7233=CARTESIAN_POINT('',(-5.070101791584E-2,-1.751161707344E-2,
-4.095973710432E-3));
#7234=CARTESIAN_POINT('',(-5.181381124590E-2,-1.938827445570E-2,
-4.534924566255E-3));
#7235=B_SPLINE_SURFACE_WITH_KNOTS('',3,3,((#6967,#6968,#6969,#6970),(#6971,
#6972,#6973,#6974),(#6975,#6976,#6977,#6978),(#6979,#6980,#6981,#6982),(#6983,
#6984,#6985,#6986),(#6987,#6988,#6989,#6990),(#6991,#6992,#6993,#6994),(#6995,
#6996,#6997,#6998),(#6999,#7000,#7001,#7002),(#7003,#7004,#7005,#7006),(#7007,
#7008,#7009,#7010),(#7011,#7012,#7013,#7014),(#7015,#7016,#7017,#7018),(#7019,
#7020,#7021,#7022),(#7023,#7024,#7025,#7026),(#7027,#7028,#7029,#7030),(#7031,
#7032,#7033,#7034),(#7035,#7036,#7037,#7038),(#7039,#7040,#7041,#7042),(#7043,
#7044,#7045,#7046),(#7047,#7048,#7049,#7050),(#7051,#7052,#7053,#7054),(#7055,
#7056,#7057,#7058),(#7059,#7060,#7061,#7062),(#7063,#7064,#7065,#7066),(#7067,
#7068,#7069,#7070),(#7071,#7072,#7073,#7074),(#7075,#7076,#7077,#7078),(#7079,
#7080,#7081,#7082),(#7083,#7084,#7085,#7086),(#7087,#7088,#7089,#7090),(#7091,
#7092,#7093,#7094),(#7095,#7096,#7097,#7098),(#7099,#7100,#7101,#7102),(#7103,
#7104,#7105,#7106),(#7107,#7108,#7109,#7110),(#7111,#7112,#7113,#7114),(#7115,
#7116,#7117,#7118),(#7119,#7120,#7121,#7122),(#7123,#7124,#7125,#7126),(#7127,
#7128,#7129,#7130),(#7131,#7132,#7133,#7134),(#7135,#7136,#7137,#7138),(#7139,
#7140,#7141,#7142),(#7143,#7144,#7145,#7146),(#7147,#7148,#7149,#7150),(#7151,
#7152,#7153,#7154),(#7155,#7156,#7157,#7158),(#7159,#7160,#7161,#7162),(#7163,
#7164,#7165,#7166),(#7167,#7168,#7169,#7170),(#7171,#7172,#7173,#7174),(#7175,
#7176,#7177,#7178),(#7179,#7180,#7181,#7182),(#7183,#7184,#7185,#7186),(#7187,
#7188,#7189,#7190),(#7191,#7192,#7193,#7194),(#7195,#7196,#7197,#7198),(#7199,
#7200,#7201,#7202),(#7203,#7204,#7205,#7206),(#7207,#7208,#7209,#7210),(#7211,
#7212,#7213,#7214),(#7215,#7216,#7217,#7218),(#7219,#7220,#7221,#7222),(#7223,
#7224,#7225,#7226),(#7227,#7228,#7229,#7230),(#7231,#7232,#7233,#7234)),
.UNSPECIFIED.,.F.,.F.,.F.,(4,1,1,1,1,1,1,1,1,1,1,1,1,1,1,1,1,1,1,1,1,1,1,1,1,1,
1,1,1,1,1,1,1,1,1,1,1,1,1,1,1,1,1,1,1,1,1,1,1,1,1,1,1,1,1,1,1,1,1,1,1,1,1,1,4),(
4,4),(-8.135592028734E-3,0.E0,1.249985468289E-2,2.874986072732E-2,
4.499986677174E-2,6.124987281617E-2,7.749987886060E-2,9.374988490502E-2,
1.099998909494E-1,1.262498969939E-1,1.424999030383E-1,1.587499090827E-1,
1.749999151271E-1,1.912499211716E-1,2.074999272160E-1,2.237499332604E-1,
2.399999393048E-1,2.562499453493E-1,2.724999513937E-1,2.887499574381E-1,
3.049999634825E-1,3.212499695270E-1,3.374999755714E-1,3.537499816158E-1,
3.699999876603E-1,3.862499937047E-1,4.024999997491E-1,4.187500057935E-1,
4.350000118380E-1,4.512500178824E-1,4.675000239268E-1,4.837500299712E-1,
5.000000360157E-1,5.162500420601E-1,5.325000481045E-1,5.487500541489E-1,
5.650000601934E-1,5.812500662378E-1,5.975000722822E-1,6.137500783266E-1,
6.300000843711E-1,6.462500904155E-1,6.625000964599E-1,6.787501025043E-1,
6.950001085488E-1,7.112501145932E-1,7.275001206376E-1,7.437501266820E-1,
7.600001327265E-1,7.762501387709E-1,7.925001448153E-1,8.087501508597E-1,
8.250001569042E-1,8.412501629486E-1,8.575001689930E-1,8.737501750374E-1,
8.900001810819E-1,9.062501871263E-1,9.225001931707E-1,9.387501992151E-1,
9.550002052596E-1,9.712502113040E-1,9.875002173484E-1,1.E0,1.008135592547E0),(
-2.177700838672E-2,1.021852422826E0),.UNSPECIFIED.);
#7236=ORIENTED_EDGE('',*,*,#6376,.F.);
#7237=ORIENTED_EDGE('',*,*,#6954,.T.);
#7238=ORIENTED_EDGE('',*,*,#5793,.T.);
#7240=ORIENTED_EDGE('',*,*,#7239,.T.);
#7242=ORIENTED_EDGE('',*,*,#7241,.T.);
#7244=ORIENTED_EDGE('',*,*,#7243,.T.);
#7246=ORIENTED_EDGE('',*,*,#7245,.T.);
#7248=ORIENTED_EDGE('',*,*,#7247,.T.);
#7250=ORIENTED_EDGE('',*,*,#7249,.F.);
#7252=ORIENTED_EDGE('',*,*,#7251,.F.);
#7253=EDGE_LOOP('',(#7236,#7237,#7238,#7240,#7242,#7244,#7246,#7248,#7250,
#7252));
#7254=FACE_OUTER_BOUND('',#7253,.F.);
#7256=FILL_AREA_STYLE_COLOUR('',#50);
#7257=FILL_AREA_STYLE('',(#7256));
#7258=SURFACE_STYLE_FILL_AREA(#7257);
#7259=SURFACE_SIDE_STYLE('',(#7258));
#7260=SURFACE_STYLE_USAGE(.BOTH.,#7259);
#7261=PRESENTATION_STYLE_ASSIGNMENT((#7260));
#7262=OVER_RIDING_STYLED_ITEM('',(#7261),#7255,#119);
#7263=CARTESIAN_POINT('',(-6.496062992126E-2,0.E0,0.E0));
#7264=DIRECTION('',(1.E0,0.E0,0.E0));
#7265=DIRECTION('',(0.E0,-1.E0,0.E0));
#7266=AXIS2_PLACEMENT_3D('',#7263,#7264,#7265);
#7267=CYLINDRICAL_SURFACE('',#7266,1.968503937008E-2);
#7268=ORIENTED_EDGE('',*,*,#7239,.F.);
#7269=ORIENTED_EDGE('',*,*,#5791,.T.);
#7270=ORIENTED_EDGE('',*,*,#6091,.F.);
#7272=ORIENTED_EDGE('',*,*,#7271,.T.);
#7273=EDGE_LOOP('',(#7268,#7269,#7270,#7272));
#7274=FACE_OUTER_BOUND('',#7273,.F.);
#7276=FILL_AREA_STYLE_COLOUR('',#50);
#7277=FILL_AREA_STYLE('',(#7276));
#7278=SURFACE_STYLE_FILL_AREA(#7277);
#7279=SURFACE_SIDE_STYLE('',(#7278));
#7280=SURFACE_STYLE_USAGE(.BOTH.,#7279);
#7281=PRESENTATION_STYLE_ASSIGNMENT((#7280));
#7282=OVER_RIDING_STYLED_ITEM('',(#7281),#7275,#119);
#7283=CARTESIAN_POINT('',(-6.496062992126E-2,0.E0,0.E0));
#7284=DIRECTION('',(1.E0,0.E0,0.E0));
#7285=DIRECTION('',(0.E0,-1.E0,0.E0));
#7286=AXIS2_PLACEMENT_3D('',#7283,#7284,#7285);
#7287=CYLINDRICAL_SURFACE('',#7286,1.968503937008E-2);
#7288=ORIENTED_EDGE('',*,*,#6089,.F.);
#7290=ORIENTED_EDGE('',*,*,#7289,.F.);
#7291=ORIENTED_EDGE('',*,*,#7241,.F.);
#7292=ORIENTED_EDGE('',*,*,#7271,.F.);
#7293=EDGE_LOOP('',(#7288,#7290,#7291,#7292));
#7294=FACE_OUTER_BOUND('',#7293,.F.);
#7296=FILL_AREA_STYLE_COLOUR('',#50);
#7297=FILL_AREA_STYLE('',(#7296));
#7298=SURFACE_STYLE_FILL_AREA(#7297);
#7299=SURFACE_SIDE_STYLE('',(#7298));
#7300=SURFACE_STYLE_USAGE(.BOTH.,#7299);
#7301=PRESENTATION_STYLE_ASSIGNMENT((#7300));
#7302=OVER_RIDING_STYLED_ITEM('',(#7301),#7295,#119);
#7303=CARTESIAN_POINT('',(-6.496062992126E-2,0.E0,0.E0));
#7304=DIRECTION('',(1.E0,0.E0,0.E0));
#7305=DIRECTION('',(0.E0,-1.E0,0.E0));
#7306=AXIS2_PLACEMENT_3D('',#7303,#7304,#7305);
#7307=CYLINDRICAL_SURFACE('',#7306,1.968503937008E-2);
#7308=ORIENTED_EDGE('',*,*,#7243,.F.);
#7309=ORIENTED_EDGE('',*,*,#7289,.T.);
#7310=ORIENTED_EDGE('',*,*,#6087,.F.);
#7312=ORIENTED_EDGE('',*,*,#7311,.T.);
#7313=EDGE_LOOP('',(#7308,#7309,#7310,#7312));
#7314=FACE_OUTER_BOUND('',#7313,.F.);
#7316=FILL_AREA_STYLE_COLOUR('',#50);
#7317=FILL_AREA_STYLE('',(#7316));
#7318=SURFACE_STYLE_FILL_AREA(#7317);
#7319=SURFACE_SIDE_STYLE('',(#7318));
#7320=SURFACE_STYLE_USAGE(.BOTH.,#7319);
#7321=PRESENTATION_STYLE_ASSIGNMENT((#7320));
#7322=OVER_RIDING_STYLED_ITEM('',(#7321),#7315,#119);
#7323=CARTESIAN_POINT('',(-6.496062992126E-2,0.E0,0.E0));
#7324=DIRECTION('',(1.E0,0.E0,0.E0));
#7325=DIRECTION('',(0.E0,-1.E0,0.E0));
#7326=AXIS2_PLACEMENT_3D('',#7323,#7324,#7325);
#7327=CYLINDRICAL_SURFACE('',#7326,1.968503937008E-2);
#7328=ORIENTED_EDGE('',*,*,#7311,.F.);
#7329=ORIENTED_EDGE('',*,*,#6085,.F.);
#7330=ORIENTED_EDGE('',*,*,#6083,.F.);
#7332=ORIENTED_EDGE('',*,*,#7331,.T.);
#7334=ORIENTED_EDGE('',*,*,#7333,.T.);
#7335=ORIENTED_EDGE('',*,*,#7247,.F.);
#7336=ORIENTED_EDGE('',*,*,#7245,.F.);
#7337=EDGE_LOOP('',(#7328,#7329,#7330,#7332,#7334,#7335,#7336));
#7338=FACE_OUTER_BOUND('',#7337,.F.);
#7340=FILL_AREA_STYLE_COLOUR('',#50);
#7341=FILL_AREA_STYLE('',(#7340));
#7342=SURFACE_STYLE_FILL_AREA(#7341);
#7343=SURFACE_SIDE_STYLE('',(#7342));
#7344=SURFACE_STYLE_USAGE(.BOTH.,#7343);
#7345=PRESENTATION_STYLE_ASSIGNMENT((#7344));
#7346=OVER_RIDING_STYLED_ITEM('',(#7345),#7339,#119);
#7347=CARTESIAN_POINT('',(-4.681348353493E-2,0.E0,0.E0));
#7348=DIRECTION('',(1.E0,0.E0,0.E0));
#7349=DIRECTION('',(0.E0,0.E0,1.E0));
#7350=AXIS2_PLACEMENT_3D('',#7347,#7348,#7349);
#7351=CONICAL_SURFACE('',#7350,1.702133058563E-2,6.E1);
#7352=ORIENTED_EDGE('',*,*,#7249,.T.);
#7353=ORIENTED_EDGE('',*,*,#7333,.F.);
#7354=ORIENTED_EDGE('',*,*,#7331,.F.);
#7355=ORIENTED_EDGE('',*,*,#6081,.T.);
#7357=ORIENTED_EDGE('',*,*,#7356,.F.);
#7359=ORIENTED_EDGE('',*,*,#7358,.F.);
#7361=ORIENTED_EDGE('',*,*,#7360,.F.);
#7362=ORIENTED_EDGE('',*,*,#7251,.T.);
#7363=EDGE_LOOP('',(#7352,#7353,#7354,#7355,#7357,#7359,#7361,#7362));
#7364=FACE_OUTER_BOUND('',#7363,.F.);
#7366=FILL_AREA_STYLE_COLOUR('',#50);
#7367=FILL_AREA_STYLE('',(#7366));
#7368=SURFACE_STYLE_FILL_AREA(#7367);
#7369=SURFACE_SIDE_STYLE('',(#7368));
#7370=SURFACE_STYLE_USAGE(.BOTH.,#7369);
#7371=PRESENTATION_STYLE_ASSIGNMENT((#7370));
#7372=OVER_RIDING_STYLED_ITEM('',(#7371),#7365,#119);
#7373=CARTESIAN_POINT('',(-6.614625392824E-2,0.E0,0.E0));
#7374=DIRECTION('',(1.E0,0.E0,0.E0));
#7375=DIRECTION('',(0.E0,0.E0,1.E0));
#7376=AXIS2_PLACEMENT_3D('',#7373,#7374,#7375);
#7377=CYLINDRICAL_SURFACE('',#7376,1.435762180118E-2);
#7379=ORIENTED_EDGE('',*,*,#7378,.F.);
#7381=ORIENTED_EDGE('',*,*,#7380,.T.);
#7383=ORIENTED_EDGE('',*,*,#7382,.F.);
#7384=ORIENTED_EDGE('',*,*,#7356,.T.);
#7385=ORIENTED_EDGE('',*,*,#6378,.T.);
#7386=ORIENTED_EDGE('',*,*,#7360,.T.);
#7387=EDGE_LOOP('',(#7379,#7381,#7383,#7384,#7385,#7386));
#7388=FACE_OUTER_BOUND('',#7387,.F.);
#7390=FILL_AREA_STYLE_COLOUR('',#50);
#7391=FILL_AREA_STYLE('',(#7390));
#7392=SURFACE_STYLE_FILL_AREA(#7391);
#7393=SURFACE_SIDE_STYLE('',(#7392));
#7394=SURFACE_STYLE_USAGE(.BOTH.,#7393);
#7395=PRESENTATION_STYLE_ASSIGNMENT((#7394));
#7396=OVER_RIDING_STYLED_ITEM('',(#7395),#7389,#119);
#7397=CARTESIAN_POINT('',(-6.614625392824E-2,0.E0,0.E0));
#7398=DIRECTION('',(1.E0,0.E0,0.E0));
#7399=DIRECTION('',(0.E0,0.E0,1.E0));
#7400=AXIS2_PLACEMENT_3D('',#7397,#7398,#7399);
#7401=CYLINDRICAL_SURFACE('',#7400,1.435762180118E-2);
#7402=ORIENTED_EDGE('',*,*,#7382,.T.);
#7404=ORIENTED_EDGE('',*,*,#7403,.T.);
#7405=ORIENTED_EDGE('',*,*,#7378,.T.);
#7406=ORIENTED_EDGE('',*,*,#7358,.T.);
#7407=EDGE_LOOP('',(#7402,#7404,#7405,#7406));
#7408=FACE_OUTER_BOUND('',#7407,.F.);
#7410=FILL_AREA_STYLE_COLOUR('',#50);
#7411=FILL_AREA_STYLE('',(#7410));
#7412=SURFACE_STYLE_FILL_AREA(#7411);
#7413=SURFACE_SIDE_STYLE('',(#7412));
#7414=SURFACE_STYLE_USAGE(.BOTH.,#7413);
#7415=PRESENTATION_STYLE_ASSIGNMENT((#7414));
#7416=OVER_RIDING_STYLED_ITEM('',(#7415),#7409,#119);
#7417=CARTESIAN_POINT('',(-6.102362204724E-2,0.E0,0.E0));
#7418=DIRECTION('',(1.E0,0.E0,0.E0));
#7419=DIRECTION('',(0.E0,0.E0,1.E0));
#7420=AXIS2_PLACEMENT_3D('',#7417,#7418,#7419);
#7421=TOROIDAL_SURFACE('',#7420,1.829462967520E-2,3.937007874016E-3);
#7423=ORIENTED_EDGE('',*,*,#7422,.T.);
#7424=ORIENTED_EDGE('',*,*,#7403,.F.);
#7426=ORIENTED_EDGE('',*,*,#7425,.T.);
#7428=ORIENTED_EDGE('',*,*,#7427,.T.);
#7429=EDGE_LOOP('',(#7423,#7424,#7426,#7428));
#7430=FACE_OUTER_BOUND('',#7429,.F.);
#7432=FILL_AREA_STYLE_COLOUR('',#50);
#7433=FILL_AREA_STYLE('',(#7432));
#7434=SURFACE_STYLE_FILL_AREA(#7433);
#7435=SURFACE_SIDE_STYLE('',(#7434));
#7436=SURFACE_STYLE_USAGE(.BOTH.,#7435);
#7437=PRESENTATION_STYLE_ASSIGNMENT((#7436));
#7438=OVER_RIDING_STYLED_ITEM('',(#7437),#7431,#119);
#7439=CARTESIAN_POINT('',(-6.102362204724E-2,0.E0,0.E0));
#7440=DIRECTION('',(1.E0,0.E0,0.E0));
#7441=DIRECTION('',(0.E0,0.E0,1.E0));
#7442=AXIS2_PLACEMENT_3D('',#7439,#7440,#7441);
#7443=TOROIDAL_SURFACE('',#7442,1.829462967520E-2,3.937007874016E-3);
#7444=ORIENTED_EDGE('',*,*,#7425,.F.);
#7445=ORIENTED_EDGE('',*,*,#7380,.F.);
#7446=ORIENTED_EDGE('',*,*,#7422,.F.);
#7448=ORIENTED_EDGE('',*,*,#7447,.T.);
#7449=EDGE_LOOP('',(#7444,#7445,#7446,#7448));
#7450=FACE_OUTER_BOUND('',#7449,.F.);
#7452=FILL_AREA_STYLE_COLOUR('',#50);
#7453=FILL_AREA_STYLE('',(#7452));
#7454=SURFACE_STYLE_FILL_AREA(#7453);
#7455=SURFACE_SIDE_STYLE('',(#7454));
#7456=SURFACE_STYLE_USAGE(.BOTH.,#7455);
#7457=PRESENTATION_STYLE_ASSIGNMENT((#7456));
#7458=OVER_RIDING_STYLED_ITEM('',(#7457),#7451,#119);
#7459=CARTESIAN_POINT('',(-6.496062992126E-2,0.E0,0.E0));
#7460=DIRECTION('',(1.E0,0.E0,0.E0));
#7461=DIRECTION('',(0.E0,0.E0,1.E0));
#7462=AXIS2_PLACEMENT_3D('',#7459,#7460,#7461);
#7463=PLANE('',#7462);
#7465=ORIENTED_EDGE('',*,*,#7464,.F.);
#7467=ORIENTED_EDGE('',*,*,#7466,.F.);
#7468=EDGE_LOOP('',(#7465,#7467));
#7469=FACE_OUTER_BOUND('',#7468,.F.);
#7470=ORIENTED_EDGE('',*,*,#7447,.F.);
#7471=ORIENTED_EDGE('',*,*,#7427,.F.);
#7472=EDGE_LOOP('',(#7470,#7471));
#7473=FACE_BOUND('',#7472,.F.);
#7475=FILL_AREA_STYLE_COLOUR('',#50);
#7476=FILL_AREA_STYLE('',(#7475));
#7477=SURFACE_STYLE_FILL_AREA(#7476);
#7478=SURFACE_SIDE_STYLE('',(#7477));
#7479=SURFACE_STYLE_USAGE(.BOTH.,#7478);
#7480=PRESENTATION_STYLE_ASSIGNMENT((#7479));
#7481=OVER_RIDING_STYLED_ITEM('',(#7480),#7474,#119);
#7482=CARTESIAN_POINT('',(-7.874015748031E-2,0.E0,0.E0));
#7483=DIRECTION('',(1.E0,0.E0,0.E0));
#7484=DIRECTION('',(0.E0,0.E0,1.E0));
#7485=AXIS2_PLACEMENT_3D('',#7482,#7483,#7484);
#7486=CONICAL_SURFACE('',#7485,3.816452629E-2,5.E0);
#7488=ORIENTED_EDGE('',*,*,#7487,.T.);
#7490=ORIENTED_EDGE('',*,*,#7489,.F.);
#7492=ORIENTED_EDGE('',*,*,#7491,.T.);
#7494=ORIENTED_EDGE('',*,*,#7493,.T.);
#7495=ORIENTED_EDGE('',*,*,#7464,.T.);
#7497=ORIENTED_EDGE('',*,*,#7496,.T.);
#7499=ORIENTED_EDGE('',*,*,#7498,.T.);
#7501=ORIENTED_EDGE('',*,*,#7500,.F.);
#7502=EDGE_LOOP('',(#7488,#7490,#7492,#7494,#7495,#7497,#7499,#7501));
#7503=FACE_OUTER_BOUND('',#7502,.F.);
#7505=FILL_AREA_STYLE_COLOUR('',#50);
#7506=FILL_AREA_STYLE('',(#7505));
#7507=SURFACE_STYLE_FILL_AREA(#7506);
#7508=SURFACE_SIDE_STYLE('',(#7507));
#7509=SURFACE_STYLE_USAGE(.BOTH.,#7508);
#7510=PRESENTATION_STYLE_ASSIGNMENT((#7509));
#7511=OVER_RIDING_STYLED_ITEM('',(#7510),#7504,#119);
#7512=CARTESIAN_POINT('',(-7.480314960630E-2,-3.937007874016E-2,
1.043307086614E-2));
#7513=DIRECTION('',(1.E0,0.E0,0.E0));
#7514=DIRECTION('',(0.E0,0.E0,-1.E0));
#7515=AXIS2_PLACEMENT_3D('',#7512,#7513,#7514);
#7516=PLANE('',#7515);
#7518=ORIENTED_EDGE('',*,*,#7517,.F.);
#7520=ORIENTED_EDGE('',*,*,#7519,.T.);
#7521=ORIENTED_EDGE('',*,*,#7487,.F.);
#7523=ORIENTED_EDGE('',*,*,#7522,.F.);
#7524=EDGE_LOOP('',(#7518,#7520,#7521,#7523));
#7525=FACE_OUTER_BOUND('',#7524,.F.);
#7527=FILL_AREA_STYLE_COLOUR('',#50);
#7528=FILL_AREA_STYLE('',(#7527));
#7529=SURFACE_STYLE_FILL_AREA(#7528);
#7530=SURFACE_SIDE_STYLE('',(#7529));
#7531=SURFACE_STYLE_USAGE(.BOTH.,#7530);
#7532=PRESENTATION_STYLE_ASSIGNMENT((#7531));
#7533=OVER_RIDING_STYLED_ITEM('',(#7532),#7526,#119);
#7534=CARTESIAN_POINT('',(-7.874015748031E-2,0.E0,0.E0));
#7535=DIRECTION('',(1.E0,0.E0,0.E0));
#7536=DIRECTION('',(0.E0,0.E0,1.E0));
#7537=AXIS2_PLACEMENT_3D('',#7534,#7535,#7536);
#7538=CONICAL_SURFACE('',#7537,3.816452629E-2,5.E0);
#7540=ORIENTED_EDGE('',*,*,#7539,.T.);
#7542=ORIENTED_EDGE('',*,*,#7541,.F.);
#7543=ORIENTED_EDGE('',*,*,#7517,.T.);
#7545=ORIENTED_EDGE('',*,*,#7544,.F.);
#7547=ORIENTED_EDGE('',*,*,#7546,.T.);
#7548=ORIENTED_EDGE('',*,*,#7496,.F.);
#7549=ORIENTED_EDGE('',*,*,#7466,.T.);
#7550=ORIENTED_EDGE('',*,*,#7493,.F.);
#7551=EDGE_LOOP('',(#7540,#7542,#7543,#7545,#7547,#7548,#7549,#7550));
#7552=FACE_OUTER_BOUND('',#7551,.F.);
#7554=FILL_AREA_STYLE_COLOUR('',#50);
#7555=FILL_AREA_STYLE('',(#7554));
#7556=SURFACE_STYLE_FILL_AREA(#7555);
#7557=SURFACE_SIDE_STYLE('',(#7556));
#7558=SURFACE_STYLE_USAGE(.BOTH.,#7557);
#7559=PRESENTATION_STYLE_ASSIGNMENT((#7558));
#7560=OVER_RIDING_STYLED_ITEM('',(#7559),#7553,#119);
#7561=CARTESIAN_POINT('',(-9.251968503937E-2,0.E0,0.E0));
#7562=DIRECTION('',(1.E0,0.E0,0.E0));
#7563=DIRECTION('',(0.E0,0.E0,1.E0));
#7564=AXIS2_PLACEMENT_3D('',#7561,#7562,#7563);
#7565=PLANE('',#7564);
#7566=ORIENTED_EDGE('',*,*,#7491,.F.);
#7568=ORIENTED_EDGE('',*,*,#7567,.T.);
#7569=ORIENTED_EDGE('',*,*,#7539,.F.);
#7570=EDGE_LOOP('',(#7566,#7568,#7569));
#7571=FACE_OUTER_BOUND('',#7570,.F.);
#7573=FILL_AREA_STYLE_COLOUR('',#50);
#7574=FILL_AREA_STYLE('',(#7573));
#7575=SURFACE_STYLE_FILL_AREA(#7574);
#7576=SURFACE_SIDE_STYLE('',(#7575));
#7577=SURFACE_STYLE_USAGE(.BOTH.,#7576);
#7578=PRESENTATION_STYLE_ASSIGNMENT((#7577));
#7579=OVER_RIDING_STYLED_ITEM('',(#7578),#7572,#119);
#7580=CARTESIAN_POINT('',(-1.102362204724E-1,-3.937007874016E-2,
1.043307086614E-2));
#7581=DIRECTION('',(0.E0,0.E0,1.E0));
#7582=DIRECTION('',(1.E0,0.E0,0.E0));
#7583=AXIS2_PLACEMENT_3D('',#7580,#7581,#7582);
#7584=PLANE('',#7583);
#7585=ORIENTED_EDGE('',*,*,#7489,.T.);
#7586=ORIENTED_EDGE('',*,*,#7519,.F.);
#7587=ORIENTED_EDGE('',*,*,#7541,.T.);
#7588=ORIENTED_EDGE('',*,*,#7567,.F.);
#7589=EDGE_LOOP('',(#7585,#7586,#7587,#7588));
#7590=FACE_OUTER_BOUND('',#7589,.F.);
#7592=FILL_AREA_STYLE_COLOUR('',#50);
#7593=FILL_AREA_STYLE('',(#7592));
#7594=SURFACE_STYLE_FILL_AREA(#7593);
#7595=SURFACE_SIDE_STYLE('',(#7594));
#7596=SURFACE_STYLE_USAGE(.BOTH.,#7595);
#7597=PRESENTATION_STYLE_ASSIGNMENT((#7596));
#7598=OVER_RIDING_STYLED_ITEM('',(#7597),#7591,#119);
#7599=CARTESIAN_POINT('',(-7.480314960630E-2,-3.937007874016E-2,
-1.043307086614E-2));
#7600=DIRECTION('',(0.E0,0.E0,-1.E0));
#7601=DIRECTION('',(-1.E0,0.E0,0.E0));
#7602=AXIS2_PLACEMENT_3D('',#7599,#7600,#7601);
#7603=PLANE('',#7602);
#7604=ORIENTED_EDGE('',*,*,#7544,.T.);
#7605=ORIENTED_EDGE('',*,*,#7522,.T.);
#7606=ORIENTED_EDGE('',*,*,#7500,.T.);
#7608=ORIENTED_EDGE('',*,*,#7607,.T.);
#7609=EDGE_LOOP('',(#7604,#7605,#7606,#7608));
#7610=FACE_OUTER_BOUND('',#7609,.F.);
#7612=FILL_AREA_STYLE_COLOUR('',#50);
#7613=FILL_AREA_STYLE('',(#7612));
#7614=SURFACE_STYLE_FILL_AREA(#7613);
#7615=SURFACE_SIDE_STYLE('',(#7614));
#7616=SURFACE_STYLE_USAGE(.BOTH.,#7615);
#7617=PRESENTATION_STYLE_ASSIGNMENT((#7616));
#7618=OVER_RIDING_STYLED_ITEM('',(#7617),#7611,#119);
#7619=CARTESIAN_POINT('',(-9.251968503937E-2,0.E0,0.E0));
#7620=DIRECTION('',(1.E0,0.E0,0.E0));
#7621=DIRECTION('',(0.E0,0.E0,1.E0));
#7622=AXIS2_PLACEMENT_3D('',#7619,#7620,#7621);
#7623=PLANE('',#7622);
#7624=ORIENTED_EDGE('',*,*,#7546,.F.);
#7625=ORIENTED_EDGE('',*,*,#7607,.F.);
#7626=ORIENTED_EDGE('',*,*,#7498,.F.);
#7627=EDGE_LOOP('',(#7624,#7625,#7626));
#7628=FACE_OUTER_BOUND('',#7627,.F.);
#7630=FILL_AREA_STYLE_COLOUR('',#50);
#7631=FILL_AREA_STYLE('',(#7630));
#7632=SURFACE_STYLE_FILL_AREA(#7631);
#7633=SURFACE_SIDE_STYLE('',(#7632));
#7634=SURFACE_STYLE_USAGE(.BOTH.,#7633);
#7635=PRESENTATION_STYLE_ASSIGNMENT((#7634));
#7636=OVER_RIDING_STYLED_ITEM('',(#7635),#7629,#119);
#7637=CLOSED_SHELL('',(#3219,#3241,#3265,#3287,#3588,#3885,#3909,#4205,#4228,
#4247,#4270,#4554,#4839,#5140,#5161,#5181,#5201,#5221,#5241,#5261,#5283,#5584,
#5604,#5626,#5647,#5668,#5689,#5710,#5731,#5754,#5776,#5800,#6097,#6383,#6667,
#6959,#7255,#7275,#7295,#7315,#7339,#7365,#7389,#7409,#7431,#7451,#7474,#7504,
#7526,#7553,#7572,#7591,#7611,#7629));
#7638=MANIFOLD_SOLID_BREP('',#7637);
#7639=FILL_AREA_STYLE_COLOUR('',#117);
#7640=FILL_AREA_STYLE('',(#7639));
#7641=SURFACE_STYLE_FILL_AREA(#7640);
#7642=SURFACE_SIDE_STYLE('',(#7641));
#7643=SURFACE_STYLE_USAGE(.BOTH.,#7642);
#7644=PRESENTATION_STYLE_ASSIGNMENT((#7643));
#119=STYLED_ITEM('',(#7644),#7638);
#7645=CARTESIAN_POINT('',(0.E0,0.E0,0.E0));
#7646=DIRECTION('',(0.E0,0.E0,1.E0));
#7647=DIRECTION('',(1.E0,0.E0,0.E0));
#7648=AXIS2_PLACEMENT_3D('PRT_CSYS_DEF',#7645,#7646,#7647);
#7649=CURVE_STYLE('',#124,POSITIVE_LENGTH_MEASURE(2.E-2),#36);
#7650=PRESENTATION_STYLE_ASSIGNMENT((#7649));
#7651=STYLED_ITEM('',(#7650),#7648);
#7652=PRESENTATION_LAYER_ASSIGNMENT('05___PRT_ALL_DTM_CSYS','',(#7648));
#7653=PRESENTATION_LAYER_ASSIGNMENT('05___PRT_DEF_DTM_CSYS','',(#7648));
#7655=LENGTH_MEASURE_WITH_UNIT(LENGTH_MEASURE(2.54E1),#7654);
#7656=(CONVERSION_BASED_UNIT('INCH',#7655)LENGTH_UNIT()NAMED_UNIT(*));
#7658=PLANE_ANGLE_MEASURE_WITH_UNIT(PLANE_ANGLE_MEASURE(1.745329251994E-2),
#7657);
#7659=(CONVERSION_BASED_UNIT('DEGREE',#7658)NAMED_UNIT(*)PLANE_ANGLE_UNIT());
#7661=UNCERTAINTY_MEASURE_WITH_UNIT(LENGTH_MEASURE(2.187827702591E-5),#7656,
'distance_accuracy_value',
'Maximum model space distance between geometric entities at asserted connectivities');
#7664=MECHANICAL_DESIGN_GEOMETRIC_PRESENTATION_REPRESENTATION('',(#127,#151,
#158,#182,#206,#230,#237,#261,#268,#284,#300,#324,#348,#365,#375,#468,#475,#499,
#510,#534,#544,#558,#574,#581,#682,#690,#698,#713,#720,#743,#755,#763,#771,#778,
#905,#1032,#1039,#1046,#1053,#1069,#1085,#1092,#1116,#1140,#1164,#1188,#1195,
#1219,#1226,#1250,#1274,#1298,#1305,#1329,#1336,#1360,#1384,#1400,#1416,#1423,
#1447,#1454,#1461,#1588,#1595,#1619,#1643,#1650,#1674,#1681,#1697,#1713,#1737,
#1761,#1768,#1792,#1799,#1823,#1847,#1871,#1878,#1902,#1909,#1933,#1957,#1981,
#1988,#2012,#2019,#2035,#2051,#2075,#2099,#2123,#2130,#2146,#2162,#2169,#2279,
#2286,#2294,#2421,#2428,#2435,#2538,#2559,#2572,#2596,#2620,#2644,#2651,#2675,
#2682,#2706,#2730,#2737,#2761,#2775,#2793,#2817,#2825,#2833,#2841,#2849,#2857,
#2864,#2871,#2879,#2887,#2895,#2903,#2911,#2919,#2927,#2935,#2945,#2955,#2963,
#2971,#2978,#2988,#2998,#3005,#3012,#3020,#3028,#3035,#3042,#3050,#3057,#3065,
#3226,#3248,#3272,#3294,#3595,#3892,#3916,#4212,#4235,#4254,#4277,#4561,#4846,
#5147,#5168,#5188,#5208,#5228,#5248,#5268,#5290,#5591,#5611,#5633,#5654,#5675,
#5696,#5717,#5738,#5761,#5783,#5807,#6104,#6390,#6674,#6966,#7262,#7282,#7302,
#7322,#7346,#7372,#7396,#7416,#7438,#7458,#7481,#7511,#7533,#7560,#7579,#7598,
#7618,#7636,#119,#7651),#7662);
#7665=APPLICATION_CONTEXT('automotive_design');
#7666=APPLICATION_PROTOCOL_DEFINITION('international standard',
'automotive_design',2001,#7665);
#7667=PRODUCT_DEFINITION_CONTEXT('part definition',#7665,'design');
#7668=PRODUCT_CONTEXT('',#7665,'mechanical');
#7669=PRODUCT('GRAINGER-6HY48','GRAINGER-6HY48','NOT SPECIFIED',(#7668));
#7670=PRODUCT_DEFINITION_FORMATION('1','LAST_VERSION',#7669);
#7678=LENGTH_MEASURE_WITH_UNIT(LENGTH_MEASURE(2.54E1),#7677);
#7679=(CONVERSION_BASED_UNIT('INCH',#7678)LENGTH_UNIT()NAMED_UNIT(*));
#7680=DERIVED_UNIT_ELEMENT(#7679,2.E0);
#7681=DERIVED_UNIT((#7680));
#7682=MEASURE_REPRESENTATION_ITEM('surface area measure',AREA_MEASURE(
4.321285833236E-2),#7681);
#7687=LENGTH_MEASURE_WITH_UNIT(LENGTH_MEASURE(2.54E1),#7686);
#7688=(CONVERSION_BASED_UNIT('INCH',#7687)LENGTH_UNIT()NAMED_UNIT(*));
#7689=DERIVED_UNIT_ELEMENT(#7688,3.E0);
#7690=DERIVED_UNIT((#7689));
#7691=MEASURE_REPRESENTATION_ITEM('volume measure',VOLUME_MEASURE(
2.339954228218E-4),#7690);
#7695=CARTESIAN_POINT('centre point',(-2.344846806597E-2,-7.275212365596E-6,
6.849463701578E-6));
#7700=LENGTH_MEASURE_WITH_UNIT(LENGTH_MEASURE(2.54E1),#7699);
#7701=(CONVERSION_BASED_UNIT('INCH',#7700)LENGTH_UNIT()NAMED_UNIT(*));
#7702=DERIVED_UNIT_ELEMENT(#7701,2.E0);
#7703=DERIVED_UNIT((#7702));
#7704=MEASURE_REPRESENTATION_ITEM('surface area measure',AREA_MEASURE(
4.321285833236E-2),#7703);
#7709=LENGTH_MEASURE_WITH_UNIT(LENGTH_MEASURE(2.54E1),#7708);
#7710=(CONVERSION_BASED_UNIT('INCH',#7709)LENGTH_UNIT()NAMED_UNIT(*));
#7711=DERIVED_UNIT_ELEMENT(#7710,3.E0);
#7712=DERIVED_UNIT((#7711));
#7713=MEASURE_REPRESENTATION_ITEM('volume measure',VOLUME_MEASURE(
2.339954228218E-4),#7712);
#7717=CARTESIAN_POINT('centre point',(-2.344846806597E-2,-7.275212365596E-6,
6.849463701578E-6));
#7722=PRODUCT_RELATED_PRODUCT_CATEGORY('part','',(#7669));
#7724=GENERAL_PROPERTY('','DESCRIPTION','user defined attribute');
#7725=GENERAL_PROPERTY_ASSOCIATION('user defined attribute','',#7724,#7723);
#7726=DESCRIPTIVE_REPRESENTATION_ITEM('DESCRIPTION','');
#7730=GENERAL_PROPERTY('','MODELED_BY','user defined attribute');
#7731=GENERAL_PROPERTY_ASSOCIATION('user defined attribute','',#7730,#7729);
#7732=DESCRIPTIVE_REPRESENTATION_ITEM('MODELED_BY','');
#1=COLOUR_RGB('',0.E0,0.E0,5.01961E-1);
#2=COLOUR_RGB('',0.E0,9.4118E-2,9.76471E-1);
#3=DRAUGHTING_PRE_DEFINED_COLOUR('green');
#4=COLOUR_RGB('',1.1E-2,1.2E-2,1.E0);
#5=COLOUR_RGB('',6.2745E-2,3.68627E-1,1.41176E-1);
#6=COLOUR_RGB('',9.4118E-2,1.09804E-1,1.41176E-1);
#7=COLOUR_RGB('',1.80392E-1,2.07843E-1,1.80392E-1);
#8=COLOUR_RGB('',1.80392E-1,6.E-1,5.72549E-1);
#9=COLOUR_RGB('',2.31373E-1,6.94118E-1,2.62745E-1);
#10=COLOUR_RGB('',2.4E-1,2.4E-1,2.4E-1);
#11=COLOUR_RGB('',3.3E-1,5.6E-1,5.8E-1);
#12=COLOUR_RGB('',3.4902E-1,3.4902E-1,3.4902E-1);
#13=COLOUR_RGB('',3.52941E-1,3.4902E-1,3.41176E-1);
#14=COLOUR_RGB('',3.92157E-1,0.E0,3.92157E-1);
#15=COLOUR_RGB('',3.92E-1,1.2E-2,1.2E-2);
#16=COLOUR_RGB('',3.96078E-1,4.03922E-1,3.84314E-1);
#17=COLOUR_RGB('',4.1E-1,0.E0,2.2E-1);
#18=COLOUR_RGB('',4.23529E-1,4.23529E-1,4.23529E-1);
#19=COLOUR_RGB('',4.58824E-1,4.54902E-1,2.90196E-1);
#20=COLOUR_RGB('',4.62745E-1,4.5098E-1,4.31373E-1);
#21=COLOUR_RGB('',4.62745E-1,5.09804E-1,5.01961E-1);
#22=COLOUR_RGB('',4.86275E-1,2.78431E-1,0.E0);
#23=COLOUR_RGB('',5.E-1,7.05882E-1,7.05882E-1);
#24=COLOUR_RGB('',5.01961E-1,5.17647E-1,4.86275E-1);
#25=COLOUR_RGB('',5.05882E-1,4.78431E-1,4.07843E-1);
#26=COLOUR_RGB('',5.05882E-1,4.90196E-1,3.68627E-1);
#27=COLOUR_RGB('',5.17647E-1,6.5098E-1,7.56863E-1);
#28=COLOUR_RGB('',5.2E-1,6.8E-1,6.5E-1);
#29=COLOUR_RGB('',5.23922E-1,6.23922E-1,6.33333E-1);
#30=COLOUR_RGB('',5.33333E-1,6.70588E-1,8.27451E-1);
#31=COLOUR_RGB('',5.56863E-1,5.05882E-1,3.72549E-1);
#32=COLOUR_RGB('',5.64706E-1,9.33333E-1,5.64706E-1);
#33=COLOUR_RGB('',5.76471E-1,4.43137E-1,2.5098E-1);
#34=COLOUR_RGB('',5.80392E-1,5.84314E-1,5.60784E-1);
#35=COLOUR_RGB('',5.84314E-1,5.56863E-1,4.86275E-1);
#36=COLOUR_RGB('',6.E-1,4.E-1,2.E-1);
#37=COLOUR_RGB('',6.E-1,6.6E-1,6.66667E-1);
#38=COLOUR_RGB('',6.E-1,8.E-1,1.E0);
#39=COLOUR_RGB('',6.07843E-1,6.11765E-1,5.92157E-1);
#40=COLOUR_RGB('',6.11765E-1,5.37255E-1,5.01961E-1);
#41=COLOUR_RGB('',6.11765E-1,5.52941E-1,3.05882E-1);
#42=COLOUR_RGB('',6.27451E-1,5.17647E-1,4.23529E-1);
#43=COLOUR_RGB('',6.27451E-1,6.31373E-1,6.11765E-1);
#44=COLOUR_RGB('',6.27451E-1,6.35294E-1,6.27451E-1);
#45=COLOUR_RGB('',6.27451E-1,7.09804E-1,6.27451E-1);
#46=COLOUR_RGB('',6.39216E-1,4.E-1,2.07843E-1);
#47=COLOUR_RGB('',6.39216E-1,6.5098E-1,6.98039E-1);
#48=COLOUR_RGB('',6.54902E-1,6.58824E-1,6.70588E-1);
#49=COLOUR_RGB('',6.66667E-1,4.66667E-1,3.37255E-1);
#50=COLOUR_RGB('',6.66667E-1,6.66667E-1,6.66667E-1);
#51=COLOUR_RGB('',6.66667E-1,6.98039E-1,7.2549E-1);
#52=COLOUR_RGB('',6.78431E-1,5.96078E-1,4.27451E-1);
#53=COLOUR_RGB('',6.78431E-1,6.07843E-1,3.84314E-1);
#54=COLOUR_RGB('',6.78431E-1,7.01961E-1,6.94118E-1);
#55=COLOUR_RGB('',6.86275E-1,7.21569E-1,7.2549E-1);
#56=COLOUR_RGB('',6.98039E-1,0.E0,9.29412E-1);
#57=COLOUR_RGB('',7.E-1,7.E-1,7.E-1);
#58=COLOUR_RGB('',7.01961E-1,6.94118E-1,6.90196E-1);
#59=COLOUR_RGB('',7.05882E-1,6.7451E-1,6.62745E-1);
#60=COLOUR_RGB('',7.05882E-1,6.86275E-1,6.70588E-1);
#61=COLOUR_RGB('',7.09804E-1,7.17647E-1,7.09804E-1);
#62=COLOUR_RGB('',7.17647E-1,6.23529E-1,4.94118E-1);
#63=COLOUR_RGB('',7.2E-1,8.2E-1,8.3E-1);
#64=COLOUR_RGB('',7.29412E-1,7.68627E-1,7.84314E-1);
#65=COLOUR_RGB('',7.33333E-1,6.5098E-1,5.37255E-1);
#66=COLOUR_RGB('',7.33333E-1,6.82353E-1,4.7451E-1);
#67=COLOUR_RGB('',7.45098E-1,6.35294E-1,5.96078E-1);
#68=COLOUR_RGB('',7.45098E-1,7.09804E-1,1.E-1);
#69=COLOUR_RGB('',7.49804E-1,7.49804E-1,7.49804E-1);
#70=COLOUR_RGB('',7.5E-1,7.8E-1,8.15686E-1);
#71=COLOUR_RGB('',7.68627E-1,7.72549E-1,7.88235E-1);
#72=COLOUR_RGB('',7.76471E-1,6.15686E-1,4.11765E-1);
#73=COLOUR_RGB('',7.76471E-1,7.76471E-1,7.76471E-1);
#74=COLOUR_RGB('',7.80392E-1,7.4902E-1,7.05882E-1);
#75=COLOUR_RGB('',7.84314E-1,7.84314E-1,7.84314E-1);
#76=COLOUR_RGB('',7.92157E-1,7.84314E-1,8.03922E-1);
#77=COLOUR_RGB('',7.92157E-1,8.43137E-1,8.78431E-1);
#78=COLOUR_RGB('',8.E-1,5.84314E-1,3.76471E-1);
#79=COLOUR_RGB('',8.E-1,7.52941E-1,6.23529E-1);
#80=COLOUR_RGB('',8.E-1,7.88235E-1,8.47059E-1);
#81=COLOUR_RGB('',8.15686E-1,6.98039E-1,3.37255E-1);
#82=COLOUR_RGB('',8.2E-1,5.8E-1,4.66667E-1);
#83=COLOUR_RGB('',8.27451E-1,0.E0,0.E0);
#84=COLOUR_RGB('',8.27451E-1,8.31373E-1,8.35294E-1);
#85=COLOUR_RGB('',8.47059E-1,5.80392E-1,5.17647E-1);
#86=COLOUR_RGB('',8.5098E-1,7.09804E-1,6.66667E-1);
#87=COLOUR_RGB('',8.54902E-1,7.21569E-1,4.70588E-1);
#88=COLOUR_RGB('',8.54902E-1,7.84314E-1,6.03922E-1);
#89=COLOUR_RGB('',8.54902E-1,8.54902E-1,8.54902E-1);
#90=COLOUR_RGB('',8.70588E-1,7.01961E-1,5.80392E-1);
#91=COLOUR_RGB('',8.8E-1,5.E-1,2.E-1);
#92=COLOUR_RGB('',8.78431E-1,7.33333E-1,3.29412E-1);
#93=COLOUR_RGB('',8.8E-1,8.3E-1,5.09804E-1);
#94=COLOUR_RGB('',8.8E-1,9.1E-1,9.1E-1);
#95=COLOUR_RGB('',8.784E-1,9.49E-1,1.E0);
#96=COLOUR_RGB('',9.1E-1,8.62745E-1,8.3E-1);
#97=COLOUR_RGB('',9.09804E-1,8.94118E-1,8.5098E-1);
#98=COLOUR_RGB('',9.2E-1,5.3E-1,2.5E-1);
#99=COLOUR_RGB('',9.2549E-1,6.35294E-1,2.86275E-1);
#100=COLOUR_RGB('',9.3E-1,9.2E-1,9.3E-1);
#101=COLOUR_RGB('',9.45098E-1,6.58824E-1,4.39216E-1);
#102=COLOUR_RGB('',9.6E-1,9.6E-1,9.6E-1);
#103=COLOUR_RGB('',9.68627E-1,9.68627E-1,5.37255E-1);
#104=COLOUR_RGB('',9.8E-1,6.27E-1,0.E0);
#105=COLOUR_RGB('',9.8E-1,7.3E-1,7.7E-1);
#106=COLOUR_RGB('',9.80392E-1,8.07843E-1,8.7451E-1);
#107=COLOUR_RGB('',9.88235E-1,4.E-1,0.E0);
#108=DRAUGHTING_PRE_DEFINED_COLOUR('red');
#109=COLOUR_RGB('',1.E0,7.5E-1,7.E-2);
#110=COLOUR_RGB('',1.E0,7.52941E-1,7.96078E-1);
#111=COLOUR_RGB('',1.E0,7.96078E-1,2.11765E-1);
#112=COLOUR_RGB('',1.E0,8.E-1,8.3E-1);
#113=COLOUR_RGB('',1.E0,8.15686E-1,2.94118E-1);
#114=COLOUR_RGB('',1.E0,8.43137E-1,0.E0);
#115=COLOUR_RGB('',1.E0,9.4902E-1,0.E0);
#116=DRAUGHTING_PRE_DEFINED_COLOUR('yellow');
#117=COLOUR_RGB('',1.E0,1.E0,9.49E-1);
#118=DRAUGHTING_PRE_DEFINED_COLOUR('white');
#148=B_SPLINE_CURVE_WITH_KNOTS('',3,(#128,#129,#130,#131,#132,#133,#134,#135,
#136,#137,#138,#139,#140,#141,#142,#143,#144,#145,#146,#147),.UNSPECIFIED.,.F.,
.F.,(4,1,1,1,1,1,1,1,1,1,1,1,1,1,1,1,1,4),(0.E0,5.882352941176E-2,
1.176470588235E-1,1.764705882353E-1,2.352941176471E-1,2.941176470588E-1,
3.529411764706E-1,4.117647058824E-1,4.705882352941E-1,5.294117647059E-1,
5.882352941176E-1,6.470588235294E-1,7.058823529412E-1,7.647058823529E-1,
8.235294117647E-1,8.823529411765E-1,9.411764705882E-1,1.E0),.UNSPECIFIED.);
#179=B_SPLINE_CURVE_WITH_KNOTS('',3,(#159,#160,#161,#162,#163,#164,#165,#166,
#167,#168,#169,#170,#171,#172,#173,#174,#175,#176,#177,#178),.UNSPECIFIED.,.F.,
.F.,(4,1,1,1,1,1,1,1,1,1,1,1,1,1,1,1,1,4),(0.E0,5.882352941176E-2,
1.176470588235E-1,1.764705882353E-1,2.352941176471E-1,2.941176470588E-1,
3.529411764706E-1,4.117647058824E-1,4.705882352941E-1,5.294117647059E-1,
5.882352941176E-1,6.470588235294E-1,7.058823529412E-1,7.647058823529E-1,
8.235294117647E-1,8.823529411765E-1,9.411764705882E-1,1.E0),.UNSPECIFIED.);
#203=B_SPLINE_CURVE_WITH_KNOTS('',3,(#183,#184,#185,#186,#187,#188,#189,#190,
#191,#192,#193,#194,#195,#196,#197,#198,#199,#200,#201,#202),.UNSPECIFIED.,.F.,
.F.,(4,1,1,1,1,1,1,1,1,1,1,1,1,1,1,1,1,4),(0.E0,5.882352941176E-2,
1.176470588235E-1,1.764705882353E-1,2.352941176471E-1,2.941176470588E-1,
3.529411764706E-1,4.117647058824E-1,4.705882352941E-1,5.294117647059E-1,
5.882352941176E-1,6.470588235294E-1,7.058823529412E-1,7.647058823529E-1,
8.235294117647E-1,8.823529411765E-1,9.411764705882E-1,1.E0),.UNSPECIFIED.);
#227=B_SPLINE_CURVE_WITH_KNOTS('',3,(#207,#208,#209,#210,#211,#212,#213,#214,
#215,#216,#217,#218,#219,#220,#221,#222,#223,#224,#225,#226),.UNSPECIFIED.,.F.,
.F.,(4,1,1,1,1,1,1,1,1,1,1,1,1,1,1,1,1,4),(0.E0,5.882352941176E-2,
1.176470588235E-1,1.764705882353E-1,2.352941176471E-1,2.941176470588E-1,
3.529411764706E-1,4.117647058824E-1,4.705882352941E-1,5.294117647059E-1,
5.882352941176E-1,6.470588235294E-1,7.058823529412E-1,7.647058823529E-1,
8.235294117647E-1,8.823529411765E-1,9.411764705882E-1,1.E0),.UNSPECIFIED.);
#258=B_SPLINE_CURVE_WITH_KNOTS('',3,(#238,#239,#240,#241,#242,#243,#244,#245,
#246,#247,#248,#249,#250,#251,#252,#253,#254,#255,#256,#257),.UNSPECIFIED.,.F.,
.F.,(4,1,1,1,1,1,1,1,1,1,1,1,1,1,1,1,1,4),(0.E0,5.882352941176E-2,
1.176470588235E-1,1.764705882353E-1,2.352941176471E-1,2.941176470588E-1,
3.529411764706E-1,4.117647058824E-1,4.705882352941E-1,5.294117647059E-1,
5.882352941176E-1,6.470588235294E-1,7.058823529412E-1,7.647058823529E-1,
8.235294117647E-1,8.823529411765E-1,9.411764705882E-1,1.E0),.UNSPECIFIED.);
#281=B_SPLINE_CURVE_WITH_KNOTS('',3,(#269,#270,#271,#272,#273,#274,#275,#276,
#277,#278,#279,#280),.UNSPECIFIED.,.F.,.F.,(4,1,1,1,1,1,1,1,1,4),(0.E0,
1.111111111111E-1,2.222222222222E-1,3.333333333333E-1,4.444444444444E-1,
5.555555555556E-1,6.666666666667E-1,7.777777777778E-1,8.888888888889E-1,1.E0),
.UNSPECIFIED.);
#297=B_SPLINE_CURVE_WITH_KNOTS('',3,(#285,#286,#287,#288,#289,#290,#291,#292,
#293,#294,#295,#296),.UNSPECIFIED.,.F.,.F.,(4,1,1,1,1,1,1,1,1,4),(0.E0,
1.111111111111E-1,2.222222222222E-1,3.333333333333E-1,4.444444444444E-1,
5.555555555556E-1,6.666666666667E-1,7.777777777778E-1,8.888888888889E-1,1.E0),
.UNSPECIFIED.);
#321=B_SPLINE_CURVE_WITH_KNOTS('',3,(#301,#302,#303,#304,#305,#306,#307,#308,
#309,#310,#311,#312,#313,#314,#315,#316,#317,#318,#319,#320),.UNSPECIFIED.,.F.,
.F.,(4,1,1,1,1,1,1,1,1,1,1,1,1,1,1,1,1,4),(0.E0,5.882352941176E-2,
1.176470588235E-1,1.764705882353E-1,2.352941176471E-1,2.941176470588E-1,
3.529411764706E-1,4.117647058824E-1,4.705882352941E-1,5.294117647059E-1,
5.882352941176E-1,6.470588235294E-1,7.058823529412E-1,7.647058823529E-1,
8.235294117647E-1,8.823529411765E-1,9.411764705882E-1,1.E0),.UNSPECIFIED.);
#345=B_SPLINE_CURVE_WITH_KNOTS('',3,(#325,#326,#327,#328,#329,#330,#331,#332,
#333,#334,#335,#336,#337,#338,#339,#340,#341,#342,#343,#344),.UNSPECIFIED.,.F.,
.F.,(4,1,1,1,1,1,1,1,1,1,1,1,1,1,1,1,1,4),(0.E0,5.882352941176E-2,
1.176470588235E-1,1.764705882353E-1,2.352941176471E-1,2.941176470588E-1,
3.529411764706E-1,4.117647058824E-1,4.705882352941E-1,5.294117647059E-1,
5.882352941176E-1,6.470588235294E-1,7.058823529412E-1,7.647058823529E-1,
8.235294117647E-1,8.823529411765E-1,9.411764705882E-1,1.E0),.UNSPECIFIED.);
#362=B_SPLINE_CURVE_WITH_KNOTS('',3,(#349,#350,#351,#352,#353,#354,#355,#356,
#357,#358,#359,#360,#361),.UNSPECIFIED.,.F.,.F.,(4,1,1,1,1,1,1,1,1,1,4),(0.E0,
1.E-1,2.E-1,3.E-1,4.E-1,5.E-1,6.E-1,7.E-1,8.E-1,9.E-1,1.E0),.UNSPECIFIED.);
#372=B_SPLINE_CURVE_WITH_KNOTS('',3,(#366,#367,#368,#369,#370,#371),
.UNSPECIFIED.,.F.,.F.,(4,1,1,4),(0.E0,3.333333333333E-1,6.666666666667E-1,1.E0),
.UNSPECIFIED.);
#465=B_SPLINE_CURVE_WITH_KNOTS('',3,(#376,#377,#378,#379,#380,#381,#382,#383,
#384,#385,#386,#387,#388,#389,#390,#391,#392,#393,#394,#395,#396,#397,#398,#399,
#400,#401,#402,#403,#404,#405,#406,#407,#408,#409,#410,#411,#412,#413,#414,#415,
#416,#417,#418,#419,#420,#421,#422,#423,#424,#425,#426,#427,#428,#429,#430,#431,
#432,#433,#434,#435,#436,#437,#438,#439,#440,#441,#442,#443,#444,#445,#446,#447,
#448,#449,#450,#451,#452,#453,#454,#455,#456,#457,#458,#459,#460,#461,#462,#463,
#464),.UNSPECIFIED.,.F.,.F.,(4,1,1,1,1,1,1,1,1,1,1,1,1,1,1,1,1,1,1,1,1,1,1,1,1,
1,1,1,1,1,1,1,1,1,1,1,1,1,1,1,1,1,1,1,1,1,1,1,1,1,1,1,1,1,1,1,1,1,1,1,1,1,1,1,1,
1,1,1,1,1,1,1,1,1,1,1,1,1,1,1,1,1,1,1,1,1,4),(0.E0,1.162790697674E-2,
2.325581395349E-2,3.488372093023E-2,4.651162790698E-2,5.813953488372E-2,
6.976744186047E-2,8.139534883721E-2,9.302325581395E-2,1.046511627907E-1,
1.162790697674E-1,1.279069767442E-1,1.395348837209E-1,1.511627906977E-1,
1.627906976744E-1,1.744186046512E-1,1.860465116279E-1,1.976744186047E-1,
2.093023255814E-1,2.209302325581E-1,2.325581395349E-1,2.441860465116E-1,
2.558139534884E-1,2.674418604651E-1,2.790697674419E-1,2.906976744186E-1,
3.023255813953E-1,3.139534883721E-1,3.255813953488E-1,3.372093023256E-1,
3.488372093023E-1,3.604651162791E-1,3.720930232558E-1,3.837209302326E-1,
3.953488372093E-1,4.069767441860E-1,4.186046511628E-1,4.302325581395E-1,
4.418604651163E-1,4.534883720930E-1,4.651162790698E-1,4.767441860465E-1,
4.883720930233E-1,5.E-1,5.116279069767E-1,5.232558139535E-1,5.348837209302E-1,
5.465116279070E-1,5.581395348837E-1,5.697674418605E-1,5.813953488372E-1,
5.930232558140E-1,6.046511627907E-1,6.162790697674E-1,6.279069767442E-1,
6.395348837209E-1,6.511627906977E-1,6.627906976744E-1,6.744186046512E-1,
6.860465116279E-1,6.976744186047E-1,7.093023255814E-1,7.209302325581E-1,
7.325581395349E-1,7.441860465116E-1,7.558139534884E-1,7.674418604651E-1,
7.790697674419E-1,7.906976744186E-1,8.023255813953E-1,8.139534883721E-1,
8.255813953488E-1,8.372093023256E-1,8.488372093023E-1,8.604651162791E-1,
8.720930232558E-1,8.837209302326E-1,8.953488372093E-1,9.069767441860E-1,
9.186046511628E-1,9.302325581395E-1,9.418604651163E-1,9.534883720930E-1,
9.651162790698E-1,9.767441860465E-1,9.883720930233E-1,1.E0),.UNSPECIFIED.);
#496=B_SPLINE_CURVE_WITH_KNOTS('',3,(#476,#477,#478,#479,#480,#481,#482,#483,
#484,#485,#486,#487,#488,#489,#490,#491,#492,#493,#494,#495),.UNSPECIFIED.,.F.,
.F.,(4,1,1,1,1,1,1,1,1,1,1,1,1,1,1,1,1,4),(0.E0,5.882352941176E-2,
1.176470588235E-1,1.764705882353E-1,2.352941176471E-1,2.941176470588E-1,
3.529411764706E-1,4.117647058824E-1,4.705882352941E-1,5.294117647059E-1,
5.882352941176E-1,6.470588235294E-1,7.058823529412E-1,7.647058823529E-1,
8.235294117647E-1,8.823529411765E-1,9.411764705882E-1,1.E0),.UNSPECIFIED.);
#507=B_SPLINE_CURVE_WITH_KNOTS('',3,(#500,#501,#502,#503,#504,#505,#506),
.UNSPECIFIED.,.F.,.F.,(4,1,1,1,4),(0.E0,2.5E-1,5.E-1,7.5E-1,1.E0),
.UNSPECIFIED.);
#531=B_SPLINE_CURVE_WITH_KNOTS('',3,(#511,#512,#513,#514,#515,#516,#517,#518,
#519,#520,#521,#522,#523,#524,#525,#526,#527,#528,#529,#530),.UNSPECIFIED.,.F.,
.F.,(4,1,1,1,1,1,1,1,1,1,1,1,1,1,1,1,1,4),(0.E0,5.882352941176E-2,
1.176470588235E-1,1.764705882353E-1,2.352941176471E-1,2.941176470588E-1,
3.529411764706E-1,4.117647058824E-1,4.705882352941E-1,5.294117647059E-1,
5.882352941176E-1,6.470588235294E-1,7.058823529412E-1,7.647058823529E-1,
8.235294117647E-1,8.823529411765E-1,9.411764705882E-1,1.E0),.UNSPECIFIED.);
#541=B_SPLINE_CURVE_WITH_KNOTS('',3,(#535,#536,#537,#538,#539,#540),
.UNSPECIFIED.,.F.,.F.,(4,1,1,4),(0.E0,3.333333333333E-1,6.666666666667E-1,1.E0),
.UNSPECIFIED.);
#555=B_SPLINE_CURVE_WITH_KNOTS('',3,(#545,#546,#547,#548,#549,#550,#551,#552,
#553,#554),.UNSPECIFIED.,.F.,.F.,(4,1,1,1,1,1,1,4),(0.E0,1.428571428571E-1,
2.857142857143E-1,4.285714285714E-1,5.714285714286E-1,7.142857142857E-1,
8.571428571429E-1,1.E0),.UNSPECIFIED.);
#571=B_SPLINE_CURVE_WITH_KNOTS('',3,(#559,#560,#561,#562,#563,#564,#565,#566,
#567,#568,#569,#570),.UNSPECIFIED.,.F.,.F.,(4,1,1,1,1,1,1,1,1,4),(0.E0,
1.111111111111E-1,2.222222222222E-1,3.333333333333E-1,4.444444444444E-1,
5.555555555556E-1,6.666666666667E-1,7.777777777778E-1,8.888888888889E-1,1.E0),
.UNSPECIFIED.);
#679=B_SPLINE_CURVE_WITH_KNOTS('',3,(#582,#583,#584,#585,#586,#587,#588,#589,
#590,#591,#592,#593,#594,#595,#596,#597,#598,#599,#600,#601,#602,#603,#604,#605,
#606,#607,#608,#609,#610,#611,#612,#613,#614,#615,#616,#617,#618,#619,#620,#621,
#622,#623,#624,#625,#626,#627,#628,#629,#630,#631,#632,#633,#634,#635,#636,#637,
#638,#639,#640,#641,#642,#643,#644,#645,#646,#647,#648,#649,#650,#651,#652,#653,
#654,#655,#656,#657,#658,#659,#660,#661,#662,#663,#664,#665,#666,#667,#668,#669,
#670,#671,#672,#673,#674,#675,#676,#677,#678),.UNSPECIFIED.,.F.,.F.,(4,1,1,1,1,
1,1,1,1,1,1,1,1,1,1,1,1,1,1,1,1,1,1,1,1,1,1,1,1,1,1,1,1,1,1,1,1,1,1,1,1,1,1,1,1,
1,1,1,1,1,1,1,1,1,1,1,1,1,1,1,1,1,1,1,1,1,1,1,1,1,1,1,1,1,1,1,1,1,1,1,1,1,1,1,1,
1,1,1,1,1,1,1,1,1,4),(0.E0,1.063829787234E-2,2.127659574468E-2,
3.191489361702E-2,4.255319148936E-2,5.319148936170E-2,6.382978723404E-2,
7.446808510638E-2,8.510638297872E-2,9.574468085106E-2,1.063829787234E-1,
1.170212765957E-1,1.276595744681E-1,1.382978723404E-1,1.489361702128E-1,
1.595744680851E-1,1.702127659574E-1,1.808510638298E-1,1.914893617021E-1,
2.021276595745E-1,2.127659574468E-1,2.234042553191E-1,2.340425531915E-1,
2.446808510638E-1,2.553191489362E-1,2.659574468085E-1,2.765957446809E-1,
2.872340425532E-1,2.978723404255E-1,3.085106382979E-1,3.191489361702E-1,
3.297872340426E-1,3.404255319149E-1,3.510638297872E-1,3.617021276596E-1,
3.723404255319E-1,3.829787234043E-1,3.936170212766E-1,4.042553191489E-1,
4.148936170213E-1,4.255319148936E-1,4.361702127660E-1,4.468085106383E-1,
4.574468085106E-1,4.680851063830E-1,4.787234042553E-1,4.893617021277E-1,5.E-1,
5.106382978723E-1,5.212765957447E-1,5.319148936170E-1,5.425531914894E-1,
5.531914893617E-1,5.638297872340E-1,5.744680851064E-1,5.851063829787E-1,
5.957446808511E-1,6.063829787234E-1,6.170212765957E-1,6.276595744681E-1,
6.382978723404E-1,6.489361702128E-1,6.595744680851E-1,6.702127659574E-1,
6.808510638298E-1,6.914893617021E-1,7.021276595745E-1,7.127659574468E-1,
7.234042553191E-1,7.340425531915E-1,7.446808510638E-1,7.553191489362E-1,
7.659574468085E-1,7.765957446809E-1,7.872340425532E-1,7.978723404255E-1,
8.085106382979E-1,8.191489361702E-1,8.297872340426E-1,8.404255319149E-1,
8.510638297872E-1,8.617021276596E-1,8.723404255319E-1,8.829787234043E-1,
8.936170212766E-1,9.042553191489E-1,9.148936170213E-1,9.255319148936E-1,
9.361702127660E-1,9.468085106383E-1,9.574468085106E-1,9.680851063830E-1,
9.787234042553E-1,9.893617021277E-1,1.E0),.UNSPECIFIED.);
#687=CIRCLE('',#686,1.574803149606E-2);
#695=CIRCLE('',#694,1.574803149606E-2);
#710=B_SPLINE_CURVE_WITH_KNOTS('',3,(#699,#700,#701,#702,#703,#704,#705,#706,
#707,#708,#709),.UNSPECIFIED.,.F.,.F.,(4,1,1,1,1,1,1,1,4),(0.E0,1.25E-1,2.5E-1,
3.75E-1,5.E-1,6.25E-1,7.5E-1,8.75E-1,1.E0),.UNSPECIFIED.);
#740=B_SPLINE_CURVE_WITH_KNOTS('',3,(#721,#722,#723,#724,#725,#726,#727,#728,
#729,#730,#731,#732,#733,#734,#735,#736,#737,#738,#739),.UNSPECIFIED.,.F.,.F.,
(4,1,1,1,1,1,1,1,1,1,1,1,1,1,1,1,4),(0.E0,6.25E-2,1.25E-1,1.875E-1,2.5E-1,
3.125E-1,3.75E-1,4.375E-1,5.E-1,5.625E-1,6.25E-1,6.875E-1,7.5E-1,8.125E-1,
8.75E-1,9.375E-1,1.E0),.UNSPECIFIED.);
#752=B_SPLINE_CURVE_WITH_KNOTS('',3,(#744,#745,#746,#747,#748,#749,#750,#751),
.UNSPECIFIED.,.F.,.F.,(4,1,1,1,1,4),(0.E0,2.E-1,4.E-1,6.E-1,8.E-1,1.E0),
.UNSPECIFIED.);
#760=CIRCLE('',#759,1.968503937008E-2);
#768=CIRCLE('',#767,1.968503937008E-2);
#902=B_SPLINE_CURVE_WITH_KNOTS('',3,(#779,#780,#781,#782,#783,#784,#785,#786,
#787,#788,#789,#790,#791,#792,#793,#794,#795,#796,#797,#798,#799,#800,#801,#802,
#803,#804,#805,#806,#807,#808,#809,#810,#811,#812,#813,#814,#815,#816,#817,#818,
#819,#820,#821,#822,#823,#824,#825,#826,#827,#828,#829,#830,#831,#832,#833,#834,
#835,#836,#837,#838,#839,#840,#841,#842,#843,#844,#845,#846,#847,#848,#849,#850,
#851,#852,#853,#854,#855,#856,#857,#858,#859,#860,#861,#862,#863,#864,#865,#866,
#867,#868,#869,#870,#871,#872,#873,#874,#875,#876,#877,#878,#879,#880,#881,#882,
#883,#884,#885,#886,#887,#888,#889,#890,#891,#892,#893,#894,#895,#896,#897,#898,
#899,#900,#901),.UNSPECIFIED.,.F.,.F.,(4,1,1,1,1,1,1,1,1,1,1,1,1,1,1,1,1,1,1,1,
1,1,1,1,1,1,1,1,1,1,1,1,1,1,1,1,1,1,1,1,1,1,1,1,1,1,1,1,1,1,1,1,1,1,1,1,1,1,1,1,
1,1,1,1,1,1,1,1,1,1,1,1,1,1,1,1,1,1,1,1,1,1,1,1,1,1,1,1,1,1,1,1,1,1,1,1,1,1,1,1,
1,1,1,1,1,1,1,1,1,1,1,1,1,1,1,1,1,1,1,1,4),(0.E0,8.333333333333E-3,
1.666666666667E-2,2.5E-2,3.333333333333E-2,4.166666666667E-2,5.E-2,
5.833333333333E-2,6.666666666667E-2,7.5E-2,8.333333333333E-2,9.166666666667E-2,
1.E-1,1.083333333333E-1,1.166666666667E-1,1.25E-1,1.333333333333E-1,
1.416666666667E-1,1.5E-1,1.583333333333E-1,1.666666666667E-1,1.75E-1,
1.833333333333E-1,1.916666666667E-1,2.E-1,2.083333333333E-1,2.166666666667E-1,
2.25E-1,2.333333333333E-1,2.416666666667E-1,2.5E-1,2.583333333333E-1,
2.666666666667E-1,2.75E-1,2.833333333333E-1,2.916666666667E-1,3.E-1,
3.083333333333E-1,3.166666666667E-1,3.25E-1,3.333333333333E-1,3.416666666667E-1,
3.5E-1,3.583333333333E-1,3.666666666667E-1,3.75E-1,3.833333333333E-1,
3.916666666667E-1,4.E-1,4.083333333333E-1,4.166666666667E-1,4.25E-1,
4.333333333333E-1,4.416666666667E-1,4.5E-1,4.583333333333E-1,4.666666666667E-1,
4.75E-1,4.833333333333E-1,4.916666666667E-1,5.E-1,5.083333333333E-1,
5.166666666667E-1,5.25E-1,5.333333333333E-1,5.416666666667E-1,5.5E-1,
5.583333333333E-1,5.666666666667E-1,5.75E-1,5.833333333333E-1,5.916666666667E-1,
6.E-1,6.083333333333E-1,6.166666666667E-1,6.25E-1,6.333333333333E-1,
6.416666666667E-1,6.5E-1,6.583333333333E-1,6.666666666667E-1,6.75E-1,
6.833333333333E-1,6.916666666667E-1,7.E-1,7.083333333333E-1,7.166666666667E-1,
7.25E-1,7.333333333333E-1,7.416666666667E-1,7.5E-1,7.583333333333E-1,
7.666666666667E-1,7.75E-1,7.833333333333E-1,7.916666666667E-1,8.E-1,
8.083333333333E-1,8.166666666667E-1,8.25E-1,8.333333333333E-1,8.416666666667E-1,
8.5E-1,8.583333333333E-1,8.666666666667E-1,8.75E-1,8.833333333333E-1,
8.916666666667E-1,9.E-1,9.083333333333E-1,9.166666666667E-1,9.25E-1,
9.333333333333E-1,9.416666666667E-1,9.5E-1,9.583333333333E-1,9.666666666667E-1,
9.75E-1,9.833333333333E-1,9.916666666667E-1,1.E0),.UNSPECIFIED.);
#1029=B_SPLINE_CURVE_WITH_KNOTS('',3,(#906,#907,#908,#909,#910,#911,#912,#913,
#914,#915,#916,#917,#918,#919,#920,#921,#922,#923,#924,#925,#926,#927,#928,#929,
#930,#931,#932,#933,#934,#935,#936,#937,#938,#939,#940,#941,#942,#943,#944,#945,
#946,#947,#948,#949,#950,#951,#952,#953,#954,#955,#956,#957,#958,#959,#960,#961,
#962,#963,#964,#965,#966,#967,#968,#969,#970,#971,#972,#973,#974,#975,#976,#977,
#978,#979,#980,#981,#982,#983,#984,#985,#986,#987,#988,#989,#990,#991,#992,#993,
#994,#995,#996,#997,#998,#999,#1000,#1001,#1002,#1003,#1004,#1005,#1006,#1007,
#1008,#1009,#1010,#1011,#1012,#1013,#1014,#1015,#1016,#1017,#1018,#1019,#1020,
#1021,#1022,#1023,#1024,#1025,#1026,#1027,#1028),.UNSPECIFIED.,.F.,.F.,(4,1,1,1,
1,1,1,1,1,1,1,1,1,1,1,1,1,1,1,1,1,1,1,1,1,1,1,1,1,1,1,1,1,1,1,1,1,1,1,1,1,1,1,1,
1,1,1,1,1,1,1,1,1,1,1,1,1,1,1,1,1,1,1,1,1,1,1,1,1,1,1,1,1,1,1,1,1,1,1,1,1,1,1,1,
1,1,1,1,1,1,1,1,1,1,1,1,1,1,1,1,1,1,1,1,1,1,1,1,1,1,1,1,1,1,1,1,1,1,1,1,4),
(0.E0,8.333333333333E-3,1.666666666667E-2,2.5E-2,3.333333333333E-2,
4.166666666667E-2,5.E-2,5.833333333333E-2,6.666666666667E-2,7.5E-2,
8.333333333333E-2,9.166666666667E-2,1.E-1,1.083333333333E-1,1.166666666667E-1,
1.25E-1,1.333333333333E-1,1.416666666667E-1,1.5E-1,1.583333333333E-1,
1.666666666667E-1,1.75E-1,1.833333333333E-1,1.916666666667E-1,2.E-1,
2.083333333333E-1,2.166666666667E-1,2.25E-1,2.333333333333E-1,2.416666666667E-1,
2.5E-1,2.583333333333E-1,2.666666666667E-1,2.75E-1,2.833333333333E-1,
2.916666666667E-1,3.E-1,3.083333333333E-1,3.166666666667E-1,3.25E-1,
3.333333333333E-1,3.416666666667E-1,3.5E-1,3.583333333333E-1,3.666666666667E-1,
3.75E-1,3.833333333333E-1,3.916666666667E-1,4.E-1,4.083333333333E-1,
4.166666666667E-1,4.25E-1,4.333333333333E-1,4.416666666667E-1,4.5E-1,
4.583333333333E-1,4.666666666667E-1,4.75E-1,4.833333333333E-1,4.916666666667E-1,
5.E-1,5.083333333333E-1,5.166666666667E-1,5.25E-1,5.333333333333E-1,
5.416666666667E-1,5.5E-1,5.583333333333E-1,5.666666666667E-1,5.75E-1,
5.833333333333E-1,5.916666666667E-1,6.E-1,6.083333333333E-1,6.166666666667E-1,
6.25E-1,6.333333333333E-1,6.416666666667E-1,6.5E-1,6.583333333333E-1,
6.666666666667E-1,6.75E-1,6.833333333333E-1,6.916666666667E-1,7.E-1,
7.083333333333E-1,7.166666666667E-1,7.25E-1,7.333333333333E-1,7.416666666667E-1,
7.5E-1,7.583333333333E-1,7.666666666667E-1,7.75E-1,7.833333333333E-1,
7.916666666667E-1,8.E-1,8.083333333333E-1,8.166666666667E-1,8.25E-1,
8.333333333333E-1,8.416666666667E-1,8.5E-1,8.583333333333E-1,8.666666666667E-1,
8.75E-1,8.833333333333E-1,8.916666666667E-1,9.E-1,9.083333333333E-1,
9.166666666667E-1,9.25E-1,9.333333333333E-1,9.416666666667E-1,9.5E-1,
9.583333333333E-1,9.666666666667E-1,9.75E-1,9.833333333333E-1,9.916666666667E-1,
1.E0),.UNSPECIFIED.);
#1066=B_SPLINE_CURVE_WITH_KNOTS('',3,(#1054,#1055,#1056,#1057,#1058,#1059,#1060,
#1061,#1062,#1063,#1064,#1065),.UNSPECIFIED.,.F.,.F.,(4,1,1,1,1,1,1,1,1,4),
(0.E0,1.111111111111E-1,2.222222222222E-1,3.333333333333E-1,4.444444444444E-1,
5.555555555556E-1,6.666666666667E-1,7.777777777778E-1,8.888888888889E-1,1.E0),
.UNSPECIFIED.);
#1082=B_SPLINE_CURVE_WITH_KNOTS('',3,(#1070,#1071,#1072,#1073,#1074,#1075,#1076,
#1077,#1078,#1079,#1080,#1081),.UNSPECIFIED.,.F.,.F.,(4,1,1,1,1,1,1,1,1,4),
(0.E0,1.111111111111E-1,2.222222222222E-1,3.333333333333E-1,4.444444444444E-1,
5.555555555556E-1,6.666666666667E-1,7.777777777778E-1,8.888888888889E-1,1.E0),
.UNSPECIFIED.);
#1113=B_SPLINE_CURVE_WITH_KNOTS('',3,(#1093,#1094,#1095,#1096,#1097,#1098,#1099,
#1100,#1101,#1102,#1103,#1104,#1105,#1106,#1107,#1108,#1109,#1110,#1111,#1112),
.UNSPECIFIED.,.F.,.F.,(4,1,1,1,1,1,1,1,1,1,1,1,1,1,1,1,1,4),(0.E0,
5.882352941176E-2,1.176470588235E-1,1.764705882353E-1,2.352941176471E-1,
2.941176470588E-1,3.529411764706E-1,4.117647058824E-1,4.705882352941E-1,
5.294117647059E-1,5.882352941176E-1,6.470588235294E-1,7.058823529412E-1,
7.647058823529E-1,8.235294117647E-1,8.823529411765E-1,9.411764705882E-1,1.E0),
.UNSPECIFIED.);
#1137=B_SPLINE_CURVE_WITH_KNOTS('',3,(#1117,#1118,#1119,#1120,#1121,#1122,#1123,
#1124,#1125,#1126,#1127,#1128,#1129,#1130,#1131,#1132,#1133,#1134,#1135,#1136),
.UNSPECIFIED.,.F.,.F.,(4,1,1,1,1,1,1,1,1,1,1,1,1,1,1,1,1,4),(0.E0,
5.882352941176E-2,1.176470588235E-1,1.764705882353E-1,2.352941176471E-1,
2.941176470588E-1,3.529411764706E-1,4.117647058824E-1,4.705882352941E-1,
5.294117647059E-1,5.882352941176E-1,6.470588235294E-1,7.058823529412E-1,
7.647058823529E-1,8.235294117647E-1,8.823529411765E-1,9.411764705882E-1,1.E0),
.UNSPECIFIED.);
#1161=B_SPLINE_CURVE_WITH_KNOTS('',3,(#1141,#1142,#1143,#1144,#1145,#1146,#1147,
#1148,#1149,#1150,#1151,#1152,#1153,#1154,#1155,#1156,#1157,#1158,#1159,#1160),
.UNSPECIFIED.,.F.,.F.,(4,1,1,1,1,1,1,1,1,1,1,1,1,1,1,1,1,4),(0.E0,
5.882352941176E-2,1.176470588235E-1,1.764705882353E-1,2.352941176471E-1,
2.941176470588E-1,3.529411764706E-1,4.117647058824E-1,4.705882352941E-1,
5.294117647059E-1,5.882352941176E-1,6.470588235294E-1,7.058823529412E-1,
7.647058823529E-1,8.235294117647E-1,8.823529411765E-1,9.411764705882E-1,1.E0),
.UNSPECIFIED.);
#1185=B_SPLINE_CURVE_WITH_KNOTS('',3,(#1165,#1166,#1167,#1168,#1169,#1170,#1171,
#1172,#1173,#1174,#1175,#1176,#1177,#1178,#1179,#1180,#1181,#1182,#1183,#1184),
.UNSPECIFIED.,.F.,.F.,(4,1,1,1,1,1,1,1,1,1,1,1,1,1,1,1,1,4),(0.E0,
5.882352941176E-2,1.176470588235E-1,1.764705882353E-1,2.352941176471E-1,
2.941176470588E-1,3.529411764706E-1,4.117647058824E-1,4.705882352941E-1,
5.294117647059E-1,5.882352941176E-1,6.470588235294E-1,7.058823529412E-1,
7.647058823529E-1,8.235294117647E-1,8.823529411765E-1,9.411764705882E-1,1.E0),
.UNSPECIFIED.);
#1216=B_SPLINE_CURVE_WITH_KNOTS('',3,(#1196,#1197,#1198,#1199,#1200,#1201,#1202,
#1203,#1204,#1205,#1206,#1207,#1208,#1209,#1210,#1211,#1212,#1213,#1214,#1215),
.UNSPECIFIED.,.F.,.F.,(4,1,1,1,1,1,1,1,1,1,1,1,1,1,1,1,1,4),(0.E0,
5.882352941176E-2,1.176470588235E-1,1.764705882353E-1,2.352941176471E-1,
2.941176470588E-1,3.529411764706E-1,4.117647058824E-1,4.705882352941E-1,
5.294117647059E-1,5.882352941176E-1,6.470588235294E-1,7.058823529412E-1,
7.647058823529E-1,8.235294117647E-1,8.823529411765E-1,9.411764705882E-1,1.E0),
.UNSPECIFIED.);
#1247=B_SPLINE_CURVE_WITH_KNOTS('',3,(#1227,#1228,#1229,#1230,#1231,#1232,#1233,
#1234,#1235,#1236,#1237,#1238,#1239,#1240,#1241,#1242,#1243,#1244,#1245,#1246),
.UNSPECIFIED.,.F.,.F.,(4,1,1,1,1,1,1,1,1,1,1,1,1,1,1,1,1,4),(0.E0,
5.882352941176E-2,1.176470588235E-1,1.764705882353E-1,2.352941176471E-1,
2.941176470588E-1,3.529411764706E-1,4.117647058824E-1,4.705882352941E-1,
5.294117647059E-1,5.882352941176E-1,6.470588235294E-1,7.058823529412E-1,
7.647058823529E-1,8.235294117647E-1,8.823529411765E-1,9.411764705882E-1,1.E0),
.UNSPECIFIED.);
#1271=B_SPLINE_CURVE_WITH_KNOTS('',3,(#1251,#1252,#1253,#1254,#1255,#1256,#1257,
#1258,#1259,#1260,#1261,#1262,#1263,#1264,#1265,#1266,#1267,#1268,#1269,#1270),
.UNSPECIFIED.,.F.,.F.,(4,1,1,1,1,1,1,1,1,1,1,1,1,1,1,1,1,4),(0.E0,
5.882352941176E-2,1.176470588235E-1,1.764705882353E-1,2.352941176471E-1,
2.941176470588E-1,3.529411764706E-1,4.117647058824E-1,4.705882352941E-1,
5.294117647059E-1,5.882352941176E-1,6.470588235294E-1,7.058823529412E-1,
7.647058823529E-1,8.235294117647E-1,8.823529411765E-1,9.411764705882E-1,1.E0),
.UNSPECIFIED.);
#1295=B_SPLINE_CURVE_WITH_KNOTS('',3,(#1275,#1276,#1277,#1278,#1279,#1280,#1281,
#1282,#1283,#1284,#1285,#1286,#1287,#1288,#1289,#1290,#1291,#1292,#1293,#1294),
.UNSPECIFIED.,.F.,.F.,(4,1,1,1,1,1,1,1,1,1,1,1,1,1,1,1,1,4),(0.E0,
5.882352941176E-2,1.176470588235E-1,1.764705882353E-1,2.352941176471E-1,
2.941176470588E-1,3.529411764706E-1,4.117647058824E-1,4.705882352941E-1,
5.294117647059E-1,5.882352941176E-1,6.470588235294E-1,7.058823529412E-1,
7.647058823529E-1,8.235294117647E-1,8.823529411765E-1,9.411764705882E-1,1.E0),
.UNSPECIFIED.);
#1326=B_SPLINE_CURVE_WITH_KNOTS('',3,(#1306,#1307,#1308,#1309,#1310,#1311,#1312,
#1313,#1314,#1315,#1316,#1317,#1318,#1319,#1320,#1321,#1322,#1323,#1324,#1325),
.UNSPECIFIED.,.F.,.F.,(4,1,1,1,1,1,1,1,1,1,1,1,1,1,1,1,1,4),(0.E0,
5.882352941176E-2,1.176470588235E-1,1.764705882353E-1,2.352941176471E-1,
2.941176470588E-1,3.529411764706E-1,4.117647058824E-1,4.705882352941E-1,
5.294117647059E-1,5.882352941176E-1,6.470588235294E-1,7.058823529412E-1,
7.647058823529E-1,8.235294117647E-1,8.823529411765E-1,9.411764705882E-1,1.E0),
.UNSPECIFIED.);
#1357=B_SPLINE_CURVE_WITH_KNOTS('',3,(#1337,#1338,#1339,#1340,#1341,#1342,#1343,
#1344,#1345,#1346,#1347,#1348,#1349,#1350,#1351,#1352,#1353,#1354,#1355,#1356),
.UNSPECIFIED.,.F.,.F.,(4,1,1,1,1,1,1,1,1,1,1,1,1,1,1,1,1,4),(0.E0,
5.882352941176E-2,1.176470588235E-1,1.764705882353E-1,2.352941176471E-1,
2.941176470588E-1,3.529411764706E-1,4.117647058824E-1,4.705882352941E-1,
5.294117647059E-1,5.882352941176E-1,6.470588235294E-1,7.058823529412E-1,
7.647058823529E-1,8.235294117647E-1,8.823529411765E-1,9.411764705882E-1,1.E0),
.UNSPECIFIED.);
#1381=B_SPLINE_CURVE_WITH_KNOTS('',3,(#1361,#1362,#1363,#1364,#1365,#1366,#1367,
#1368,#1369,#1370,#1371,#1372,#1373,#1374,#1375,#1376,#1377,#1378,#1379,#1380),
.UNSPECIFIED.,.F.,.F.,(4,1,1,1,1,1,1,1,1,1,1,1,1,1,1,1,1,4),(0.E0,
5.882352941176E-2,1.176470588235E-1,1.764705882353E-1,2.352941176471E-1,
2.941176470588E-1,3.529411764706E-1,4.117647058824E-1,4.705882352941E-1,
5.294117647059E-1,5.882352941176E-1,6.470588235294E-1,7.058823529412E-1,
7.647058823529E-1,8.235294117647E-1,8.823529411765E-1,9.411764705882E-1,1.E0),
.UNSPECIFIED.);
#1397=B_SPLINE_CURVE_WITH_KNOTS('',3,(#1385,#1386,#1387,#1388,#1389,#1390,#1391,
#1392,#1393,#1394,#1395,#1396),.UNSPECIFIED.,.F.,.F.,(4,1,1,1,1,1,1,1,1,4),
(0.E0,1.111111111111E-1,2.222222222222E-1,3.333333333333E-1,4.444444444444E-1,
5.555555555556E-1,6.666666666667E-1,7.777777777778E-1,8.888888888889E-1,1.E0),
.UNSPECIFIED.);
#1413=B_SPLINE_CURVE_WITH_KNOTS('',3,(#1401,#1402,#1403,#1404,#1405,#1406,#1407,
#1408,#1409,#1410,#1411,#1412),.UNSPECIFIED.,.F.,.F.,(4,1,1,1,1,1,1,1,1,4),
(0.E0,1.111111111111E-1,2.222222222222E-1,3.333333333333E-1,4.444444444444E-1,
5.555555555556E-1,6.666666666667E-1,7.777777777778E-1,8.888888888889E-1,1.E0),
.UNSPECIFIED.);
#1444=B_SPLINE_CURVE_WITH_KNOTS('',3,(#1424,#1425,#1426,#1427,#1428,#1429,#1430,
#1431,#1432,#1433,#1434,#1435,#1436,#1437,#1438,#1439,#1440,#1441,#1442,#1443),
.UNSPECIFIED.,.F.,.F.,(4,1,1,1,1,1,1,1,1,1,1,1,1,1,1,1,1,4),(0.E0,
5.882352941176E-2,1.176470588235E-1,1.764705882353E-1,2.352941176471E-1,
2.941176470588E-1,3.529411764706E-1,4.117647058824E-1,4.705882352941E-1,
5.294117647059E-1,5.882352941176E-1,6.470588235294E-1,7.058823529412E-1,
7.647058823529E-1,8.235294117647E-1,8.823529411765E-1,9.411764705882E-1,1.E0),
.UNSPECIFIED.);
#1585=B_SPLINE_CURVE_WITH_KNOTS('',3,(#1462,#1463,#1464,#1465,#1466,#1467,#1468,
#1469,#1470,#1471,#1472,#1473,#1474,#1475,#1476,#1477,#1478,#1479,#1480,#1481,
#1482,#1483,#1484,#1485,#1486,#1487,#1488,#1489,#1490,#1491,#1492,#1493,#1494,
#1495,#1496,#1497,#1498,#1499,#1500,#1501,#1502,#1503,#1504,#1505,#1506,#1507,
#1508,#1509,#1510,#1511,#1512,#1513,#1514,#1515,#1516,#1517,#1518,#1519,#1520,
#1521,#1522,#1523,#1524,#1525,#1526,#1527,#1528,#1529,#1530,#1531,#1532,#1533,
#1534,#1535,#1536,#1537,#1538,#1539,#1540,#1541,#1542,#1543,#1544,#1545,#1546,
#1547,#1548,#1549,#1550,#1551,#1552,#1553,#1554,#1555,#1556,#1557,#1558,#1559,
#1560,#1561,#1562,#1563,#1564,#1565,#1566,#1567,#1568,#1569,#1570,#1571,#1572,
#1573,#1574,#1575,#1576,#1577,#1578,#1579,#1580,#1581,#1582,#1583,#1584),
.UNSPECIFIED.,.F.,.F.,(4,1,1,1,1,1,1,1,1,1,1,1,1,1,1,1,1,1,1,1,1,1,1,1,1,1,1,1,
1,1,1,1,1,1,1,1,1,1,1,1,1,1,1,1,1,1,1,1,1,1,1,1,1,1,1,1,1,1,1,1,1,1,1,1,1,1,1,1,
1,1,1,1,1,1,1,1,1,1,1,1,1,1,1,1,1,1,1,1,1,1,1,1,1,1,1,1,1,1,1,1,1,1,1,1,1,1,1,1,
1,1,1,1,1,1,1,1,1,1,1,1,4),(0.E0,8.333333333333E-3,1.666666666667E-2,2.5E-2,
3.333333333333E-2,4.166666666667E-2,5.E-2,5.833333333333E-2,6.666666666667E-2,
7.5E-2,8.333333333333E-2,9.166666666667E-2,1.E-1,1.083333333333E-1,
1.166666666667E-1,1.25E-1,1.333333333333E-1,1.416666666667E-1,1.5E-1,
1.583333333333E-1,1.666666666667E-1,1.75E-1,1.833333333333E-1,1.916666666667E-1,
2.E-1,2.083333333333E-1,2.166666666667E-1,2.25E-1,2.333333333333E-1,
2.416666666667E-1,2.5E-1,2.583333333333E-1,2.666666666667E-1,2.75E-1,
2.833333333333E-1,2.916666666667E-1,3.E-1,3.083333333333E-1,3.166666666667E-1,
3.25E-1,3.333333333333E-1,3.416666666667E-1,3.5E-1,3.583333333333E-1,
3.666666666667E-1,3.75E-1,3.833333333333E-1,3.916666666667E-1,4.E-1,
4.083333333333E-1,4.166666666667E-1,4.25E-1,4.333333333333E-1,4.416666666667E-1,
4.5E-1,4.583333333333E-1,4.666666666667E-1,4.75E-1,4.833333333333E-1,
4.916666666667E-1,5.E-1,5.083333333333E-1,5.166666666667E-1,5.25E-1,
5.333333333333E-1,5.416666666667E-1,5.5E-1,5.583333333333E-1,5.666666666667E-1,
5.75E-1,5.833333333333E-1,5.916666666667E-1,6.E-1,6.083333333333E-1,
6.166666666667E-1,6.25E-1,6.333333333333E-1,6.416666666667E-1,6.5E-1,
6.583333333333E-1,6.666666666667E-1,6.75E-1,6.833333333333E-1,6.916666666667E-1,
7.E-1,7.083333333333E-1,7.166666666667E-1,7.25E-1,7.333333333333E-1,
7.416666666667E-1,7.5E-1,7.583333333333E-1,7.666666666667E-1,7.75E-1,
7.833333333333E-1,7.916666666667E-1,8.E-1,8.083333333333E-1,8.166666666667E-1,
8.25E-1,8.333333333333E-1,8.416666666667E-1,8.5E-1,8.583333333333E-1,
8.666666666667E-1,8.75E-1,8.833333333333E-1,8.916666666667E-1,9.E-1,
9.083333333333E-1,9.166666666667E-1,9.25E-1,9.333333333333E-1,9.416666666667E-1,
9.5E-1,9.583333333333E-1,9.666666666667E-1,9.75E-1,9.833333333333E-1,
9.916666666667E-1,1.E0),.UNSPECIFIED.);
#1616=B_SPLINE_CURVE_WITH_KNOTS('',3,(#1596,#1597,#1598,#1599,#1600,#1601,#1602,
#1603,#1604,#1605,#1606,#1607,#1608,#1609,#1610,#1611,#1612,#1613,#1614,#1615),
.UNSPECIFIED.,.F.,.F.,(4,1,1,1,1,1,1,1,1,1,1,1,1,1,1,1,1,4),(0.E0,
5.882352941176E-2,1.176470588235E-1,1.764705882353E-1,2.352941176471E-1,
2.941176470588E-1,3.529411764706E-1,4.117647058824E-1,4.705882352941E-1,
5.294117647059E-1,5.882352941176E-1,6.470588235294E-1,7.058823529412E-1,
7.647058823529E-1,8.235294117647E-1,8.823529411765E-1,9.411764705882E-1,1.E0),
.UNSPECIFIED.);
#1640=B_SPLINE_CURVE_WITH_KNOTS('',3,(#1620,#1621,#1622,#1623,#1624,#1625,#1626,
#1627,#1628,#1629,#1630,#1631,#1632,#1633,#1634,#1635,#1636,#1637,#1638,#1639),
.UNSPECIFIED.,.F.,.F.,(4,1,1,1,1,1,1,1,1,1,1,1,1,1,1,1,1,4),(0.E0,
5.882352941176E-2,1.176470588235E-1,1.764705882353E-1,2.352941176471E-1,
2.941176470588E-1,3.529411764706E-1,4.117647058824E-1,4.705882352941E-1,
5.294117647059E-1,5.882352941176E-1,6.470588235294E-1,7.058823529412E-1,
7.647058823529E-1,8.235294117647E-1,8.823529411765E-1,9.411764705882E-1,1.E0),
.UNSPECIFIED.);
#1671=B_SPLINE_CURVE_WITH_KNOTS('',3,(#1651,#1652,#1653,#1654,#1655,#1656,#1657,
#1658,#1659,#1660,#1661,#1662,#1663,#1664,#1665,#1666,#1667,#1668,#1669,#1670),
.UNSPECIFIED.,.F.,.F.,(4,1,1,1,1,1,1,1,1,1,1,1,1,1,1,1,1,4),(0.E0,
5.882352941176E-2,1.176470588235E-1,1.764705882353E-1,2.352941176471E-1,
2.941176470588E-1,3.529411764706E-1,4.117647058824E-1,4.705882352941E-1,
5.294117647059E-1,5.882352941176E-1,6.470588235294E-1,7.058823529412E-1,
7.647058823529E-1,8.235294117647E-1,8.823529411765E-1,9.411764705882E-1,1.E0),
.UNSPECIFIED.);
#1694=B_SPLINE_CURVE_WITH_KNOTS('',3,(#1682,#1683,#1684,#1685,#1686,#1687,#1688,
#1689,#1690,#1691,#1692,#1693),.UNSPECIFIED.,.F.,.F.,(4,1,1,1,1,1,1,1,1,4),
(0.E0,1.111111111111E-1,2.222222222222E-1,3.333333333333E-1,4.444444444444E-1,
5.555555555556E-1,6.666666666667E-1,7.777777777778E-1,8.888888888889E-1,1.E0),
.UNSPECIFIED.);
#1710=B_SPLINE_CURVE_WITH_KNOTS('',3,(#1698,#1699,#1700,#1701,#1702,#1703,#1704,
#1705,#1706,#1707,#1708,#1709),.UNSPECIFIED.,.F.,.F.,(4,1,1,1,1,1,1,1,1,4),
(0.E0,1.111111111111E-1,2.222222222222E-1,3.333333333333E-1,4.444444444444E-1,
5.555555555556E-1,6.666666666667E-1,7.777777777778E-1,8.888888888889E-1,1.E0),
.UNSPECIFIED.);
#1734=B_SPLINE_CURVE_WITH_KNOTS('',3,(#1714,#1715,#1716,#1717,#1718,#1719,#1720,
#1721,#1722,#1723,#1724,#1725,#1726,#1727,#1728,#1729,#1730,#1731,#1732,#1733),
.UNSPECIFIED.,.F.,.F.,(4,1,1,1,1,1,1,1,1,1,1,1,1,1,1,1,1,4),(0.E0,
5.882352941176E-2,1.176470588235E-1,1.764705882353E-1,2.352941176471E-1,
2.941176470588E-1,3.529411764706E-1,4.117647058824E-1,4.705882352941E-1,
5.294117647059E-1,5.882352941176E-1,6.470588235294E-1,7.058823529412E-1,
7.647058823529E-1,8.235294117647E-1,8.823529411765E-1,9.411764705882E-1,1.E0),
.UNSPECIFIED.);
#1758=B_SPLINE_CURVE_WITH_KNOTS('',3,(#1738,#1739,#1740,#1741,#1742,#1743,#1744,
#1745,#1746,#1747,#1748,#1749,#1750,#1751,#1752,#1753,#1754,#1755,#1756,#1757),
.UNSPECIFIED.,.F.,.F.,(4,1,1,1,1,1,1,1,1,1,1,1,1,1,1,1,1,4),(0.E0,
5.882352941176E-2,1.176470588235E-1,1.764705882353E-1,2.352941176471E-1,
2.941176470588E-1,3.529411764706E-1,4.117647058824E-1,4.705882352941E-1,
5.294117647059E-1,5.882352941176E-1,6.470588235294E-1,7.058823529412E-1,
7.647058823529E-1,8.235294117647E-1,8.823529411765E-1,9.411764705882E-1,1.E0),
.UNSPECIFIED.);
#1789=B_SPLINE_CURVE_WITH_KNOTS('',3,(#1769,#1770,#1771,#1772,#1773,#1774,#1775,
#1776,#1777,#1778,#1779,#1780,#1781,#1782,#1783,#1784,#1785,#1786,#1787,#1788),
.UNSPECIFIED.,.F.,.F.,(4,1,1,1,1,1,1,1,1,1,1,1,1,1,1,1,1,4),(0.E0,
5.882352941176E-2,1.176470588235E-1,1.764705882353E-1,2.352941176471E-1,
2.941176470588E-1,3.529411764706E-1,4.117647058824E-1,4.705882352941E-1,
5.294117647059E-1,5.882352941176E-1,6.470588235294E-1,7.058823529412E-1,
7.647058823529E-1,8.235294117647E-1,8.823529411765E-1,9.411764705882E-1,1.E0),
.UNSPECIFIED.);
#1820=B_SPLINE_CURVE_WITH_KNOTS('',3,(#1800,#1801,#1802,#1803,#1804,#1805,#1806,
#1807,#1808,#1809,#1810,#1811,#1812,#1813,#1814,#1815,#1816,#1817,#1818,#1819),
.UNSPECIFIED.,.F.,.F.,(4,1,1,1,1,1,1,1,1,1,1,1,1,1,1,1,1,4),(0.E0,
5.882352941176E-2,1.176470588235E-1,1.764705882353E-1,2.352941176471E-1,
2.941176470588E-1,3.529411764706E-1,4.117647058824E-1,4.705882352941E-1,
5.294117647059E-1,5.882352941176E-1,6.470588235294E-1,7.058823529412E-1,
7.647058823529E-1,8.235294117647E-1,8.823529411765E-1,9.411764705882E-1,1.E0),
.UNSPECIFIED.);
#1844=B_SPLINE_CURVE_WITH_KNOTS('',3,(#1824,#1825,#1826,#1827,#1828,#1829,#1830,
#1831,#1832,#1833,#1834,#1835,#1836,#1837,#1838,#1839,#1840,#1841,#1842,#1843),
.UNSPECIFIED.,.F.,.F.,(4,1,1,1,1,1,1,1,1,1,1,1,1,1,1,1,1,4),(0.E0,
5.882352941176E-2,1.176470588235E-1,1.764705882353E-1,2.352941176471E-1,
2.941176470588E-1,3.529411764706E-1,4.117647058824E-1,4.705882352941E-1,
5.294117647059E-1,5.882352941176E-1,6.470588235294E-1,7.058823529412E-1,
7.647058823529E-1,8.235294117647E-1,8.823529411765E-1,9.411764705882E-1,1.E0),
.UNSPECIFIED.);
#1868=B_SPLINE_CURVE_WITH_KNOTS('',3,(#1848,#1849,#1850,#1851,#1852,#1853,#1854,
#1855,#1856,#1857,#1858,#1859,#1860,#1861,#1862,#1863,#1864,#1865,#1866,#1867),
.UNSPECIFIED.,.F.,.F.,(4,1,1,1,1,1,1,1,1,1,1,1,1,1,1,1,1,4),(0.E0,
5.882352941176E-2,1.176470588235E-1,1.764705882353E-1,2.352941176471E-1,
2.941176470588E-1,3.529411764706E-1,4.117647058824E-1,4.705882352941E-1,
5.294117647059E-1,5.882352941176E-1,6.470588235294E-1,7.058823529412E-1,
7.647058823529E-1,8.235294117647E-1,8.823529411765E-1,9.411764705882E-1,1.E0),
.UNSPECIFIED.);
#1899=B_SPLINE_CURVE_WITH_KNOTS('',3,(#1879,#1880,#1881,#1882,#1883,#1884,#1885,
#1886,#1887,#1888,#1889,#1890,#1891,#1892,#1893,#1894,#1895,#1896,#1897,#1898),
.UNSPECIFIED.,.F.,.F.,(4,1,1,1,1,1,1,1,1,1,1,1,1,1,1,1,1,4),(0.E0,
5.882352941176E-2,1.176470588235E-1,1.764705882353E-1,2.352941176471E-1,
2.941176470588E-1,3.529411764706E-1,4.117647058824E-1,4.705882352941E-1,
5.294117647059E-1,5.882352941176E-1,6.470588235294E-1,7.058823529412E-1,
7.647058823529E-1,8.235294117647E-1,8.823529411765E-1,9.411764705882E-1,1.E0),
.UNSPECIFIED.);
#1930=B_SPLINE_CURVE_WITH_KNOTS('',3,(#1910,#1911,#1912,#1913,#1914,#1915,#1916,
#1917,#1918,#1919,#1920,#1921,#1922,#1923,#1924,#1925,#1926,#1927,#1928,#1929),
.UNSPECIFIED.,.F.,.F.,(4,1,1,1,1,1,1,1,1,1,1,1,1,1,1,1,1,4),(0.E0,
5.882352941176E-2,1.176470588235E-1,1.764705882353E-1,2.352941176471E-1,
2.941176470588E-1,3.529411764706E-1,4.117647058824E-1,4.705882352941E-1,
5.294117647059E-1,5.882352941176E-1,6.470588235294E-1,7.058823529412E-1,
7.647058823529E-1,8.235294117647E-1,8.823529411765E-1,9.411764705882E-1,1.E0),
.UNSPECIFIED.);
#1954=B_SPLINE_CURVE_WITH_KNOTS('',3,(#1934,#1935,#1936,#1937,#1938,#1939,#1940,
#1941,#1942,#1943,#1944,#1945,#1946,#1947,#1948,#1949,#1950,#1951,#1952,#1953),
.UNSPECIFIED.,.F.,.F.,(4,1,1,1,1,1,1,1,1,1,1,1,1,1,1,1,1,4),(0.E0,
5.882352941176E-2,1.176470588235E-1,1.764705882353E-1,2.352941176471E-1,
2.941176470588E-1,3.529411764706E-1,4.117647058824E-1,4.705882352941E-1,
5.294117647059E-1,5.882352941176E-1,6.470588235294E-1,7.058823529412E-1,
7.647058823529E-1,8.235294117647E-1,8.823529411765E-1,9.411764705882E-1,1.E0),
.UNSPECIFIED.);
#1978=B_SPLINE_CURVE_WITH_KNOTS('',3,(#1958,#1959,#1960,#1961,#1962,#1963,#1964,
#1965,#1966,#1967,#1968,#1969,#1970,#1971,#1972,#1973,#1974,#1975,#1976,#1977),
.UNSPECIFIED.,.F.,.F.,(4,1,1,1,1,1,1,1,1,1,1,1,1,1,1,1,1,4),(0.E0,
5.882352941176E-2,1.176470588235E-1,1.764705882353E-1,2.352941176471E-1,
2.941176470588E-1,3.529411764706E-1,4.117647058824E-1,4.705882352941E-1,
5.294117647059E-1,5.882352941176E-1,6.470588235294E-1,7.058823529412E-1,
7.647058823529E-1,8.235294117647E-1,8.823529411765E-1,9.411764705882E-1,1.E0),
.UNSPECIFIED.);
#2009=B_SPLINE_CURVE_WITH_KNOTS('',3,(#1989,#1990,#1991,#1992,#1993,#1994,#1995,
#1996,#1997,#1998,#1999,#2000,#2001,#2002,#2003,#2004,#2005,#2006,#2007,#2008),
.UNSPECIFIED.,.F.,.F.,(4,1,1,1,1,1,1,1,1,1,1,1,1,1,1,1,1,4),(0.E0,
5.882352941176E-2,1.176470588235E-1,1.764705882353E-1,2.352941176471E-1,
2.941176470588E-1,3.529411764706E-1,4.117647058824E-1,4.705882352941E-1,
5.294117647059E-1,5.882352941176E-1,6.470588235294E-1,7.058823529412E-1,
7.647058823529E-1,8.235294117647E-1,8.823529411765E-1,9.411764705882E-1,1.E0),
.UNSPECIFIED.);
#2032=B_SPLINE_CURVE_WITH_KNOTS('',3,(#2020,#2021,#2022,#2023,#2024,#2025,#2026,
#2027,#2028,#2029,#2030,#2031),.UNSPECIFIED.,.F.,.F.,(4,1,1,1,1,1,1,1,1,4),
(0.E0,1.111111111111E-1,2.222222222222E-1,3.333333333333E-1,4.444444444444E-1,
5.555555555556E-1,6.666666666667E-1,7.777777777778E-1,8.888888888889E-1,1.E0),
.UNSPECIFIED.);
#2048=B_SPLINE_CURVE_WITH_KNOTS('',3,(#2036,#2037,#2038,#2039,#2040,#2041,#2042,
#2043,#2044,#2045,#2046,#2047),.UNSPECIFIED.,.F.,.F.,(4,1,1,1,1,1,1,1,1,4),
(0.E0,1.111111111111E-1,2.222222222222E-1,3.333333333333E-1,4.444444444444E-1,
5.555555555556E-1,6.666666666667E-1,7.777777777778E-1,8.888888888889E-1,1.E0),
.UNSPECIFIED.);
#2072=B_SPLINE_CURVE_WITH_KNOTS('',3,(#2052,#2053,#2054,#2055,#2056,#2057,#2058,
#2059,#2060,#2061,#2062,#2063,#2064,#2065,#2066,#2067,#2068,#2069,#2070,#2071),
.UNSPECIFIED.,.F.,.F.,(4,1,1,1,1,1,1,1,1,1,1,1,1,1,1,1,1,4),(0.E0,
5.882352941176E-2,1.176470588235E-1,1.764705882353E-1,2.352941176471E-1,
2.941176470588E-1,3.529411764706E-1,4.117647058824E-1,4.705882352941E-1,
5.294117647059E-1,5.882352941176E-1,6.470588235294E-1,7.058823529412E-1,
7.647058823529E-1,8.235294117647E-1,8.823529411765E-1,9.411764705882E-1,1.E0),
.UNSPECIFIED.);
#2096=B_SPLINE_CURVE_WITH_KNOTS('',3,(#2076,#2077,#2078,#2079,#2080,#2081,#2082,
#2083,#2084,#2085,#2086,#2087,#2088,#2089,#2090,#2091,#2092,#2093,#2094,#2095),
.UNSPECIFIED.,.F.,.F.,(4,1,1,1,1,1,1,1,1,1,1,1,1,1,1,1,1,4),(0.E0,
5.882352941176E-2,1.176470588235E-1,1.764705882353E-1,2.352941176471E-1,
2.941176470588E-1,3.529411764706E-1,4.117647058824E-1,4.705882352941E-1,
5.294117647059E-1,5.882352941176E-1,6.470588235294E-1,7.058823529412E-1,
7.647058823529E-1,8.235294117647E-1,8.823529411765E-1,9.411764705882E-1,1.E0),
.UNSPECIFIED.);
#2120=B_SPLINE_CURVE_WITH_KNOTS('',3,(#2100,#2101,#2102,#2103,#2104,#2105,#2106,
#2107,#2108,#2109,#2110,#2111,#2112,#2113,#2114,#2115,#2116,#2117,#2118,#2119),
.UNSPECIFIED.,.F.,.F.,(4,1,1,1,1,1,1,1,1,1,1,1,1,1,1,1,1,4),(0.E0,
5.882352941176E-2,1.176470588235E-1,1.764705882353E-1,2.352941176471E-1,
2.941176470588E-1,3.529411764706E-1,4.117647058824E-1,4.705882352941E-1,
5.294117647059E-1,5.882352941176E-1,6.470588235294E-1,7.058823529412E-1,
7.647058823529E-1,8.235294117647E-1,8.823529411765E-1,9.411764705882E-1,1.E0),
.UNSPECIFIED.);
#2143=B_SPLINE_CURVE_WITH_KNOTS('',3,(#2131,#2132,#2133,#2134,#2135,#2136,#2137,
#2138,#2139,#2140,#2141,#2142),.UNSPECIFIED.,.F.,.F.,(4,1,1,1,1,1,1,1,1,4),
(0.E0,1.111111111111E-1,2.222222222222E-1,3.333333333333E-1,4.444444444444E-1,
5.555555555556E-1,6.666666666667E-1,7.777777777778E-1,8.888888888889E-1,1.E0),
.UNSPECIFIED.);
#2159=B_SPLINE_CURVE_WITH_KNOTS('',3,(#2147,#2148,#2149,#2150,#2151,#2152,#2153,
#2154,#2155,#2156,#2157,#2158),.UNSPECIFIED.,.F.,.F.,(4,1,1,1,1,1,1,1,1,4),
(0.E0,1.111111111111E-1,2.222222222222E-1,3.333333333333E-1,4.444444444444E-1,
5.555555555556E-1,6.666666666667E-1,7.777777777778E-1,8.888888888889E-1,1.E0),
.UNSPECIFIED.);
#2276=B_SPLINE_CURVE_WITH_KNOTS('',3,(#2170,#2171,#2172,#2173,#2174,#2175,#2176,
#2177,#2178,#2179,#2180,#2181,#2182,#2183,#2184,#2185,#2186,#2187,#2188,#2189,
#2190,#2191,#2192,#2193,#2194,#2195,#2196,#2197,#2198,#2199,#2200,#2201,#2202,
#2203,#2204,#2205,#2206,#2207,#2208,#2209,#2210,#2211,#2212,#2213,#2214,#2215,
#2216,#2217,#2218,#2219,#2220,#2221,#2222,#2223,#2224,#2225,#2226,#2227,#2228,
#2229,#2230,#2231,#2232,#2233,#2234,#2235,#2236,#2237,#2238,#2239,#2240,#2241,
#2242,#2243,#2244,#2245,#2246,#2247,#2248,#2249,#2250,#2251,#2252,#2253,#2254,
#2255,#2256,#2257,#2258,#2259,#2260,#2261,#2262,#2263,#2264,#2265,#2266,#2267,
#2268,#2269,#2270,#2271,#2272,#2273,#2274,#2275),.UNSPECIFIED.,.F.,.F.,(4,1,1,1,
1,1,1,1,1,1,1,1,1,1,1,1,1,1,1,1,1,1,1,1,1,1,1,1,1,1,1,1,1,1,1,1,1,1,1,1,1,1,1,1,
1,1,1,1,1,1,1,1,1,1,1,1,1,1,1,1,1,1,1,1,1,1,1,1,1,1,1,1,1,1,1,1,1,1,1,1,1,1,1,1,
1,1,1,1,1,1,1,1,1,1,1,1,1,1,1,1,1,1,1,4),(0.E0,9.708737864078E-3,
1.941747572816E-2,2.912621359223E-2,3.883495145631E-2,4.854368932039E-2,
5.825242718447E-2,6.796116504854E-2,7.766990291262E-2,8.737864077670E-2,
9.708737864078E-2,1.067961165049E-1,1.165048543689E-1,1.262135922330E-1,
1.359223300971E-1,1.456310679612E-1,1.553398058252E-1,1.650485436893E-1,
1.747572815534E-1,1.844660194175E-1,1.941747572816E-1,2.038834951456E-1,
2.135922330097E-1,2.233009708738E-1,2.330097087379E-1,2.427184466019E-1,
2.524271844660E-1,2.621359223301E-1,2.718446601942E-1,2.815533980583E-1,
2.912621359223E-1,3.009708737864E-1,3.106796116505E-1,3.203883495146E-1,
3.300970873786E-1,3.398058252427E-1,3.495145631068E-1,3.592233009709E-1,
3.689320388350E-1,3.786407766990E-1,3.883495145631E-1,3.980582524272E-1,
4.077669902913E-1,4.174757281553E-1,4.271844660194E-1,4.368932038835E-1,
4.466019417476E-1,4.563106796117E-1,4.660194174757E-1,4.757281553398E-1,
4.854368932039E-1,4.951456310680E-1,5.048543689320E-1,5.145631067961E-1,
5.242718446602E-1,5.339805825243E-1,5.436893203883E-1,5.533980582524E-1,
5.631067961165E-1,5.728155339806E-1,5.825242718447E-1,5.922330097087E-1,
6.019417475728E-1,6.116504854369E-1,6.213592233010E-1,6.310679611650E-1,
6.407766990291E-1,6.504854368932E-1,6.601941747573E-1,6.699029126214E-1,
6.796116504854E-1,6.893203883495E-1,6.990291262136E-1,7.087378640777E-1,
7.184466019417E-1,7.281553398058E-1,7.378640776699E-1,7.475728155340E-1,
7.572815533981E-1,7.669902912621E-1,7.766990291262E-1,7.864077669903E-1,
7.961165048544E-1,8.058252427184E-1,8.155339805825E-1,8.252427184466E-1,
8.349514563107E-1,8.446601941748E-1,8.543689320388E-1,8.640776699029E-1,
8.737864077670E-1,8.834951456311E-1,8.932038834951E-1,9.029126213592E-1,
9.126213592233E-1,9.223300970874E-1,9.320388349515E-1,9.417475728155E-1,
9.514563106796E-1,9.611650485437E-1,9.708737864078E-1,9.805825242718E-1,
9.902912621359E-1,1.E0),.UNSPECIFIED.);
#2291=CIRCLE('',#2290,1.435762180118E-2);
#2418=B_SPLINE_CURVE_WITH_KNOTS('',3,(#2295,#2296,#2297,#2298,#2299,#2300,#2301,
#2302,#2303,#2304,#2305,#2306,#2307,#2308,#2309,#2310,#2311,#2312,#2313,#2314,
#2315,#2316,#2317,#2318,#2319,#2320,#2321,#2322,#2323,#2324,#2325,#2326,#2327,
#2328,#2329,#2330,#2331,#2332,#2333,#2334,#2335,#2336,#2337,#2338,#2339,#2340,
#2341,#2342,#2343,#2344,#2345,#2346,#2347,#2348,#2349,#2350,#2351,#2352,#2353,
#2354,#2355,#2356,#2357,#2358,#2359,#2360,#2361,#2362,#2363,#2364,#2365,#2366,
#2367,#2368,#2369,#2370,#2371,#2372,#2373,#2374,#2375,#2376,#2377,#2378,#2379,
#2380,#2381,#2382,#2383,#2384,#2385,#2386,#2387,#2388,#2389,#2390,#2391,#2392,
#2393,#2394,#2395,#2396,#2397,#2398,#2399,#2400,#2401,#2402,#2403,#2404,#2405,
#2406,#2407,#2408,#2409,#2410,#2411,#2412,#2413,#2414,#2415,#2416,#2417),
.UNSPECIFIED.,.F.,.F.,(4,1,1,1,1,1,1,1,1,1,1,1,1,1,1,1,1,1,1,1,1,1,1,1,1,1,1,1,
1,1,1,1,1,1,1,1,1,1,1,1,1,1,1,1,1,1,1,1,1,1,1,1,1,1,1,1,1,1,1,1,1,1,1,1,1,1,1,1,
1,1,1,1,1,1,1,1,1,1,1,1,1,1,1,1,1,1,1,1,1,1,1,1,1,1,1,1,1,1,1,1,1,1,1,1,1,1,1,1,
1,1,1,1,1,1,1,1,1,1,1,1,4),(0.E0,8.333333333333E-3,1.666666666667E-2,2.5E-2,
3.333333333333E-2,4.166666666667E-2,5.E-2,5.833333333333E-2,6.666666666667E-2,
7.5E-2,8.333333333333E-2,9.166666666667E-2,1.E-1,1.083333333333E-1,
1.166666666667E-1,1.25E-1,1.333333333333E-1,1.416666666667E-1,1.5E-1,
1.583333333333E-1,1.666666666667E-1,1.75E-1,1.833333333333E-1,1.916666666667E-1,
2.E-1,2.083333333333E-1,2.166666666667E-1,2.25E-1,2.333333333333E-1,
2.416666666667E-1,2.5E-1,2.583333333333E-1,2.666666666667E-1,2.75E-1,
2.833333333333E-1,2.916666666667E-1,3.E-1,3.083333333333E-1,3.166666666667E-1,
3.25E-1,3.333333333333E-1,3.416666666667E-1,3.5E-1,3.583333333333E-1,
3.666666666667E-1,3.75E-1,3.833333333333E-1,3.916666666667E-1,4.E-1,
4.083333333333E-1,4.166666666667E-1,4.25E-1,4.333333333333E-1,4.416666666667E-1,
4.5E-1,4.583333333333E-1,4.666666666667E-1,4.75E-1,4.833333333333E-1,
4.916666666667E-1,5.E-1,5.083333333333E-1,5.166666666667E-1,5.25E-1,
5.333333333333E-1,5.416666666667E-1,5.5E-1,5.583333333333E-1,5.666666666667E-1,
5.75E-1,5.833333333333E-1,5.916666666667E-1,6.E-1,6.083333333333E-1,
6.166666666667E-1,6.25E-1,6.333333333333E-1,6.416666666667E-1,6.5E-1,
6.583333333333E-1,6.666666666667E-1,6.75E-1,6.833333333333E-1,6.916666666667E-1,
7.E-1,7.083333333333E-1,7.166666666667E-1,7.25E-1,7.333333333333E-1,
7.416666666667E-1,7.5E-1,7.583333333333E-1,7.666666666667E-1,7.75E-1,
7.833333333333E-1,7.916666666667E-1,8.E-1,8.083333333333E-1,8.166666666667E-1,
8.25E-1,8.333333333333E-1,8.416666666667E-1,8.5E-1,8.583333333333E-1,
8.666666666667E-1,8.75E-1,8.833333333333E-1,8.916666666667E-1,9.E-1,
9.083333333333E-1,9.166666666667E-1,9.25E-1,9.333333333333E-1,9.416666666667E-1,
9.5E-1,9.583333333333E-1,9.666666666667E-1,9.75E-1,9.833333333333E-1,
9.916666666667E-1,1.E0),.UNSPECIFIED.);
#2535=B_SPLINE_CURVE_WITH_KNOTS('',3,(#2436,#2437,#2438,#2439,#2440,#2441,#2442,
#2443,#2444,#2445,#2446,#2447,#2448,#2449,#2450,#2451,#2452,#2453,#2454,#2455,
#2456,#2457,#2458,#2459,#2460,#2461,#2462,#2463,#2464,#2465,#2466,#2467,#2468,
#2469,#2470,#2471,#2472,#2473,#2474,#2475,#2476,#2477,#2478,#2479,#2480,#2481,
#2482,#2483,#2484,#2485,#2486,#2487,#2488,#2489,#2490,#2491,#2492,#2493,#2494,
#2495,#2496,#2497,#2498,#2499,#2500,#2501,#2502,#2503,#2504,#2505,#2506,#2507,
#2508,#2509,#2510,#2511,#2512,#2513,#2514,#2515,#2516,#2517,#2518,#2519,#2520,
#2521,#2522,#2523,#2524,#2525,#2526,#2527,#2528,#2529,#2530,#2531,#2532,#2533,
#2534),.UNSPECIFIED.,.F.,.F.,(4,1,1,1,1,1,1,1,1,1,1,1,1,1,1,1,1,1,1,1,1,1,1,1,1,
1,1,1,1,1,1,1,1,1,1,1,1,1,1,1,1,1,1,1,1,1,1,1,1,1,1,1,1,1,1,1,1,1,1,1,1,1,1,1,1,
1,1,1,1,1,1,1,1,1,1,1,1,1,1,1,1,1,1,1,1,1,1,1,1,1,1,1,1,1,1,1,4),(0.E0,
1.041666666667E-2,2.083333333333E-2,3.125E-2,4.166666666667E-2,
5.208333333333E-2,6.25E-2,7.291666666667E-2,8.333333333333E-2,9.375E-2,
1.041666666667E-1,1.145833333333E-1,1.25E-1,1.354166666667E-1,1.458333333333E-1,
1.5625E-1,1.666666666667E-1,1.770833333333E-1,1.875E-1,1.979166666667E-1,
2.083333333333E-1,2.1875E-1,2.291666666667E-1,2.395833333333E-1,2.5E-1,
2.604166666667E-1,2.708333333333E-1,2.8125E-1,2.916666666667E-1,
3.020833333333E-1,3.125E-1,3.229166666667E-1,3.333333333333E-1,3.4375E-1,
3.541666666667E-1,3.645833333333E-1,3.75E-1,3.854166666667E-1,3.958333333333E-1,
4.0625E-1,4.166666666667E-1,4.270833333333E-1,4.375E-1,4.479166666667E-1,
4.583333333333E-1,4.6875E-1,4.791666666667E-1,4.895833333333E-1,5.E-1,
5.104166666667E-1,5.208333333333E-1,5.3125E-1,5.416666666667E-1,
5.520833333333E-1,5.625E-1,5.729166666667E-1,5.833333333333E-1,5.9375E-1,
6.041666666667E-1,6.145833333333E-1,6.25E-1,6.354166666667E-1,6.458333333333E-1,
6.5625E-1,6.666666666667E-1,6.770833333333E-1,6.875E-1,6.979166666667E-1,
7.083333333333E-1,7.1875E-1,7.291666666667E-1,7.395833333333E-1,7.5E-1,
7.604166666667E-1,7.708333333333E-1,7.8125E-1,7.916666666667E-1,
8.020833333333E-1,8.125E-1,8.229166666667E-1,8.333333333333E-1,8.4375E-1,
8.541666666667E-1,8.645833333333E-1,8.75E-1,8.854166666667E-1,8.958333333333E-1,
9.0625E-1,9.166666666667E-1,9.270833333333E-1,9.375E-1,9.479166666667E-1,
9.583333333333E-1,9.6875E-1,9.791666666667E-1,9.895833333333E-1,1.E0),
.UNSPECIFIED.);
#2556=B_SPLINE_CURVE_WITH_KNOTS('',3,(#2539,#2540,#2541,#2542,#2543,#2544,#2545,
#2546,#2547,#2548,#2549,#2550,#2551,#2552,#2553,#2554,#2555),.UNSPECIFIED.,.F.,
.F.,(4,1,1,1,1,1,1,1,1,1,1,1,1,1,4),(0.E0,7.142857142857E-2,1.428571428571E-1,
2.142857142857E-1,2.857142857143E-1,3.571428571429E-1,4.285714285714E-1,5.E-1,
5.714285714286E-1,6.428571428571E-1,7.142857142857E-1,7.857142857143E-1,
8.571428571429E-1,9.285714285714E-1,1.E0),.UNSPECIFIED.);
#2569=B_SPLINE_CURVE_WITH_KNOTS('',3,(#2560,#2561,#2562,#2563,#2564,#2565,#2566,
#2567,#2568),.UNSPECIFIED.,.F.,.F.,(4,1,1,1,1,1,4),(0.E0,1.666666666667E-1,
3.333333333333E-1,5.E-1,6.666666666667E-1,8.333333333333E-1,1.E0),
.UNSPECIFIED.);
#2593=B_SPLINE_CURVE_WITH_KNOTS('',3,(#2573,#2574,#2575,#2576,#2577,#2578,#2579,
#2580,#2581,#2582,#2583,#2584,#2585,#2586,#2587,#2588,#2589,#2590,#2591,#2592),
.UNSPECIFIED.,.F.,.F.,(4,1,1,1,1,1,1,1,1,1,1,1,1,1,1,1,1,4),(0.E0,
5.882352941176E-2,1.176470588235E-1,1.764705882353E-1,2.352941176471E-1,
2.941176470588E-1,3.529411764706E-1,4.117647058824E-1,4.705882352941E-1,
5.294117647059E-1,5.882352941176E-1,6.470588235294E-1,7.058823529412E-1,
7.647058823529E-1,8.235294117647E-1,8.823529411765E-1,9.411764705882E-1,1.E0),
.UNSPECIFIED.);
#2617=B_SPLINE_CURVE_WITH_KNOTS('',3,(#2597,#2598,#2599,#2600,#2601,#2602,#2603,
#2604,#2605,#2606,#2607,#2608,#2609,#2610,#2611,#2612,#2613,#2614,#2615,#2616),
.UNSPECIFIED.,.F.,.F.,(4,1,1,1,1,1,1,1,1,1,1,1,1,1,1,1,1,4),(0.E0,
5.882352941176E-2,1.176470588235E-1,1.764705882353E-1,2.352941176471E-1,
2.941176470588E-1,3.529411764706E-1,4.117647058824E-1,4.705882352941E-1,
5.294117647059E-1,5.882352941176E-1,6.470588235294E-1,7.058823529412E-1,
7.647058823529E-1,8.235294117647E-1,8.823529411765E-1,9.411764705882E-1,1.E0),
.UNSPECIFIED.);
#2641=B_SPLINE_CURVE_WITH_KNOTS('',3,(#2621,#2622,#2623,#2624,#2625,#2626,#2627,
#2628,#2629,#2630,#2631,#2632,#2633,#2634,#2635,#2636,#2637,#2638,#2639,#2640),
.UNSPECIFIED.,.F.,.F.,(4,1,1,1,1,1,1,1,1,1,1,1,1,1,1,1,1,4),(0.E0,
5.882352941176E-2,1.176470588235E-1,1.764705882353E-1,2.352941176471E-1,
2.941176470588E-1,3.529411764706E-1,4.117647058824E-1,4.705882352941E-1,
5.294117647059E-1,5.882352941176E-1,6.470588235294E-1,7.058823529412E-1,
7.647058823529E-1,8.235294117647E-1,8.823529411765E-1,9.411764705882E-1,1.E0),
.UNSPECIFIED.);
#2672=B_SPLINE_CURVE_WITH_KNOTS('',3,(#2652,#2653,#2654,#2655,#2656,#2657,#2658,
#2659,#2660,#2661,#2662,#2663,#2664,#2665,#2666,#2667,#2668,#2669,#2670,#2671),
.UNSPECIFIED.,.F.,.F.,(4,1,1,1,1,1,1,1,1,1,1,1,1,1,1,1,1,4),(0.E0,
5.882352941176E-2,1.176470588235E-1,1.764705882353E-1,2.352941176471E-1,
2.941176470588E-1,3.529411764706E-1,4.117647058824E-1,4.705882352941E-1,
5.294117647059E-1,5.882352941176E-1,6.470588235294E-1,7.058823529412E-1,
7.647058823529E-1,8.235294117647E-1,8.823529411765E-1,9.411764705882E-1,1.E0),
.UNSPECIFIED.);
#2703=B_SPLINE_CURVE_WITH_KNOTS('',3,(#2683,#2684,#2685,#2686,#2687,#2688,#2689,
#2690,#2691,#2692,#2693,#2694,#2695,#2696,#2697,#2698,#2699,#2700,#2701,#2702),
.UNSPECIFIED.,.F.,.F.,(4,1,1,1,1,1,1,1,1,1,1,1,1,1,1,1,1,4),(0.E0,
5.882352941176E-2,1.176470588235E-1,1.764705882353E-1,2.352941176471E-1,
2.941176470588E-1,3.529411764706E-1,4.117647058824E-1,4.705882352941E-1,
5.294117647059E-1,5.882352941176E-1,6.470588235294E-1,7.058823529412E-1,
7.647058823529E-1,8.235294117647E-1,8.823529411765E-1,9.411764705882E-1,1.E0),
.UNSPECIFIED.);
#2727=B_SPLINE_CURVE_WITH_KNOTS('',3,(#2707,#2708,#2709,#2710,#2711,#2712,#2713,
#2714,#2715,#2716,#2717,#2718,#2719,#2720,#2721,#2722,#2723,#2724,#2725,#2726),
.UNSPECIFIED.,.F.,.F.,(4,1,1,1,1,1,1,1,1,1,1,1,1,1,1,1,1,4),(0.E0,
5.882352941176E-2,1.176470588235E-1,1.764705882353E-1,2.352941176471E-1,
2.941176470588E-1,3.529411764706E-1,4.117647058824E-1,4.705882352941E-1,
5.294117647059E-1,5.882352941176E-1,6.470588235294E-1,7.058823529412E-1,
7.647058823529E-1,8.235294117647E-1,8.823529411765E-1,9.411764705882E-1,1.E0),
.UNSPECIFIED.);
#2758=B_SPLINE_CURVE_WITH_KNOTS('',3,(#2738,#2739,#2740,#2741,#2742,#2743,#2744,
#2745,#2746,#2747,#2748,#2749,#2750,#2751,#2752,#2753,#2754,#2755,#2756,#2757),
.UNSPECIFIED.,.F.,.F.,(4,1,1,1,1,1,1,1,1,1,1,1,1,1,1,1,1,4),(0.E0,
5.882352941176E-2,1.176470588235E-1,1.764705882353E-1,2.352941176471E-1,
2.941176470588E-1,3.529411764706E-1,4.117647058824E-1,4.705882352941E-1,
5.294117647059E-1,5.882352941176E-1,6.470588235294E-1,7.058823529412E-1,
7.647058823529E-1,8.235294117647E-1,8.823529411765E-1,9.411764705882E-1,1.E0),
.UNSPECIFIED.);
#2772=B_SPLINE_CURVE_WITH_KNOTS('',3,(#2762,#2763,#2764,#2765,#2766,#2767,#2768,
#2769,#2770,#2771),.UNSPECIFIED.,.F.,.F.,(4,1,1,1,1,1,1,4),(0.E0,
1.428571428571E-1,2.857142857143E-1,4.285714285714E-1,5.714285714286E-1,
7.142857142857E-1,8.571428571429E-1,1.E0),.UNSPECIFIED.);
#2790=B_SPLINE_CURVE_WITH_KNOTS('',3,(#2776,#2777,#2778,#2779,#2780,#2781,#2782,
#2783,#2784,#2785,#2786,#2787,#2788,#2789),.UNSPECIFIED.,.F.,.F.,(4,1,1,1,1,1,1,
1,1,1,1,4),(0.E0,9.090909090909E-2,1.818181818182E-1,2.727272727273E-1,
3.636363636364E-1,4.545454545455E-1,5.454545454545E-1,6.363636363636E-1,
7.272727272727E-1,8.181818181818E-1,9.090909090909E-1,1.E0),.UNSPECIFIED.);
#2814=B_SPLINE_CURVE_WITH_KNOTS('',3,(#2794,#2795,#2796,#2797,#2798,#2799,#2800,
#2801,#2802,#2803,#2804,#2805,#2806,#2807,#2808,#2809,#2810,#2811,#2812,#2813),
.UNSPECIFIED.,.F.,.F.,(4,1,1,1,1,1,1,1,1,1,1,1,1,1,1,1,1,4),(0.E0,
5.882352941176E-2,1.176470588235E-1,1.764705882353E-1,2.352941176471E-1,
2.941176470588E-1,3.529411764706E-1,4.117647058824E-1,4.705882352941E-1,
5.294117647059E-1,5.882352941176E-1,6.470588235294E-1,7.058823529412E-1,
7.647058823529E-1,8.235294117647E-1,8.823529411765E-1,9.411764705882E-1,1.E0),
.UNSPECIFIED.);
#2822=CIRCLE('',#2821,1.968503937008E-2);
#2830=CIRCLE('',#2829,1.968503937008E-2);
#2838=CIRCLE('',#2837,1.435762180118E-2);
#2846=CIRCLE('',#2845,1.435762180118E-2);
#2854=CIRCLE('',#2853,1.435762180118E-2);
#2876=CIRCLE('',#2875,1.435762180118E-2);
#2884=CIRCLE('',#2883,3.937007874016E-3);
#2892=CIRCLE('',#2891,1.435762180118E-2);
#2900=CIRCLE('',#2899,3.937007874016E-3);
#2908=CIRCLE('',#2907,3.937007874016E-2);
#2916=CIRCLE('',#2915,3.937007874016E-2);
#2924=CIRCLE('',#2923,1.829462967520E-2);
#2932=CIRCLE('',#2931,1.829462967520E-2);
#2942=B_SPLINE_CURVE_WITH_KNOTS('',3,(#2936,#2937,#2938,#2939,#2940,#2941),
.UNSPECIFIED.,.F.,.F.,(4,1,1,4),(0.E0,3.333333333333E-1,6.666666666667E-1,1.E0),
.UNSPECIFIED.);
#2952=B_SPLINE_CURVE_WITH_KNOTS('',3,(#2946,#2947,#2948,#2949,#2950,#2951),
.UNSPECIFIED.,.F.,.F.,(4,1,1,4),(0.E0,3.333333333333E-1,6.666666666667E-1,1.E0),
.UNSPECIFIED.);
#2960=CIRCLE('',#2959,3.850896984719E-2);
#2968=CIRCLE('',#2967,3.850896984719E-2);
#2985=B_SPLINE_CURVE_WITH_KNOTS('',3,(#2979,#2980,#2981,#2982,#2983,#2984),
.UNSPECIFIED.,.F.,.F.,(4,1,1,4),(0.E0,3.333333333333E-1,6.666666666667E-1,1.E0),
.UNSPECIFIED.);
#2995=B_SPLINE_CURVE_WITH_KNOTS('',3,(#2989,#2990,#2991,#2992,#2993,#2994),
.UNSPECIFIED.,.F.,.F.,(4,1,1,4),(0.E0,3.333333333333E-1,6.666666666667E-1,1.E0),
.UNSPECIFIED.);
#3017=CIRCLE('',#3016,3.695897383984E-2);
#3025=CIRCLE('',#3024,3.695897383984E-2);
#3047=CIRCLE('',#3046,3.695897383984E-2);
#3062=CIRCLE('',#3061,3.695897383984E-2);
#3209=EDGE_CURVE('',#3068,#3069,#123,.T.);
#3211=EDGE_CURVE('',#3075,#3068,#148,.T.);
#3213=EDGE_CURVE('',#3074,#3075,#155,.T.);
#3215=EDGE_CURVE('',#3069,#3074,#179,.T.);
#3219=ADVANCED_FACE('',(#3218),#3208,.T.);
#3232=EDGE_CURVE('',#3080,#3079,#265,.T.);
#3234=EDGE_CURVE('',#3068,#3079,#203,.T.);
#3237=EDGE_CURVE('',#3080,#3069,#227,.T.);
#3241=ADVANCED_FACE('',(#3240),#3231,.T.);
#3254=EDGE_CURVE('',#3072,#3073,#234,.T.);
#3256=EDGE_CURVE('',#3079,#3072,#258,.T.);
#3259=EDGE_CURVE('',#3078,#3080,#281,.T.);
#3261=EDGE_CURVE('',#3073,#3078,#297,.T.);
#3265=ADVANCED_FACE('',(#3264),#3253,.T.);
#3279=EDGE_CURVE('',#3089,#3073,#321,.T.);
#3281=EDGE_CURVE('',#3089,#3088,#1089,.T.);
#3283=EDGE_CURVE('',#3072,#3088,#345,.T.);
#3287=ADVANCED_FACE('',(#3286),#3277,.T.);
#3566=EDGE_CURVE('',#3078,#3104,#472,.T.);
#3568=EDGE_CURVE('',#3104,#3101,#902,.T.);
#3570=EDGE_CURVE('',#3101,#3076,#1458,.T.);
#3572=EDGE_CURVE('',#3076,#3077,#1397,.T.);
#3574=EDGE_CURVE('',#3077,#3102,#1381,.T.);
#3576=EDGE_CURVE('',#3102,#3118,#1295,.T.);
#3578=EDGE_CURVE('',#3118,#3134,#1271,.T.);
#3580=EDGE_CURVE('',#3134,#3136,#1185,.T.);
#3582=EDGE_CURVE('',#3136,#3119,#1161,.T.);
#3584=EDGE_CURVE('',#3119,#3089,#1113,.T.);
#3588=ADVANCED_FACE('',(#3587),#3563,.T.);
#3865=EDGE_CURVE('',#3090,#3091,#507,.T.);
#3867=EDGE_CURVE('',#3091,#3105,#752,.T.);
#3869=EDGE_CURVE('',#3105,#3106,#740,.T.);
#3871=EDGE_CURVE('',#3123,#3106,#362,.T.);
#3873=EDGE_CURVE('',#3135,#3123,#372,.T.);
#3875=EDGE_CURVE('',#3104,#3135,#465,.T.);
#3881=EDGE_CURVE('',#3074,#3090,#531,.T.);
#3885=ADVANCED_FACE('',(#3884),#3864,.T.);
#3898=EDGE_CURVE('',#3092,#3075,#496,.T.);
#3900=EDGE_CURVE('',#3092,#3122,#768,.T.);
#3902=EDGE_CURVE('',#3122,#3091,#760,.T.);
#3909=ADVANCED_FACE('',(#3908),#3897,.T.);
#4186=EDGE_CURVE('',#3108,#3109,#541,.T.);
#4188=EDGE_CURVE('',#3107,#3108,#555,.T.);
#4190=EDGE_CURVE('',#3092,#3107,#571,.T.);
#4197=EDGE_CURVE('',#3088,#3120,#1082,.T.);
#4199=EDGE_CURVE('',#3124,#3120,#578,.T.);
#4201=EDGE_CURVE('',#3109,#3124,#679,.T.);
#4205=ADVANCED_FACE('',(#4204),#4185,.T.);
#4218=EDGE_CURVE('',#3138,#3123,#687,.T.);
#4220=EDGE_CURVE('',#3108,#3138,#695,.T.);
#4223=EDGE_CURVE('',#3135,#3109,#710,.T.);
#4228=ADVANCED_FACE('',(#4227),#4217,.T.);
#4241=EDGE_CURVE('',#3106,#3138,#717,.T.);
#4247=ADVANCED_FACE('',(#4246),#4240,.T.);
#4270=ADVANCED_FACE('',(#4269),#4259,.T.);
#4547=EDGE_CURVE('',#3104,#3124,#775,.T.);
#4554=ADVANCED_FACE('',(#4553),#4546,.T.);
#4833=EDGE_CURVE('',#3132,#3124,#1029,.T.);
#4835=EDGE_CURVE('',#3101,#3132,#1036,.T.);
#4839=ADVANCED_FACE('',(#4838),#4830,.T.);
#5117=EDGE_CURVE('',#3120,#3140,#1066,.T.);
#5119=EDGE_CURVE('',#3140,#3146,#1137,.T.);
#5121=EDGE_CURVE('',#3146,#3154,#1216,.T.);
#5123=EDGE_CURVE('',#3154,#3144,#1247,.T.);
#5125=EDGE_CURVE('',#3144,#3117,#1326,.T.);
#5127=EDGE_CURVE('',#3117,#3086,#1357,.T.);
#5129=EDGE_CURVE('',#3086,#3099,#1444,.T.);
#5131=EDGE_CURVE('',#3099,#3084,#1640,.T.);
#5133=EDGE_CURVE('',#3084,#3097,#1710,.T.);
#5135=EDGE_CURVE('',#3132,#3097,#1043,.T.);
#5140=ADVANCED_FACE('',(#5139),#5115,.T.);
#5153=EDGE_CURVE('',#3140,#3119,#1050,.T.);
#5161=ADVANCED_FACE('',(#5160),#5152,.T.);
#5174=EDGE_CURVE('',#3136,#3146,#1223,.T.);
#5181=ADVANCED_FACE('',(#5180),#5173,.T.);
#5195=EDGE_CURVE('',#3154,#3134,#1192,.T.);
#5201=ADVANCED_FACE('',(#5200),#5193,.T.);
#5217=EDGE_CURVE('',#3118,#3144,#1333,.T.);
#5221=ADVANCED_FACE('',(#5220),#5213,.T.);
#5235=EDGE_CURVE('',#3117,#3102,#1302,.T.);
#5241=ADVANCED_FACE('',(#5240),#5233,.T.);
#5257=EDGE_CURVE('',#3077,#3086,#1451,.T.);
#5261=ADVANCED_FACE('',(#5260),#5253,.T.);
#5275=EDGE_CURVE('',#3087,#3076,#1413,.T.);
#5277=EDGE_CURVE('',#3099,#3087,#1420,.T.);
#5283=ADVANCED_FACE('',(#5282),#5273,.T.);
#5560=EDGE_CURVE('',#3083,#3087,#1616,.T.);
#5564=EDGE_CURVE('',#3133,#3101,#1585,.T.);
#5566=EDGE_CURVE('',#3141,#3133,#1592,.T.);
#5568=EDGE_CURVE('',#3141,#3143,#2032,.T.);
#5570=EDGE_CURVE('',#3143,#3113,#1978,.T.);
#5572=EDGE_CURVE('',#3113,#3129,#1930,.T.);
#5574=EDGE_CURVE('',#3129,#3096,#1868,.T.);
#5576=EDGE_CURVE('',#3096,#3114,#1820,.T.);
#5578=EDGE_CURVE('',#3114,#3098,#1734,.T.);
#5580=EDGE_CURVE('',#3098,#3083,#1671,.T.);
#5584=ADVANCED_FACE('',(#5583),#5559,.T.);
#5599=EDGE_CURVE('',#3083,#3084,#1647,.T.);
#5604=ADVANCED_FACE('',(#5603),#5596,.T.);
#5619=EDGE_CURVE('',#3116,#3098,#1678,.T.);
#5621=EDGE_CURVE('',#3097,#3116,#1694,.T.);
#5626=ADVANCED_FACE('',(#5625),#5616,.T.);
#5641=EDGE_CURVE('',#3114,#3115,#1796,.T.);
#5643=EDGE_CURVE('',#3116,#3115,#1758,.T.);
#5647=ADVANCED_FACE('',(#5646),#5638,.T.);
#5660=EDGE_CURVE('',#3095,#3096,#1765,.T.);
#5662=EDGE_CURVE('',#3115,#3095,#1789,.T.);
#5668=ADVANCED_FACE('',(#5667),#5659,.T.);
#5681=EDGE_CURVE('',#3129,#3130,#1906,.T.);
#5683=EDGE_CURVE('',#3095,#3130,#1844,.T.);
#5689=ADVANCED_FACE('',(#5688),#5680,.T.);
#5702=EDGE_CURVE('',#3112,#3113,#1875,.T.);
#5704=EDGE_CURVE('',#3130,#3112,#1899,.T.);
#5710=ADVANCED_FACE('',(#5709),#5701,.T.);
#5723=EDGE_CURVE('',#3143,#3142,#2016,.T.);
#5725=EDGE_CURVE('',#3112,#3142,#1954,.T.);
#5731=ADVANCED_FACE('',(#5730),#5722,.T.);
#5744=EDGE_CURVE('',#3127,#3128,#1985,.T.);
#5746=EDGE_CURVE('',#3142,#3127,#2009,.T.);
#5750=EDGE_CURVE('',#3128,#3141,#2048,.T.);
#5754=ADVANCED_FACE('',(#5753),#5743,.T.);
#5767=EDGE_CURVE('',#3152,#3151,#2166,.T.);
#5769=EDGE_CURVE('',#3127,#3151,#2072,.T.);
#5772=EDGE_CURVE('',#3152,#3128,#2096,.T.);
#5776=ADVANCED_FACE('',(#5775),#5766,.T.);
#5789=EDGE_CURVE('',#3167,#3152,#2120,.T.);
#5791=EDGE_CURVE('',#3165,#3167,#2127,.T.);
#5793=EDGE_CURVE('',#3163,#3165,#2143,.T.);
#5795=EDGE_CURVE('',#3151,#3163,#2159,.T.);
#5800=ADVANCED_FACE('',(#5799),#5788,.T.);
#6079=EDGE_CURVE('',#3164,#3133,#2276,.T.);
#6081=EDGE_CURVE('',#3161,#3164,#2283,.T.);
#6083=EDGE_CURVE('',#3161,#3160,#2772,.T.);
#6085=EDGE_CURVE('',#3160,#3149,#2758,.T.);
#6087=EDGE_CURVE('',#3149,#3156,#2727,.T.);
#6089=EDGE_CURVE('',#3156,#3157,#2641,.T.);
#6091=EDGE_CURVE('',#3157,#3167,#2617,.T.);
#6097=ADVANCED_FACE('',(#6096),#6076,.T.);
#6374=EDGE_CURVE('',#3133,#3153,#2425,.T.);
#6376=EDGE_CURVE('',#3153,#3170,#2535,.T.);
#6378=EDGE_CURVE('',#3164,#3170,#2291,.T.);
#6383=ADVANCED_FACE('',(#6382),#6373,.T.);
#6662=EDGE_CURVE('',#3153,#3132,#2418,.T.);
#6667=ADVANCED_FACE('',(#6666),#6659,.T.);
#6954=EDGE_CURVE('',#3153,#3163,#2432,.T.);
#6959=ADVANCED_FACE('',(#6958),#6943,.T.);
#7239=EDGE_CURVE('',#3165,#3166,#2593,.T.);
#7241=EDGE_CURVE('',#3166,#3155,#2672,.T.);
#7243=EDGE_CURVE('',#3155,#3150,#2703,.T.);
#7245=EDGE_CURVE('',#3150,#3158,#2814,.T.);
#7247=EDGE_CURVE('',#3158,#3159,#2790,.T.);
#7249=EDGE_CURVE('',#3171,#3159,#2556,.T.);
#7251=EDGE_CURVE('',#3170,#3171,#2569,.T.);
#7255=ADVANCED_FACE('',(#7254),#7235,.T.);
#7271=EDGE_CURVE('',#3157,#3166,#2679,.T.);
#7275=ADVANCED_FACE('',(#7274),#7267,.T.);
#7289=EDGE_CURVE('',#3155,#3156,#2648,.T.);
#7295=ADVANCED_FACE('',(#7294),#7287,.T.);
#7311=EDGE_CURVE('',#3149,#3150,#2734,.T.);
#7315=ADVANCED_FACE('',(#7314),#7307,.T.);
#7331=EDGE_CURVE('',#3161,#3169,#2830,.T.);
#7333=EDGE_CURVE('',#3169,#3159,#2822,.T.);
#7339=ADVANCED_FACE('',(#7338),#7327,.T.);
#7356=EDGE_CURVE('',#3173,#3164,#2838,.T.);
#7358=EDGE_CURVE('',#3175,#3173,#2846,.T.);
#7360=EDGE_CURVE('',#3170,#3175,#2854,.T.);
#7365=ADVANCED_FACE('',(#7364),#7351,.T.);
#7378=EDGE_CURVE('',#3177,#3175,#2861,.T.);
#7380=EDGE_CURVE('',#3177,#3179,#2892,.T.);
#7382=EDGE_CURVE('',#3173,#3179,#2868,.T.);
#7389=ADVANCED_FACE('',(#7388),#7377,.T.);
#7403=EDGE_CURVE('',#3179,#3177,#2876,.T.);
#7409=ADVANCED_FACE('',(#7408),#7401,.T.);
#7422=EDGE_CURVE('',#3183,#3177,#2900,.T.);
#7425=EDGE_CURVE('',#3179,#3181,#2884,.T.);
#7427=EDGE_CURVE('',#3181,#3183,#2932,.T.);
#7431=ADVANCED_FACE('',(#7430),#7421,.F.);
#7447=EDGE_CURVE('',#3183,#3181,#2924,.T.);
#7451=ADVANCED_FACE('',(#7450),#7443,.F.);
#7464=EDGE_CURVE('',#3186,#3187,#2908,.T.);
#7466=EDGE_CURVE('',#3187,#3186,#2916,.T.);
#7474=ADVANCED_FACE('',(#7469,#7473),#7463,.T.);
#7487=EDGE_CURVE('',#3202,#3193,#2968,.T.);
#7489=EDGE_CURVE('',#3192,#3193,#2942,.T.);
#7491=EDGE_CURVE('',#3192,#3190,#3017,.T.);
#7493=EDGE_CURVE('',#3190,#3186,#3009,.T.);
#7496=EDGE_CURVE('',#3187,#3196,#3002,.T.);
#7498=EDGE_CURVE('',#3196,#3200,#3062,.T.);
#7500=EDGE_CURVE('',#3202,#3200,#2952,.T.);
#7504=ADVANCED_FACE('',(#7503),#7486,.T.);
#7517=EDGE_CURVE('',#3194,#3198,#2960,.T.);
#7519=EDGE_CURVE('',#3194,#3193,#3032,.T.);
#7522=EDGE_CURVE('',#3198,#3202,#2975,.T.);
#7526=ADVANCED_FACE('',(#7525),#7516,.F.);
#7539=EDGE_CURVE('',#3190,#3191,#3025,.T.);
#7541=EDGE_CURVE('',#3194,#3191,#2985,.T.);
#7544=EDGE_CURVE('',#3203,#3198,#2995,.T.);
#7546=EDGE_CURVE('',#3203,#3196,#3047,.T.);
#7553=ADVANCED_FACE('',(#7552),#7538,.T.);
#7567=EDGE_CURVE('',#3192,#3191,#3039,.T.);
#7572=ADVANCED_FACE('',(#7571),#7565,.F.);
#7591=ADVANCED_FACE('',(#7590),#7584,.F.);
#7607=EDGE_CURVE('',#3200,#3203,#3054,.T.);
#7611=ADVANCED_FACE('',(#7610),#7603,.F.);
#7629=ADVANCED_FACE('',(#7628),#7623,.F.);
#7654=(LENGTH_UNIT()NAMED_UNIT(*)SI_UNIT(.MILLI.,.METRE.));
#7657=(NAMED_UNIT(*)PLANE_ANGLE_UNIT()SI_UNIT($,.RADIAN.));
#7660=(NAMED_UNIT(*)SI_UNIT($,.STERADIAN.)SOLID_ANGLE_UNIT());
#7662=(GEOMETRIC_REPRESENTATION_CONTEXT(3)GLOBAL_UNCERTAINTY_ASSIGNED_CONTEXT((
#7661))GLOBAL_UNIT_ASSIGNED_CONTEXT((#7656,#7659,#7660))REPRESENTATION_CONTEXT(
'ID1','3'));
#7663=ADVANCED_BREP_SHAPE_REPRESENTATION('',(#7638),#7662);
#7671=PRODUCT_DEFINITION('part definition','',#7670,#7667);
#7672=PRODUCT_DEFINITION_SHAPE('','SHAPE FOR GRAINGER-6HY48.',#7671);
#7673=SHAPE_ASPECT('','solid data associated with GRAINGER-6HY48',#7672,.F.);
#7674=PROPERTY_DEFINITION('',
'shape for solid data with which properties are associated',#7673);
#7675=SHAPE_REPRESENTATION('',(#7638),#7662);
#7676=SHAPE_DEFINITION_REPRESENTATION(#7674,#7675);
#7677=(LENGTH_UNIT()NAMED_UNIT(*)SI_UNIT(.MILLI.,.METRE.));
#7683=PROPERTY_DEFINITION('geometric validation property',
'area of GRAINGER-6HY48',#7673);
#7684=REPRESENTATION('surface area',(#7682),#7662);
#7685=PROPERTY_DEFINITION_REPRESENTATION(#7683,#7684);
#7686=(LENGTH_UNIT()NAMED_UNIT(*)SI_UNIT(.MILLI.,.METRE.));
#7692=PROPERTY_DEFINITION('geometric validation property',
'volume of GRAINGER-6HY48',#7673);
#7693=REPRESENTATION('volume',(#7691),#7662);
#7694=PROPERTY_DEFINITION_REPRESENTATION(#7692,#7693);
#7696=PROPERTY_DEFINITION('geometric validation property',
'centroid of GRAINGER-6HY48',#7673);
#7697=REPRESENTATION('centroid',(#7695),#7662);
#7698=PROPERTY_DEFINITION_REPRESENTATION(#7696,#7697);
#7699=(LENGTH_UNIT()NAMED_UNIT(*)SI_UNIT(.MILLI.,.METRE.));
#7705=PROPERTY_DEFINITION('geometric validation property',
'area of GRAINGER-6HY48',#7672);
#7706=REPRESENTATION('surface area',(#7704),#7662);
#7707=PROPERTY_DEFINITION_REPRESENTATION(#7705,#7706);
#7708=(LENGTH_UNIT()NAMED_UNIT(*)SI_UNIT(.MILLI.,.METRE.));
#7714=PROPERTY_DEFINITION('geometric validation property',
'volume of GRAINGER-6HY48',#7672);
#7715=REPRESENTATION('volume',(#7713),#7662);
#7716=PROPERTY_DEFINITION_REPRESENTATION(#7714,#7715);
#7718=PROPERTY_DEFINITION('geometric validation property',
'centroid of GRAINGER-6HY48',#7672);
#7719=REPRESENTATION('centroid',(#7717),#7662);
#7720=PROPERTY_DEFINITION_REPRESENTATION(#7718,#7719);
#7721=SHAPE_DEFINITION_REPRESENTATION(#7672,#7663);
#7723=PROPERTY_DEFINITION('DESCRIPTION','user defined attribute',#7671);
#7727=REPRESENTATION('',(#7726),#7662);
#7728=PROPERTY_DEFINITION_REPRESENTATION(#7723,#7727);
#7729=PROPERTY_DEFINITION('MODELED_BY','user defined attribute',#7671);
#7733=REPRESENTATION('',(#7732),#7662);
#7734=PROPERTY_DEFINITION_REPRESENTATION(#7729,#7733);
ENDSEC;
END-ISO-10303-21;
