ISO-10303-21;
HEADER;
FILE_DESCRIPTION (( 'STEP AP214' ),
    '1' );
FILE_NAME ('VEMD4110X01.STEP',
    '2025-04-25T00:38:12',
    ( '' ),
    ( '' ),
    'SwSTEP 2.0',
    'SolidWorks 2021',
    '' );
FILE_SCHEMA (( 'AUTOMOTIVE_DESIGN' ));
ENDSEC;

DATA;
#1 = PRESENTATION_STYLE_ASSIGNMENT (( #760 ) ) ;
#2 = EDGE_CURVE ( 'NONE', #1746, #546, #201, .T. ) ;
#3 = CARTESIAN_POINT ( 'NONE',  ( 0.6249999999999982236, 0.5000000000000000000, 0.5000000000000000000 ) ) ;
#4 = VERTEX_POINT ( 'NONE', #34 ) ;
#5 = VECTOR ( 'NONE', #20, 1000.000000000000000 ) ;
#6 = CARTESIAN_POINT ( 'NONE',  ( -1.000000000000000000, 0.000000000000000000, -0.3000000000000000444 ) ) ;
#7 = CARTESIAN_POINT ( 'NONE',  ( -1.000000000000000000, 0.2000000000000000111, 0.3999999999999999112 ) ) ;
#8 = MANIFOLD_SOLID_BREP ( 'Cut-Extrude2', #979 ) ;
#9 = FACE_OUTER_BOUND ( 'NONE', #1322, .T. ) ;
#10 = AXIS2_PLACEMENT_3D ( 'NONE', #1704, #99, #1868 ) ;
#11 = ADVANCED_FACE ( 'NONE', ( #1225 ), #184, .F. ) ;
#12 = CARTESIAN_POINT ( 'NONE',  ( 1.000000000000000000, 0.1000000000000000056, 0.09999999999999997780 ) ) ;
#13 = ORIENTED_EDGE ( 'NONE', *, *, #1695, .T. ) ;
#14 = AXIS2_PLACEMENT_3D ( 'NONE', #1638, #869, #1158 ) ;
#15 = MECHANICAL_DESIGN_GEOMETRIC_PRESENTATION_REPRESENTATION (  '', ( #1916 ), #214 ) ;
#16 = LINE ( 'NONE', #1668, #1714 ) ;
#17 = ADVANCED_FACE ( 'NONE', ( #1823 ), #334, .F. ) ;
#18 = DIRECTION ( 'NONE',  ( -1.000000000000000000, -0.000000000000000000, -0.000000000000000000 ) ) ;
#19 = ORIENTED_EDGE ( 'NONE', *, *, #624, .F. ) ;
#20 = DIRECTION ( 'NONE',  ( -1.000000000000000000, 0.000000000000000000, 3.657326945500656261E-16 ) ) ;
#21 = DIRECTION ( 'NONE',  ( 0.000000000000000000, 0.000000000000000000, -1.000000000000000000 ) ) ;
#22 = MANIFOLD_SOLID_BREP ( 'Cut-Extrude3[2]', #1224 ) ;
#23 = DIRECTION ( 'NONE',  ( -0.000000000000000000, -1.000000000000000000, -0.000000000000000000 ) ) ;
#24 =( NAMED_UNIT ( * ) PLANE_ANGLE_UNIT ( ) SI_UNIT ( $, .RADIAN. ) );
#25 = VERTEX_POINT ( 'NONE', #1080 ) ;
#26 = EDGE_CURVE ( 'NONE', #1024, #243, #16, .T. ) ;
#27 = DIRECTION ( 'NONE',  ( 0.000000000000000000, 1.000000000000000000, 0.000000000000000000 ) ) ;
#28 = CARTESIAN_POINT ( 'NONE',  ( -0.2250000000000000056, 0.000000000000000000, -0.3499999999999997002 ) ) ;
#29 = VERTEX_POINT ( 'NONE', #1491 ) ;
#30 = FACE_OUTER_BOUND ( 'NONE', #1615, .T. ) ;
#31 = DIRECTION ( 'NONE',  ( -1.971276677246372752E-16, -0.000000000000000000, 1.000000000000000000 ) ) ;
#32 = LINE ( 'NONE', #643, #479 ) ;
#33 = ORIENTED_EDGE ( 'NONE', *, *, #1049, .F. ) ;
#34 = CARTESIAN_POINT ( 'NONE',  ( -0.1749999999999996558, 0.000000000000000000, -0.4000000000000001332 ) ) ;
#35 = DIRECTION ( 'NONE',  ( -0.000000000000000000, -1.000000000000000000, -0.000000000000000000 ) ) ;
#36 = EDGE_LOOP ( 'NONE', ( #1390, #1797, #1782, #1758 ) ) ;
#37 = CARTESIAN_POINT ( 'NONE',  ( 0.6249999999999982236, 0.5000000000000000000, -0.5000000000000001110 ) ) ;
#38 = DIRECTION ( 'NONE',  ( 1.000000000000000000, 0.000000000000000000, -4.613626265895765162E-17 ) ) ;
#39 = CLOSED_SHELL ( 'NONE', ( #199, #289, #1362, #814, #976, #867, #1079, #144, #11, #111, #1490, #1764 ) ) ;
#40 = EDGE_CURVE ( 'NONE', #1803, #944, #936, .T. ) ;
#41 = CARTESIAN_POINT ( 'NONE',  ( -0.5749999999999999556, 0.000000000000000000, -0.3500000000000001443 ) ) ;
#42 = DIRECTION ( 'NONE',  ( -0.000000000000000000, -1.000000000000000000, -0.000000000000000000 ) ) ;
#43 = AXIS2_PLACEMENT_3D ( 'NONE', #1084, #1806, #494 ) ;
#44 = ORIENTED_EDGE ( 'NONE', *, *, #279, .F. ) ;
#45 = EDGE_CURVE ( 'NONE', #460, #1763, #1514, .T. ) ;
#46 = AXIS2_PLACEMENT_3D ( 'NONE', #1649, #451, #616 ) ;
#47 = ORIENTED_EDGE ( 'NONE', *, *, #1539, .F. ) ;
#48 = VECTOR ( 'NONE', #255, 1000.000000000000000 ) ;
#49 = CARTESIAN_POINT ( 'NONE',  ( 0.6250000000000000000, 0.5000000000000000000, 0.2500000000000000555 ) ) ;
#50 = VECTOR ( 'NONE', #1054, 1000.000000000000000 ) ;
#51 = PLANE ( 'NONE',  #1600 ) ;
#52 = ORIENTED_EDGE ( 'NONE', *, *, #115, .T. ) ;
#53 = EDGE_CURVE ( 'NONE', #1767, #1900, #1482, .T. ) ;
#54 = DIRECTION ( 'NONE',  ( -0.000000000000000000, -1.000000000000000000, -0.000000000000000000 ) ) ;
#55 = LINE ( 'NONE', #346, #1813 ) ;
#56 = PLANE ( 'NONE',  #266 ) ;
#57 = EDGE_LOOP ( 'NONE', ( #873, #1447, #692, #1304, #1676, #417, #124, #1214, #1015, #1465, #1890, #1775, #109, #1728, #1663, #784 ) ) ;
#58 = EDGE_CURVE ( 'NONE', #1377, #213, #816, .T. ) ;
#59 = ORIENTED_EDGE ( 'NONE', *, *, #857, .F. ) ;
#60 = DIRECTION ( 'NONE',  ( -1.000000000000000000, -0.000000000000000000, -0.000000000000000000 ) ) ;
#61 = CARTESIAN_POINT ( 'NONE',  ( -1.000000000000000000, 0.6999999999999999556, -0.6250000000000001110 ) ) ;
#62 = ORIENTED_EDGE ( 'NONE', *, *, #1428, .T. ) ;
#63 = CYLINDRICAL_SURFACE ( 'NONE', #454, 0.2000000000000000944 ) ;
#64 = LINE ( 'NONE', #1268, #1415 ) ;
#65 = CARTESIAN_POINT ( 'NONE',  ( -0.5250000000000000222, 0.000000000000000000, -0.3499999999999998113 ) ) ;
#66 = VERTEX_POINT ( 'NONE', #1834 ) ;
#67 = LINE ( 'NONE', #506, #1378 ) ;
#68 = CYLINDRICAL_SURFACE ( 'NONE', #328, 0.05000000000000002359 ) ;
#69 = ORIENTED_EDGE ( 'NONE', *, *, #566, .F. ) ;
#70 = DIRECTION ( 'NONE',  ( 0.000000000000000000, 0.000000000000000000, -1.000000000000000000 ) ) ;
#71 = CARTESIAN_POINT ( 'NONE',  ( -1.000000000000000000, 0.000000000000000000, 0.6249999999999998890 ) ) ;
#72 = CARTESIAN_POINT ( 'NONE',  ( -0.2250000000000000888, 0.000000000000000000, 0.3499999999999996447 ) ) ;
#73 = LINE ( 'NONE', #673, #955 ) ;
#74 = EDGE_CURVE ( 'NONE', #1418, #1083, #806, .T. ) ;
#75 = AXIS2_PLACEMENT_3D ( 'NONE', #1637, #1267, #537 ) ;
#76 = LINE ( 'NONE', #1124, #957 ) ;
#77 = VECTOR ( 'NONE', #1398, 1000.000000000000000 ) ;
#78 = ORIENTED_EDGE ( 'NONE', *, *, #566, .T. ) ;
#79 = EDGE_CURVE ( 'NONE', #1187, #1117, #67, .T. ) ;
#80 = CIRCLE ( 'NONE', #647, 0.05000000000000002359 ) ;
#81 = DIRECTION ( 'NONE',  ( -0.000000000000000000, 1.000000000000000000, -0.000000000000000000 ) ) ;
#82 = DIRECTION ( 'NONE',  ( 0.000000000000000000, -1.000000000000000000, 0.000000000000000000 ) ) ;
#83 = DIRECTION ( 'NONE',  ( 0.000000000000000000, 0.000000000000000000, 1.000000000000000000 ) ) ;
#84 = CARTESIAN_POINT ( 'NONE',  ( -0.5250000000000000222, 0.000000000000000000, 0.1999999999999999001 ) ) ;
#85 = DIRECTION ( 'NONE',  ( 1.000000000000000000, 0.000000000000000000, 0.000000000000000000 ) ) ;
#86 = CARTESIAN_POINT ( 'NONE',  ( -1.000000000000000000, 0.1000000000000000056, 0.3000000000000000444 ) ) ;
#87 = EDGE_LOOP ( 'NONE', ( #261, #746, #876, #1739 ) ) ;
#88 = VERTEX_POINT ( 'NONE', #962 ) ;
#89 = LINE ( 'NONE', #234, #1598 ) ;
#90 = CARTESIAN_POINT ( 'NONE',  ( -1.000000000000000000, 0.6999999999999999556, 0.6249999999999998890 ) ) ;
#91 = VERTEX_POINT ( 'NONE', #520 ) ;
#92 = CARTESIAN_POINT ( 'NONE',  ( 1.000000000000000000, 0.6999999999999999556, 0.6249999999999998890 ) ) ;
#93 = ORIENTED_EDGE ( 'NONE', *, *, #1838, .T. ) ;
#94 = EDGE_CURVE ( 'NONE', #1040, #380, #1099, .T. ) ;
#95 = CARTESIAN_POINT ( 'NONE',  ( -0.3482233047033629347, 0.6999999999999999556, 0.07322330470336226027 ) ) ;
#96 = LINE ( 'NONE', #225, #211 ) ;
#97 = ORIENTED_EDGE ( 'NONE', *, *, #1155, .F. ) ;
#98 = CARTESIAN_POINT ( 'NONE',  ( 1.000000000000000000, 0.000000000000000000, -0.6250000000000001110 ) ) ;
#99 = DIRECTION ( 'NONE',  ( -0.000000000000000000, -1.000000000000000000, -0.000000000000000000 ) ) ;
#100 = EDGE_CURVE ( 'NONE', #415, #1593, #1688, .T. ) ;
#101 = CARTESIAN_POINT ( 'NONE',  ( 0.000000000000000000, 0.000000000000000000, 0.000000000000000000 ) ) ;
#102 = VECTOR ( 'NONE', #1375, 1000.000000000000000 ) ;
#103 = VERTEX_POINT ( 'NONE', #363 ) ;
#104 = VECTOR ( 'NONE', #1184, 1000.000000000000000 ) ;
#105 = DIRECTION ( 'NONE',  ( -0.000000000000000000, -1.000000000000000000, -0.000000000000000000 ) ) ;
#106 = AXIS2_PLACEMENT_3D ( 'NONE', #965, #81, #1857 ) ;
#107 = ORIENTED_EDGE ( 'NONE', *, *, #915, .T. ) ;
#108 = CARTESIAN_POINT ( 'NONE',  ( -0.1714466094067270130, 0.5000000000000000000, 0.5000000000000002220 ) ) ;
#109 = ORIENTED_EDGE ( 'NONE', *, *, #682, .F. ) ;
#110 = VECTOR ( 'NONE', #284, 1000.000000000000000 ) ;
#111 = ADVANCED_FACE ( 'NONE', ( #1844 ), #1253, .F. ) ;
#112 = DIRECTION ( 'NONE',  ( 0.000000000000000000, 1.000000000000000000, 0.000000000000000000 ) ) ;
#113 = AXIS2_PLACEMENT_3D ( 'NONE', #456, #1778, #122 ) ;
#114 = PLANE ( 'NONE',  #272 ) ;
#115 = EDGE_CURVE ( 'NONE', #1217, #1329, #543, .T. ) ;
#116 = ORIENTED_EDGE ( 'NONE', *, *, #1835, .F. ) ;
#117 = PLANE ( 'NONE',  #172 ) ;
#118 = VERTEX_POINT ( 'NONE', #620 ) ;
#119 = DIRECTION ( 'NONE',  ( 0.000000000000000000, 1.000000000000000000, 0.000000000000000000 ) ) ;
#120 = VERTEX_POINT ( 'NONE', #1220 ) ;
#121 = DIRECTION ( 'NONE',  ( 0.000000000000000000, 0.000000000000000000, -1.000000000000000000 ) ) ;
#122 = DIRECTION ( 'NONE',  ( 0.000000000000000000, -0.000000000000000000, 1.000000000000000000 ) ) ;
#123 = FILL_AREA_STYLE_COLOUR ( '', #364 ) ;
#124 = ORIENTED_EDGE ( 'NONE', *, *, #405, .F. ) ;
#125 = VERTEX_POINT ( 'NONE', #496 ) ;
#126 = CARTESIAN_POINT ( 'NONE',  ( 0.000000000000000000, 0.6899999999999999467, 0.000000000000000000 ) ) ;
#127 = EDGE_CURVE ( 'NONE', #1884, #1311, #1791, .T. ) ;
#128 = ORIENTED_EDGE ( 'NONE', *, *, #1681, .T. ) ;
#129 = CARTESIAN_POINT ( 'NONE',  ( -0.7999999999999999334, 0.1000000000000000056, -0.09999999999999995004 ) ) ;
#130 = DIRECTION ( 'NONE',  ( -0.000000000000000000, 1.000000000000000000, -0.000000000000000000 ) ) ;
#131 = VERTEX_POINT ( 'NONE', #653 ) ;
#132 = EDGE_CURVE ( 'NONE', #852, #1462, #1497, .T. ) ;
#133 = ORIENTED_EDGE ( 'NONE', *, *, #1153, .F. ) ;
#134 = MECHANICAL_DESIGN_GEOMETRIC_PRESENTATION_REPRESENTATION (  '', ( #1009 ), #1067 ) ;
#135 = DIRECTION ( 'NONE',  ( 0.7071067811865437980, -0.000000000000000000, 0.7071067811865513475 ) ) ;
#136 = AXIS2_PLACEMENT_3D ( 'NONE', #1840, #1581, #356 ) ;
#137 = EDGE_CURVE ( 'NONE', #321, #1026, #32, .T. ) ;
#138 = ORIENTED_EDGE ( 'NONE', *, *, #1705, .T. ) ;
#139 = VECTOR ( 'NONE', #373, 1000.000000000000000 ) ;
#140 = PLANE ( 'NONE',  #386 ) ;
#141 = CARTESIAN_POINT ( 'NONE',  ( -1.000000000000000000, 0.2000000000000000111, -0.4000000000000001332 ) ) ;
#142 = VECTOR ( 'NONE', #943, 1000.000000000000000 ) ;
#143 = VECTOR ( 'NONE', #377, 1000.000000000000000 ) ;
#144 = ADVANCED_FACE ( 'NONE', ( #1522 ), #1674, .T. ) ;
#145 = ORIENTED_EDGE ( 'NONE', *, *, #662, .F. ) ;
#146 = ORIENTED_EDGE ( 'NONE', *, *, #1913, .T. ) ;
#147 = FACE_OUTER_BOUND ( 'NONE', #988, .T. ) ;
#148 = ORIENTED_EDGE ( 'NONE', *, *, #1277, .F. ) ;
#149 = CARTESIAN_POINT ( 'NONE',  ( -0.1714466094067270130, 0.5000000000000000000, 0.5000000000000002220 ) ) ;
#150 = LINE ( 'NONE', #740, #1075 ) ;
#151 = DIRECTION ( 'NONE',  ( 0.000000000000000000, -1.000000000000000000, 0.000000000000000000 ) ) ;
#152 = ORIENTED_EDGE ( 'NONE', *, *, #597, .T. ) ;
#153 = CARTESIAN_POINT ( 'NONE',  ( -1.000000000000000000, 0.2000000000000000111, 0.3999999999999999112 ) ) ;
#154 = LINE ( 'NONE', #1506, #547 ) ;
#155 = ORIENTED_EDGE ( 'NONE', *, *, #1277, .T. ) ;
#156 = ADVANCED_FACE ( 'NONE', ( #502 ), #1666, .T. ) ;
#157 = CARTESIAN_POINT ( 'NONE',  ( -0.7999999999999999334, 0.000000000000000000, 0.09999999999999995004 ) ) ;
#158 = CARTESIAN_POINT ( 'NONE',  ( -0.1714466094067267077, 2.337306877479661704, 0.2500000000000000000 ) ) ;
#159 = CARTESIAN_POINT ( 'NONE',  ( 0.8750000000000001110, 0.5000000000000000000, -0.2499999999999983347 ) ) ;
#160 = CARTESIAN_POINT ( 'NONE',  ( -0.7999999999999999334, 0.1000000000000000056, 0.09999999999999995004 ) ) ;
#161 = EDGE_LOOP ( 'NONE', ( #753, #725, #530, #1606 ) ) ;
#162 = ADVANCED_FACE ( 'NONE', ( #631 ), #56, .F. ) ;
#163 = LINE ( 'NONE', #919, #731 ) ;
#164 = CIRCLE ( 'NONE', #1496, 0.05000000000000002359 ) ;
#165 = ORIENTED_EDGE ( 'NONE', *, *, #1396, .T. ) ;
#166 = AXIS2_PLACEMENT_3D ( 'NONE', #227, #837, #1275 ) ;
#167 = DIRECTION ( 'NONE',  ( 0.000000000000000000, 0.000000000000000000, 1.000000000000000000 ) ) ;
#168 = CARTESIAN_POINT ( 'NONE',  ( -0.5749999999999999556, 0.000000000000000000, -0.3500000000000001443 ) ) ;
#169 = EDGE_CURVE ( 'NONE', #91, #131, #1055, .T. ) ;
#170 = VECTOR ( 'NONE', #636, 1000.000000000000000 ) ;
#171 = FACE_OUTER_BOUND ( 'NONE', #1473, .T. ) ;
#172 = AXIS2_PLACEMENT_3D ( 'NONE', #1036, #904, #1586 ) ;
#173 = DIRECTION ( 'NONE',  ( 1.000000000000000000, 0.000000000000000000, 1.971276677246372998E-16 ) ) ;
#174 = ORIENTED_EDGE ( 'NONE', *, *, #1114, .T. ) ;
#175 = VECTOR ( 'NONE', #190, 1000.000000000000000 ) ;
#176 = PRODUCT_RELATED_PRODUCT_CATEGORY ( 'part', '', ( #1069 ) ) ;
#177 = CARTESIAN_POINT ( 'NONE',  ( -0.5250000000000000222, 0.2000000000000000111, -0.3499999999999998113 ) ) ;
#178 = ORIENTED_EDGE ( 'NONE', *, *, #463, .F. ) ;
#179 = DIRECTION ( 'NONE',  ( -2.168404344971015771E-16, 0.000000000000000000, 1.000000000000000000 ) ) ;
#180 = DIRECTION ( 'NONE',  ( 2.168404344971015771E-16, 0.000000000000000000, -1.000000000000000000 ) ) ;
#181 = CARTESIAN_POINT ( 'NONE',  ( -0.2250000000000000056, 0.000000000000000000, -0.3499999999999997002 ) ) ;
#182 = CARTESIAN_POINT ( 'NONE',  ( 0.6249999999999982236, 2.337306877479661704, -0.5000000000000001110 ) ) ;
#183 = VERTEX_POINT ( 'NONE', #926 ) ;
#184 = CYLINDRICAL_SURFACE ( 'NONE', #1774, 0.2000000000000000944 ) ;
#185 = DIRECTION ( 'NONE',  ( -0.000000000000000000, -1.000000000000000000, -0.000000000000000000 ) ) ;
#186 = EDGE_LOOP ( 'NONE', ( #1540, #1092, #1736, #1770 ) ) ;
#187 = EDGE_CURVE ( 'NONE', #293, #437, #511, .T. ) ;
#188 = ADVANCED_FACE ( 'NONE', ( #171 ), #1819, .T. ) ;
#189 = CARTESIAN_POINT ( 'NONE',  ( -0.7250000000000024203, 0.000000000000000000, 0.3999999999999999112 ) ) ;
#190 = DIRECTION ( 'NONE',  ( -0.000000000000000000, -1.000000000000000000, -0.000000000000000000 ) ) ;
#191 = CARTESIAN_POINT ( 'NONE',  ( -1.000000000000000000, 0.1000000000000000056, -0.09999999999999996392 ) ) ;
#192 = LINE ( 'NONE', #1376, #1169 ) ;
#193 = VERTEX_POINT ( 'NONE', #1096 ) ;
#194 = ORIENTED_EDGE ( 'NONE', *, *, #127, .F. ) ;
#195 = FILL_AREA_STYLE_COLOUR ( '', #447 ) ;
#196 = LINE ( 'NONE', #685, #486 ) ;
#197 = ORIENTED_EDGE ( 'NONE', *, *, #389, .T. ) ;
#198 = LINE ( 'NONE', #157, #1345 ) ;
#199 = ADVANCED_FACE ( 'NONE', ( #9 ), #903, .T. ) ;
#200 = DIRECTION ( 'NONE',  ( 0.000000000000000000, 0.000000000000000000, -1.000000000000000000 ) ) ;
#201 = CIRCLE ( 'NONE', #1316, 0.2500000000000000000 ) ;
#202 = EDGE_CURVE ( 'NONE', #1462, #1377, #164, .T. ) ;
#203 = DIRECTION ( 'NONE',  ( -1.000000000000000000, 0.000000000000000000, 2.722598501092568783E-16 ) ) ;
#204 = LINE ( 'NONE', #320, #1259 ) ;
#205 = STYLED_ITEM ( 'NONE', ( #1231 ), #635 ) ;
#206 = ORIENTED_EDGE ( 'NONE', *, *, #1822, .F. ) ;
#207 = AXIS2_PLACEMENT_3D ( 'NONE', #569, #551, #1032 ) ;
#208 = ORIENTED_EDGE ( 'NONE', *, *, #1373, .F. ) ;
#209 = VECTOR ( 'NONE', #1123, 1000.000000000000000 ) ;
#210 = DIRECTION ( 'NONE',  ( 0.000000000000000000, 1.000000000000000000, 0.000000000000000000 ) ) ;
#211 = VECTOR ( 'NONE', #1732, 1000.000000000000000 ) ;
#212 = PLANE ( 'NONE',  #1874 ) ;
#213 = VERTEX_POINT ( 'NONE', #181 ) ;
#214 =( GEOMETRIC_REPRESENTATION_CONTEXT ( 3 ) GLOBAL_UNCERTAINTY_ASSIGNED_CONTEXT ( ( #1584 ) ) GLOBAL_UNIT_ASSIGNED_CONTEXT ( ( #1903, #1893, #412 ) ) REPRESENTATION_CONTEXT ( 'NONE', 'WORKASPACE' ) );
#215 = DIRECTION ( 'NONE',  ( -1.000000000000000000, -0.000000000000000000, -3.229538386127035428E-16 ) ) ;
#216 = LINE ( 'NONE', #71, #550 ) ;
#217 = LINE ( 'NONE', #845, #355 ) ;
#218 = CARTESIAN_POINT ( 'NONE',  ( 0.6249999999999982236, 0.5000000000000000000, 0.5000000000000000000 ) ) ;
#219 = EDGE_CURVE ( 'NONE', #1029, #441, #347, .T. ) ;
#220 = CARTESIAN_POINT ( 'NONE',  ( -0.1714466094067267077, 0.5000000000000000000, 0.2500000000000000000 ) ) ;
#221 = APPLICATION_CONTEXT ( 'automotive_design' ) ;
#222 = DIRECTION ( 'NONE',  ( -1.000000000000000000, 0.000000000000000000, 2.722598501092568783E-16 ) ) ;
#223 = ORIENTED_EDGE ( 'NONE', *, *, #1142, .T. ) ;
#224 = DIRECTION ( 'NONE',  ( -0.000000000000000000, -1.000000000000000000, -0.000000000000000000 ) ) ;
#225 = CARTESIAN_POINT ( 'NONE',  ( -0.5250000000000000222, 0.000000000000000000, 0.1999999999999999001 ) ) ;
#226 = EDGE_CURVE ( 'NONE', #1848, #1117, #449, .T. ) ;
#227 = CARTESIAN_POINT ( 'NONE',  ( 0.000000000000000000, 0.6999999999999999556, 0.000000000000000000 ) ) ;
#228 = LINE ( 'NONE', #846, #48 ) ;
#229 = EDGE_CURVE ( 'NONE', #66, #460, #1102, .T. ) ;
#230 = DIRECTION ( 'NONE',  ( 0.000000000000000000, 0.000000000000000000, -1.000000000000000000 ) ) ;
#231 = VERTEX_POINT ( 'NONE', #159 ) ;
#232 = LINE ( 'NONE', #824, #388 ) ;
#233 = CARTESIAN_POINT ( 'NONE',  ( -0.5749999999999999556, 0.2000000000000000111, -0.3500000000000001443 ) ) ;
#234 = CARTESIAN_POINT ( 'NONE',  ( 0.7999999999999999334, 0.1000000000000000056, -0.09999999999999995004 ) ) ;
#235 = CARTESIAN_POINT ( 'NONE',  ( -0.7999999999999999334, 0.000000000000000000, 0.09999999999999995004 ) ) ;
#236 = VECTOR ( 'NONE', #482, 1000.000000000000000 ) ;
#237 = AXIS2_PLACEMENT_3D ( 'NONE', #1731, #119, #1918 ) ;
#238 = DIRECTION ( 'NONE',  ( 1.000000000000000000, -0.000000000000000000, 1.971276677246372998E-16 ) ) ;
#239 = ORIENTED_EDGE ( 'NONE', *, *, #1604, .F. ) ;
#240 = CIRCLE ( 'NONE', #1756, 0.2500000000000002220 ) ;
#241 = EDGE_CURVE ( 'NONE', #944, #342, #756, .T. ) ;
#242 =( NAMED_UNIT ( * ) PLANE_ANGLE_UNIT ( ) SI_UNIT ( $, .RADIAN. ) );
#243 = VERTEX_POINT ( 'NONE', #1146 ) ;
#244 = CARTESIAN_POINT ( 'NONE',  ( -1.000000000000000000, 0.1000000000000000056, -0.3000000000000000444 ) ) ;
#245 = CARTESIAN_POINT ( 'NONE',  ( -1.000000000000000000, 0.1000000000000000056, 0.3999999999999999112 ) ) ;
#246 = ORIENTED_EDGE ( 'NONE', *, *, #1172, .T. ) ;
#247 = CARTESIAN_POINT ( 'NONE',  ( 1.000000000000000000, 0.1000000000000000056, -0.09999999999999997780 ) ) ;
#248 = ORIENTED_EDGE ( 'NONE', *, *, #53, .T. ) ;
#249 = CARTESIAN_POINT ( 'NONE',  ( -0.7250000000000024203, 0.2000000000000000111, 0.3999999999999999112 ) ) ;
#250 = CARTESIAN_POINT ( 'NONE',  ( 1.000000000000000000, 0.1000000000000000056, -0.3000000000000000999 ) ) ;
#251 = ADVANCED_FACE ( 'NONE', ( #1260 ), #661, .F. ) ;
#252 = ORIENTED_EDGE ( 'NONE', *, *, #132, .T. ) ;
#253 = EDGE_CURVE ( 'NONE', #1393, #88, #1686, .T. ) ;
#254 = CARTESIAN_POINT ( 'NONE',  ( -0.1714466094067270130, 0.5000000000000000000, 0.5000000000000002220 ) ) ;
#255 = DIRECTION ( 'NONE',  ( 0.000000000000000000, -1.000000000000000000, 0.000000000000000000 ) ) ;
#256 = ORIENTED_EDGE ( 'NONE', *, *, #1248, .T. ) ;
#257 = LINE ( 'NONE', #160, #1384 ) ;
#258 = EDGE_CURVE ( 'NONE', #397, #978, #89, .T. ) ;
#259 = ORIENTED_EDGE ( 'NONE', *, *, #309, .F. ) ;
#260 = DIRECTION ( 'NONE',  ( 0.000000000000000000, 0.000000000000000000, -1.000000000000000000 ) ) ;
#261 = ORIENTED_EDGE ( 'NONE', *, *, #510, .T. ) ;
#262 = CARTESIAN_POINT ( 'NONE',  ( 0.1517766952966424499, 0.6999999999999999556, -0.4267766952966378091 ) ) ;
#263 = DIRECTION ( 'NONE',  ( 0.000000000000000000, 0.000000000000000000, 1.000000000000000000 ) ) ;
#264 = EDGE_CURVE ( 'NONE', #724, #125, #217, .T. ) ;
#265 = UNCERTAINTY_MEASURE_WITH_UNIT (LENGTH_MEASURE( 1.000000000000000082E-05 ), #322, 'distance_accuracy_value', 'NONE');
#266 = AXIS2_PLACEMENT_3D ( 'NONE', #319, #1242, #1076 ) ;
#267 = ORIENTED_EDGE ( 'NONE', *, *, #94, .F. ) ;
#268 = CIRCLE ( 'NONE', #1776, 0.2500000000000000000 ) ;
#269 = CARTESIAN_POINT ( 'NONE',  ( 1.000000000000000000, 0.000000000000000000, 0.4000000000000004108 ) ) ;
#270 = CIRCLE ( 'NONE', #75, 0.05000000000000002359 ) ;
#271 = ORIENTED_EDGE ( 'NONE', *, *, #1419, .F. ) ;
#272 = AXIS2_PLACEMENT_3D ( 'NONE', #1726, #399, #1582 ) ;
#273 = DIRECTION ( 'NONE',  ( 0.000000000000000000, -1.000000000000000000, 0.000000000000000000 ) ) ;
#274 = ORIENTED_EDGE ( 'NONE', *, *, #953, .F. ) ;
#275 = DIRECTION ( 'NONE',  ( 1.000000000000000000, 0.000000000000000000, 0.000000000000000000 ) ) ;
#276 = DIRECTION ( 'NONE',  ( -0.7071067811865439090, 0.000000000000000000, -0.7071067811865512365 ) ) ;
#277 = PRODUCT_CONTEXT ( 'NONE', #642, 'mechanical' ) ;
#278 = VERTEX_POINT ( 'NONE', #526 ) ;
#279 = EDGE_CURVE ( 'NONE', #539, #1575, #992, .T. ) ;
#280 = VERTEX_POINT ( 'NONE', #1879 ) ;
#281 = DIRECTION ( 'NONE',  ( 0.7071067811865513475, 0.000000000000000000, -0.7071067811865437980 ) ) ;
#282 = EDGE_LOOP ( 'NONE', ( #197, #1707, #286, #1532 ) ) ;
#283 = LINE ( 'NONE', #1928, #576 ) ;
#284 = DIRECTION ( 'NONE',  ( -0.000000000000000000, -1.000000000000000000, -0.000000000000000000 ) ) ;
#285 = ORIENTED_EDGE ( 'NONE', *, *, #1614, .T. ) ;
#286 = ORIENTED_EDGE ( 'NONE', *, *, #408, .F. ) ;
#287 = CARTESIAN_POINT ( 'NONE',  ( 0.000000000000000000, 0.000000000000000000, 0.000000000000000000 ) ) ;
#288 = ORIENTED_EDGE ( 'NONE', *, *, #1818, .F. ) ;
#289 = ADVANCED_FACE ( 'NONE', ( #683 ), #1414, .T. ) ;
#290 = FACE_OUTER_BOUND ( 'NONE', #1805, .T. ) ;
#291 = DIRECTION ( 'NONE',  ( 1.000000000000000000, 0.000000000000000000, 0.000000000000000000 ) ) ;
#292 = ORIENTED_EDGE ( 'NONE', *, *, #375, .T. ) ;
#293 = VERTEX_POINT ( 'NONE', #1429 ) ;
#294 = EDGE_CURVE ( 'NONE', #1826, #1923, #514, .T. ) ;
#295 = CYLINDRICAL_SURFACE ( 'NONE', #1039, 0.05000000000000002359 ) ;
#296 = VECTOR ( 'NONE', #618, 1000.000000000000000 ) ;
#297 = ORIENTED_EDGE ( 'NONE', *, *, #187, .F. ) ;
#298 = VECTOR ( 'NONE', #1060, 1000.000000000000000 ) ;
#299 = LINE ( 'NONE', #1611, #1655 ) ;
#300 = DIRECTION ( 'NONE',  ( 0.000000000000000000, -1.000000000000000000, 0.000000000000000000 ) ) ;
#301 = VECTOR ( 'NONE', #1594, 1000.000000000000000 ) ;
#302 = CIRCLE ( 'NONE', #519, 0.2000000000000000944 ) ;
#303 = DIRECTION ( 'NONE',  ( -4.613626265895765778E-17, 0.000000000000000000, -1.000000000000000000 ) ) ;
#304 = EDGE_LOOP ( 'NONE', ( #577, #145, #239, #887 ) ) ;
#305 = DIRECTION ( 'NONE',  ( -0.000000000000000000, -0.000000000000000000, 1.000000000000000000 ) ) ;
#306 = EDGE_CURVE ( 'NONE', #504, #1575, #1561, .T. ) ;
#307 = DIRECTION ( 'NONE',  ( -1.000000000000000000, 0.000000000000000000, -1.548860246407864815E-16 ) ) ;
#308 = ORIENTED_EDGE ( 'NONE', *, *, #540, .F. ) ;
#309 = EDGE_CURVE ( 'NONE', #1195, #118, #370, .T. ) ;
#310 = FACE_OUTER_BOUND ( 'NONE', #1129, .T. ) ;
#311 = DIRECTION ( 'NONE',  ( 0.000000000000000000, 0.000000000000000000, -1.000000000000000000 ) ) ;
#312 = ORIENTED_EDGE ( 'NONE', *, *, #1748, .F. ) ;
#313 = EDGE_CURVE ( 'NONE', #125, #978, #533, .T. ) ;
#314 = CARTESIAN_POINT ( 'NONE',  ( 0.7999999999999999334, 0.000000000000000000, -0.09999999999999995004 ) ) ;
#315 = ORIENTED_EDGE ( 'NONE', *, *, #219, .F. ) ;
#316 = DIRECTION ( 'NONE',  ( 0.000000000000000000, 1.000000000000000000, 0.000000000000000000 ) ) ;
#317 = CYLINDRICAL_SURFACE ( 'NONE', #1170, 0.05000000000000002359 ) ;
#318 = ADVANCED_FACE ( 'NONE', ( #378 ), #1860, .F. ) ;
#319 = CARTESIAN_POINT ( 'NONE',  ( -1.000000000000000000, 0.2000000000000000111, 0.3999999999999999112 ) ) ;
#320 = CARTESIAN_POINT ( 'NONE',  ( -0.2250000000000000888, 0.2000000000000000111, 0.3499999999999996447 ) ) ;
#321 = VERTEX_POINT ( 'NONE', #1122 ) ;
#322 =( LENGTH_UNIT ( ) NAMED_UNIT ( * ) SI_UNIT ( .MILLI., .METRE. ) );
#323 = CARTESIAN_POINT ( 'NONE',  ( -0.5250000000000000222, 0.000000000000000000, 0.1999999999999999001 ) ) ;
#324 = ORIENTED_EDGE ( 'NONE', *, *, #1697, .F. ) ;
#325 = CIRCLE ( 'NONE', #671, 0.2500000000000000000 ) ;
#326 = DIRECTION ( 'NONE',  ( 0.000000000000000000, 0.000000000000000000, -1.000000000000000000 ) ) ;
#327 = LINE ( 'NONE', #924, #1351 ) ;
#328 = AXIS2_PLACEMENT_3D ( 'NONE', #791, #658, #230 ) ;
#329 = DIRECTION ( 'NONE',  ( 0.000000000000000000, 0.000000000000000000, -1.000000000000000000 ) ) ;
#330 = AXIS2_PLACEMENT_3D ( 'NONE', #1056, #173, #1065 ) ;
#331 = SURFACE_SIDE_STYLE ('',( #1523 ) ) ;
#332 = EDGE_LOOP ( 'NONE', ( #1548, #1640, #1475, #1161 ) ) ;
#333 = VECTOR ( 'NONE', #1652, 1000.000000000000000 ) ;
#334 = PLANE ( 'NONE',  #1842 ) ;
#335 = EDGE_CURVE ( 'NONE', #293, #539, #967, .T. ) ;
#336 = LINE ( 'NONE', #762, #1440 ) ;
#337 = ORIENTED_EDGE ( 'NONE', *, *, #306, .F. ) ;
#338 = CARTESIAN_POINT ( 'NONE',  ( 0.6250000000000001110, 0.5000000000000000000, -0.2500000000000001110 ) ) ;
#339 = DIRECTION ( 'NONE',  ( 0.000000000000000000, 0.000000000000000000, -1.000000000000000000 ) ) ;
#340 = CARTESIAN_POINT ( 'NONE',  ( -0.1750000000000000722, 0.000000000000000000, 0.3500000000000000333 ) ) ;
#341 = DIRECTION ( 'NONE',  ( -0.000000000000000000, -1.000000000000000000, -0.000000000000000000 ) ) ;
#342 = VERTEX_POINT ( 'NONE', #98 ) ;
#343 = ADVANCED_FACE ( 'NONE', ( #1544, #1397 ), #1554, .F. ) ;
#344 = LINE ( 'NONE', #1926, #1104 ) ;
#345 = ORIENTED_EDGE ( 'NONE', *, *, #229, .T. ) ;
#346 = CARTESIAN_POINT ( 'NONE',  ( 0.8750000000000000000, 0.5000000000000000000, 0.2500000000000000555 ) ) ;
#347 = LINE ( 'NONE', #1206, #1750 ) ;
#348 = CARTESIAN_POINT ( 'NONE',  ( 0.6249999999999982236, 0.5000000000000000000, -0.5000000000000001110 ) ) ;
#349 = ORIENTED_EDGE ( 'NONE', *, *, #715, .F. ) ;
#350 = DIRECTION ( 'NONE',  ( 0.000000000000000000, 0.000000000000000000, -1.000000000000000000 ) ) ;
#351 = CARTESIAN_POINT ( 'NONE',  ( -0.5250000000000000222, 0.2000000000000000111, 0.1999999999999999001 ) ) ;
#352 = ORIENTED_EDGE ( 'NONE', *, *, #1737, .T. ) ;
#353 = AXIS2_PLACEMENT_3D ( 'NONE', #1801, #23, #1064 ) ;
#354 = LINE ( 'NONE', #1645, #175 ) ;
#355 = VECTOR ( 'NONE', #384, 1000.000000000000000 ) ;
#356 = DIRECTION ( 'NONE',  ( 0.7071067811865517916, 0.000000000000000000, -0.7071067811865433539 ) ) ;
#357 = CARTESIAN_POINT ( 'NONE',  ( -0.7250000000000024203, 0.000000000000000000, 0.3999999999999999112 ) ) ;
#358 = CIRCLE ( 'NONE', #237, 0.2499999999999999445 ) ;
#359 = VERTEX_POINT ( 'NONE', #65 ) ;
#360 = VECTOR ( 'NONE', #341, 1000.000000000000000 ) ;
#361 = ORIENTED_EDGE ( 'NONE', *, *, #939, .F. ) ;
#362 = AXIS2_PLACEMENT_3D ( 'NONE', #1828, #1241, #1495 ) ;
#363 = CARTESIAN_POINT ( 'NONE',  ( -0.1749999999999996558, 0.2000000000000000111, -0.4000000000000001332 ) ) ;
#364 = COLOUR_RGB ( '',1.000000000000000000, 0.8117647058823529438, 0.5019607843137254832 ) ;
#365 = CARTESIAN_POINT ( 'NONE',  ( -0.2250000000000000056, 0.2000000000000000111, -0.3499999999999997002 ) ) ;
#366 = EDGE_CURVE ( 'NONE', #1621, #1119, #1421, .T. ) ;
#367 = EDGE_LOOP ( 'NONE', ( #1156, #536, #1687, #884, #1088, #1733, #1752, #1507 ) ) ;
#368 = FACE_OUTER_BOUND ( 'NONE', #1018, .T. ) ;
#369 = EDGE_CURVE ( 'NONE', #278, #951, #1404, .T. ) ;
#370 = LINE ( 'NONE', #1698, #1289 ) ;
#371 = DIRECTION ( 'NONE',  ( 0.000000000000000000, 0.000000000000000000, -1.000000000000000000 ) ) ;
#372 = ORIENTED_EDGE ( 'NONE', *, *, #834, .F. ) ;
#373 = DIRECTION ( 'NONE',  ( 0.000000000000000000, 0.000000000000000000, -1.000000000000000000 ) ) ;
#374 = EDGE_LOOP ( 'NONE', ( #429, #695, #840, #758, #900, #1410, #259, #274 ) ) ;
#375 = EDGE_CURVE ( 'NONE', #66, #1927, #1570, .T. ) ;
#376 = CARTESIAN_POINT ( 'NONE',  ( -0.7250000000000024203, 0.000000000000000000, 0.3999999999999999112 ) ) ;
#377 = DIRECTION ( 'NONE',  ( 0.000000000000000000, 1.000000000000000000, 0.000000000000000000 ) ) ;
#378 = FACE_OUTER_BOUND ( 'NONE', #1145, .T. ) ;
#379 = DIRECTION ( 'NONE',  ( -0.000000000000000000, -1.000000000000000000, -0.000000000000000000 ) ) ;
#380 = VERTEX_POINT ( 'NONE', #262 ) ;
#381 = CARTESIAN_POINT ( 'NONE',  ( -0.1714466094067271795, 0.6900000000000000577, 0.5000000000000002220 ) ) ;
#382 = ORIENTED_EDGE ( 'NONE', *, *, #1830, .F. ) ;
#383 = CARTESIAN_POINT ( 'NONE',  ( -1.000000000000000000, 0.000000000000000000, 0.3999999999999999112 ) ) ;
#384 = DIRECTION ( 'NONE',  ( -0.000000000000000000, -1.000000000000000000, -0.000000000000000000 ) ) ;
#385 = CARTESIAN_POINT ( 'NONE',  ( 1.000000000000000000, 0.6999999999999999556, -0.6250000000000001110 ) ) ;
#386 = AXIS2_PLACEMENT_3D ( 'NONE', #1301, #747, #737 ) ;
#387 = ORIENTED_EDGE ( 'NONE', *, *, #26, .F. ) ;
#388 = VECTOR ( 'NONE', #1411, 999.9999999999998863 ) ;
#389 = EDGE_CURVE ( 'NONE', #441, #1760, #299, .T. ) ;
#390 = CARTESIAN_POINT ( 'NONE',  ( 0.7999999999999999334, 0.1000000000000000056, 0.09999999999999995004 ) ) ;
#391 = VECTOR ( 'NONE', #263, 1000.000000000000000 ) ;
#392 = ORIENTED_EDGE ( 'NONE', *, *, #1093, .T. ) ;
#393 = CIRCLE ( 'NONE', #1725, 0.05000000000000002359 ) ;
#394 = DIRECTION ( 'NONE',  ( 0.000000000000000000, 0.000000000000000000, -1.000000000000000000 ) ) ;
#395 = CARTESIAN_POINT ( 'NONE',  ( 0.6249999999999982236, 2.337306877479661704, 0.5000000000000000000 ) ) ;
#396 = AXIS2_PLACEMENT_3D ( 'NONE', #101, #1727, #85 ) ;
#397 = VERTEX_POINT ( 'NONE', #720 ) ;
#398 = DIRECTION ( 'NONE',  ( -0.000000000000000000, -1.000000000000000000, -0.000000000000000000 ) ) ;
#399 = DIRECTION ( 'NONE',  ( 0.000000000000000000, -1.000000000000000000, 0.000000000000000000 ) ) ;
#400 = UNCERTAINTY_MEASURE_WITH_UNIT (LENGTH_MEASURE( 1.000000000000000082E-05 ), #648, 'distance_accuracy_value', 'NONE');
#401 = EDGE_CURVE ( 'NONE', #833, #1556, #1908, .T. ) ;
#402 = EDGE_LOOP ( 'NONE', ( #1587, #1037, #557, #1577 ) ) ;
#403 = PLANE ( 'NONE',  #733 ) ;
#404 = ORIENTED_EDGE ( 'NONE', *, *, #686, .F. ) ;
#405 = EDGE_CURVE ( 'NONE', #342, #434, #283, .T. ) ;
#406 = FACE_OUTER_BOUND ( 'NONE', #1300, .T. ) ;
#407 = CARTESIAN_POINT ( 'NONE',  ( 1.000000000000000000, 0.1000000000000000056, -0.3000000000000000999 ) ) ;
#408 = EDGE_CURVE ( 'NONE', #1029, #1239, #874, .T. ) ;
#409 = ORIENTED_EDGE ( 'NONE', *, *, #715, .T. ) ;
#410 = CARTESIAN_POINT ( 'NONE',  ( 0.3285533905932784271, 0.5000000000000000000, -0.2500000000000000000 ) ) ;
#411 = DIRECTION ( 'NONE',  ( 0.000000000000000000, 0.000000000000000000, -1.000000000000000000 ) ) ;
#412 =( NAMED_UNIT ( * ) SI_UNIT ( $, .STERADIAN. ) SOLID_ANGLE_UNIT ( ) );
#413 = EDGE_LOOP ( 'NONE', ( #288, #1298, #676, #246 ) ) ;
#414 = LINE ( 'NONE', #269, #765 ) ;
#415 = VERTEX_POINT ( 'NONE', #588 ) ;
#416 = CARTESIAN_POINT ( 'NONE',  ( 0.8750000000000000000, 2.337306877479661704, 0.2500000000000000555 ) ) ;
#417 = ORIENTED_EDGE ( 'NONE', *, *, #1852, .F. ) ;
#418 = CARTESIAN_POINT ( 'NONE',  ( -0.5250000000000000222, 0.2000000000000000111, 0.1999999999999999001 ) ) ;
#419 = LINE ( 'NONE', #894, #1203 ) ;
#420 = ADVANCED_FACE ( 'NONE', ( #1027 ), #140, .T. ) ;
#421 = VECTOR ( 'NONE', #665, 1000.000000000000000 ) ;
#422 = VERTEX_POINT ( 'NONE', #149 ) ;
#423 = AXIS2_PLACEMENT_3D ( 'NONE', #1318, #1010, #1601 ) ;
#424 = DIRECTION ( 'NONE',  ( 0.000000000000000000, 0.000000000000000000, 1.000000000000000000 ) ) ;
#425 = VECTOR ( 'NONE', #1216, 1000.000000000000000 ) ;
#426 = ORIENTED_EDGE ( 'NONE', *, *, #1348, .F. ) ;
#427 = COLOUR_RGB ( '',1.000000000000000000, 0.8117647058823529438, 0.5019607843137254832 ) ;
#428 = CARTESIAN_POINT ( 'NONE',  ( -0.1749999999999999889, 0.2000000000000000111, -0.3500000000000000888 ) ) ;
#429 = ORIENTED_EDGE ( 'NONE', *, *, #770, .F. ) ;
#430 = VECTOR ( 'NONE', #712, 1000.000000000000000 ) ;
#431 = DIRECTION ( 'NONE',  ( -0.000000000000000000, -0.000000000000000000, 1.000000000000000000 ) ) ;
#432 = CARTESIAN_POINT ( 'NONE',  ( -0.2250000000000000888, 0.2000000000000000111, 0.3499999999999996447 ) ) ;
#433 = ADVANCED_FACE ( 'NONE', ( #290 ), #1460, .F. ) ;
#434 = VERTEX_POINT ( 'NONE', #1901 ) ;
#435 = EDGE_LOOP ( 'NONE', ( #1003, #562, #1023, #1909 ) ) ;
#436 = DIRECTION ( 'NONE',  ( 0.000000000000000000, -1.000000000000000000, 0.000000000000000000 ) ) ;
#437 = VERTEX_POINT ( 'NONE', #129 ) ;
#438 = LINE ( 'NONE', #1021, #826 ) ;
#439 = LINE ( 'NONE', #573, #1387 ) ;
#440 = ORIENTED_EDGE ( 'NONE', *, *, #1142, .F. ) ;
#441 = VERTEX_POINT ( 'NONE', #595 ) ;
#442 = CARTESIAN_POINT ( 'NONE',  ( 0.8750000000000000000, 0.6999999999999999556, 0.2499999999999982236 ) ) ;
#443 = ORIENTED_EDGE ( 'NONE', *, *, #1835, .T. ) ;
#444 = CARTESIAN_POINT ( 'NONE',  ( -0.7999999999999999334, 0.000000000000000000, -0.09999999999999995004 ) ) ;
#445 = FACE_OUTER_BOUND ( 'NONE', #1433, .T. ) ;
#446 = ORIENTED_EDGE ( 'NONE', *, *, #1317, .T. ) ;
#447 = COLOUR_RGB ( '',0.2509803921568627416, 0.2509803921568627416, 0.2509803921568627416 ) ;
#448 = ORIENTED_EDGE ( 'NONE', *, *, #1486, .F. ) ;
#449 = CIRCLE ( 'NONE', #513, 0.2000000000000000944 ) ;
#450 = EDGE_CURVE ( 'NONE', #654, #321, #268, .T. ) ;
#451 = DIRECTION ( 'NONE',  ( -0.000000000000000000, -1.000000000000000000, -0.000000000000000000 ) ) ;
#452 = PRESENTATION_LAYER_ASSIGNMENT (  '', '', ( #205 ) ) ;
#453 = ORIENTED_EDGE ( 'NONE', *, *, #839, .T. ) ;
#454 = AXIS2_PLACEMENT_3D ( 'NONE', #1552, #224, #70 ) ;
#455 = DIRECTION ( 'NONE',  ( 0.000000000000000000, 0.000000000000000000, -1.000000000000000000 ) ) ;
#456 = CARTESIAN_POINT ( 'NONE',  ( 0.6250000000000000000, 0.5000000000000000000, 0.2500000000000000555 ) ) ;
#457 = VECTOR ( 'NONE', #535, 1000.000000000000000 ) ;
#458 = CIRCLE ( 'NONE', #1261, 0.05000000000000002359 ) ;
#459 = PLANE ( 'NONE',  #1878 ) ;
#460 = VERTEX_POINT ( 'NONE', #1441 ) ;
#461 = DIRECTION ( 'NONE',  ( 0.000000000000000000, -1.000000000000000000, 0.000000000000000000 ) ) ;
#462 = DIRECTION ( 'NONE',  ( 0.000000000000000000, 0.000000000000000000, 1.000000000000000000 ) ) ;
#463 = EDGE_CURVE ( 'NONE', #1923, #1051, #438, .T. ) ;
#464 = ORIENTED_EDGE ( 'NONE', *, *, #366, .F. ) ;
#465 = DIRECTION ( 'NONE',  ( -0.000000000000000000, -0.000000000000000000, 1.000000000000000000 ) ) ;
#466 = LINE ( 'NONE', #1063, #50 ) ;
#467 = CARTESIAN_POINT ( 'NONE',  ( -1.000000000000000000, 0.2000000000000000111, 0.3999999999999999112 ) ) ;
#468 = ORIENTED_EDGE ( 'NONE', *, *, #552, .F. ) ;
#469 = SURFACE_STYLE_FILL_AREA ( #1359 ) ;
#470 = CARTESIAN_POINT ( 'NONE',  ( -0.7999999999999999334, 0.1000000000000000056, 0.09999999999999995004 ) ) ;
#471 = ORIENTED_EDGE ( 'NONE', *, *, #187, .T. ) ;
#472 = CARTESIAN_POINT ( 'NONE',  ( 0.6249999999999982236, 0.5000000000000000000, -0.5000000000000001110 ) ) ;
#473 = FACE_OUTER_BOUND ( 'NONE', #1620, .T. ) ;
#474 = CARTESIAN_POINT ( 'NONE',  ( -0.1749999999999997669, 0.2000000000000000111, 0.4000000000000000777 ) ) ;
#475 = DIRECTION ( 'NONE',  ( 1.000000000000000000, 0.000000000000000000, 0.000000000000000000 ) ) ;
#476 = VERTEX_POINT ( 'NONE', #444 ) ;
#477 = ADVANCED_FACE ( 'NONE', ( #1157 ), #572, .F. ) ;
#478 = PLANE ( 'NONE',  #516 ) ;
#479 = VECTOR ( 'NONE', #203, 1000.000000000000000 ) ;
#480 = VERTEX_POINT ( 'NONE', #418 ) ;
#481 = VECTOR ( 'NONE', #779, 1000.000000000000000 ) ;
#482 = DIRECTION ( 'NONE',  ( 0.000000000000000000, 0.000000000000000000, -1.000000000000000000 ) ) ;
#483 = CARTESIAN_POINT ( 'NONE',  ( -1.000000000000000000, 0.2000000000000000111, -0.4000000000000001332 ) ) ;
#484 = AXIS2_PLACEMENT_3D ( 'NONE', #899, #1188, #491 ) ;
#485 = DIRECTION ( 'NONE',  ( 0.000000000000000000, -1.000000000000000000, 0.000000000000000000 ) ) ;
#486 = VECTOR ( 'NONE', #1690, 999.9999999999998863 ) ;
#487 = CARTESIAN_POINT ( 'NONE',  ( 1.000000000000000000, 0.000000000000000000, 0.09999999999999997780 ) ) ;
#488 = ORIENTED_EDGE ( 'NONE', *, *, #1431, .T. ) ;
#489 = EDGE_CURVE ( 'NONE', #280, #29, #1130, .T. ) ;
#490 = VECTOR ( 'NONE', #629, 1000.000000000000000 ) ;
#491 = DIRECTION ( 'NONE',  ( -0.000000000000000000, 0.000000000000000000, 1.000000000000000000 ) ) ;
#492 = EDGE_CURVE ( 'NONE', #852, #1701, #918, .T. ) ;
#493 = EDGE_LOOP ( 'NONE', ( #208, #78, #584, #698 ) ) ;
#494 = DIRECTION ( 'NONE',  ( 1.000000000000000000, 0.000000000000000000, 3.229538386127035428E-16 ) ) ;
#495 = CYLINDRICAL_SURFACE ( 'NONE', #925, 0.2500000000000002220 ) ;
#496 = CARTESIAN_POINT ( 'NONE',  ( 0.7999999999999999334, 0.000000000000000000, 0.09999999999999999167 ) ) ;
#497 = CARTESIAN_POINT ( 'NONE',  ( 0.3285533905932784826, 0.5000000000000000000, -0.5000000000000000000 ) ) ;
#498 = ORIENTED_EDGE ( 'NONE', *, *, #630, .T. ) ;
#499 = FACE_OUTER_BOUND ( 'NONE', #1163, .T. ) ;
#500 = ORIENTED_EDGE ( 'NONE', *, *, #761, .F. ) ;
#501 = CARTESIAN_POINT ( 'NONE',  ( -1.000000000000000000, 0.1000000000000000056, 0.09999999999999996392 ) ) ;
#502 = FACE_OUTER_BOUND ( 'NONE', #493, .T. ) ;
#503 = LINE ( 'NONE', #788, #1443 ) ;
#504 = VERTEX_POINT ( 'NONE', #1164 ) ;
#505 = ORIENTED_EDGE ( 'NONE', *, *, #1677, .T. ) ;
#506 = CARTESIAN_POINT ( 'NONE',  ( -1.000000000000000000, 0.1000000000000000056, 0.3000000000000000444 ) ) ;
#507 = LINE ( 'NONE', #1265, #457 ) ;
#508 = VERTEX_POINT ( 'NONE', #1910 ) ;
#509 = EDGE_CURVE ( 'NONE', #1324, #441, #1753, .T. ) ;
#510 = EDGE_CURVE ( 'NONE', #1556, #860, #1034, .T. ) ;
#511 = CIRCLE ( 'NONE', #853, 0.2000000000000000666 ) ;
#512 = LINE ( 'NONE', #538, #831 ) ;
#513 = AXIS2_PLACEMENT_3D ( 'NONE', #942, #1530, #1808 ) ;
#514 = LINE ( 'NONE', #1115, #1438 ) ;
#515 = LINE ( 'NONE', #583, #960 ) ;
#516 = AXIS2_PLACEMENT_3D ( 'NONE', #1209, #307, #1370 ) ;
#517 = VECTOR ( 'NONE', #1004, 1000.000000000000000 ) ;
#518 = ORIENTED_EDGE ( 'NONE', *, *, #1772, .T. ) ;
#519 = AXIS2_PLACEMENT_3D ( 'NONE', #1902, #300, #727 ) ;
#520 = CARTESIAN_POINT ( 'NONE',  ( -0.5750000000000002887, 0.2000000000000000111, -0.4000000000000001332 ) ) ;
#521 = EDGE_CURVE ( 'NONE', #422, #710, #1761, .T. ) ;
#522 = DIRECTION ( 'NONE',  ( -3.657326945500655768E-16, 0.000000000000000000, -1.000000000000000000 ) ) ;
#523 = ORIENTED_EDGE ( 'NONE', *, *, #1486, .T. ) ;
#524 = DIRECTION ( 'NONE',  ( 0.000000000000000000, -1.000000000000000000, 0.000000000000000000 ) ) ;
#525 = ADVANCED_FACE ( 'NONE', ( #1768 ), #1734, .F. ) ;
#526 = CARTESIAN_POINT ( 'NONE',  ( -0.2250000000000000888, 0.000000000000000000, 0.3499999999999996447 ) ) ;
#527 = CYLINDRICAL_SURFACE ( 'NONE', #10, 0.2000000000000000666 ) ;
#528 = ORIENTED_EDGE ( 'NONE', *, *, #369, .F. ) ;
#529 = CARTESIAN_POINT ( 'NONE',  ( -0.1714466094067271795, 0.5000000000000000000, 0.5000000000000002220 ) ) ;
#530 = ORIENTED_EDGE ( 'NONE', *, *, #1177, .T. ) ;
#531 = CARTESIAN_POINT ( 'NONE',  ( 0.6250000000000000000, 0.5000000000000000000, 0.2500000000000000555 ) ) ;
#532 = CARTESIAN_POINT ( 'NONE',  ( -1.000000000000000000, 0.000000000000000000, 0.3999999999999999112 ) ) ;
#533 = LINE ( 'NONE', #1107, #1409 ) ;
#534 = DIRECTION ( 'NONE',  ( 0.000000000000000000, 0.000000000000000000, -1.000000000000000000 ) ) ;
#535 = DIRECTION ( 'NONE',  ( -0.000000000000000000, -0.000000000000000000, 1.000000000000000000 ) ) ;
#536 = ORIENTED_EDGE ( 'NONE', *, *, #1059, .F. ) ;
#537 = DIRECTION ( 'NONE',  ( 0.000000000000000000, 0.000000000000000000, -1.000000000000000000 ) ) ;
#538 = CARTESIAN_POINT ( 'NONE',  ( -0.2250000000000000888, 0.2000000000000000111, 0.3499999999999996447 ) ) ;
#539 = VERTEX_POINT ( 'NONE', #6 ) ;
#540 = EDGE_CURVE ( 'NONE', #280, #213, #1528, .T. ) ;
#541 = DIRECTION ( 'NONE',  ( 1.548860246407864815E-16, 0.000000000000000000, -1.000000000000000000 ) ) ;
#542 = CARTESIAN_POINT ( 'NONE',  ( 1.000000000000000000, 0.1000000000000000056, 0.3000000000000000999 ) ) ;
#543 = CIRCLE ( 'NONE', #948, 0.2500000000000002220 ) ;
#544 = COLOUR_RGB ( '',0.2509803921568627416, 0.2509803921568627416, 0.2509803921568627416 ) ;
#545 = EDGE_CURVE ( 'NONE', #546, #1393, #1651, .T. ) ;
#546 = VERTEX_POINT ( 'NONE', #37 ) ;
#547 = VECTOR ( 'NONE', #752, 1000.000000000000000 ) ;
#548 = CARTESIAN_POINT ( 'NONE',  ( 1.000000000000000000, 0.2000000000000000111, -0.4000000000000001887 ) ) ;
#549 = EDGE_LOOP ( 'NONE', ( #1031, #1171, #905, #1613 ) ) ;
#550 = VECTOR ( 'NONE', #1721, 1000.000000000000000 ) ;
#551 = DIRECTION ( 'NONE',  ( 0.000000000000000000, 1.000000000000000000, 0.000000000000000000 ) ) ;
#552 = EDGE_CURVE ( 'NONE', #476, #1435, #198, .T. ) ;
#553 = CARTESIAN_POINT ( 'NONE',  ( -0.3482233047033629347, 0.6900000000000000577, 0.07322330470336214925 ) ) ;
#554 = ORIENTED_EDGE ( 'NONE', *, *, #1888, .T. ) ;
#555 = DIRECTION ( 'NONE',  ( 0.000000000000000000, 1.000000000000000000, 0.000000000000000000 ) ) ;
#556 = DIRECTION ( 'NONE',  ( 0.000000000000000000, 1.000000000000000000, 0.000000000000000000 ) ) ;
#557 = ORIENTED_EDGE ( 'NONE', *, *, #1515, .T. ) ;
#558 = LINE ( 'NONE', #1639, #301 ) ;
#559 = ORIENTED_EDGE ( 'NONE', *, *, #313, .F. ) ;
#560 = LINE ( 'NONE', #872, #1538 ) ;
#561 = ADVANCED_FACE ( 'NONE', ( #1798 ), #1211, .F. ) ;
#562 = ORIENTED_EDGE ( 'NONE', *, *, #132, .F. ) ;
#563 = DIRECTION ( 'NONE',  ( 0.000000000000000000, -1.000000000000000000, 0.000000000000000000 ) ) ;
#564 = LINE ( 'NONE', #1485, #430 ) ;
#565 = ORIENTED_EDGE ( 'NONE', *, *, #591, .T. ) ;
#566 = EDGE_CURVE ( 'NONE', #1078, #120, #325, .T. ) ;
#567 = DIRECTION ( 'NONE',  ( -0.000000000000000000, -0.000000000000000000, 1.000000000000000000 ) ) ;
#568 = ORIENTED_EDGE ( 'NONE', *, *, #1448, .T. ) ;
#569 = CARTESIAN_POINT ( 'NONE',  ( -0.1714466094067267077, 0.5000000000000000000, 0.2500000000000000000 ) ) ;
#570 = EDGE_CURVE ( 'NONE', #575, #864, #796, .T. ) ;
#571 = ORIENTED_EDGE ( 'NONE', *, *, #1373, .T. ) ;
#572 = PLANE ( 'NONE',  #1038 ) ;
#573 = CARTESIAN_POINT ( 'NONE',  ( -1.000000000000000000, 0.2000000000000000111, 0.3999999999999999112 ) ) ;
#574 = AXIS2_PLACEMENT_3D ( 'NONE', #1678, #1549, #350 ) ;
#575 = VERTEX_POINT ( 'NONE', #472 ) ;
#576 = VECTOR ( 'NONE', #893, 1000.000000000000000 ) ;
#577 = ORIENTED_EDGE ( 'NONE', *, *, #40, .T. ) ;
#578 = VECTOR ( 'NONE', #1297, 1000.000000000000000 ) ;
#579 = DIRECTION ( 'NONE',  ( 0.000000000000000000, 0.000000000000000000, -1.000000000000000000 ) ) ;
#580 = EDGE_LOOP ( 'NONE', ( #1109, #47, #1111, #165 ) ) ;
#581 = VECTOR ( 'NONE', #966, 1000.000000000000000 ) ;
#582 = CARTESIAN_POINT ( 'NONE',  ( -0.1714466094067267077, 0.6999999999999999556, 0.2500000000000000000 ) ) ;
#583 = CARTESIAN_POINT ( 'NONE',  ( 0.3285533905932784271, 0.5000000000000000000, -0.5000000000000000000 ) ) ;
#584 = ORIENTED_EDGE ( 'NONE', *, *, #896, .T. ) ;
#585 = ORIENTED_EDGE ( 'NONE', *, *, #1336, .T. ) ;
#586 = ADVANCED_BREP_SHAPE_REPRESENTATION ( 'VEMD4110X01', ( #635, #8, #1280, #22, #396 ), #709 ) ;
#587 = ORIENTED_EDGE ( 'NONE', *, *, #1705, .F. ) ;
#588 = CARTESIAN_POINT ( 'NONE',  ( 0.8750000000000000000, 0.5000000000000000000, 0.2499999999999982236 ) ) ;
#589 = CARTESIAN_POINT ( 'NONE',  ( -0.1714466094067267077, 0.6900000000000000577, 0.2500000000000000000 ) ) ;
#590 = ORIENTED_EDGE ( 'NONE', *, *, #100, .F. ) ;
#591 = EDGE_CURVE ( 'NONE', #1083, #434, #1062, .T. ) ;
#592 = ORIENTED_EDGE ( 'NONE', *, *, #1179, .F. ) ;
#593 = FACE_OUTER_BOUND ( 'NONE', #1730, .T. ) ;
#594 = ORIENTED_EDGE ( 'NONE', *, *, #896, .F. ) ;
#595 = CARTESIAN_POINT ( 'NONE',  ( -1.000000000000000000, 0.000000000000000000, 0.6249999999999998890 ) ) ;
#596 = DIRECTION ( 'NONE',  ( -1.000000000000000000, -0.000000000000000000, -3.229538386127035428E-16 ) ) ;
#597 = EDGE_CURVE ( 'NONE', #120, #654, #754, .T. ) ;
#598 = LINE ( 'NONE', #1140, #1541 ) ;
#599 = EDGE_LOOP ( 'NONE', ( #1866, #1869, #714, #656 ) ) ;
#600 = EDGE_CURVE ( 'NONE', #1239, #1418, #1340, .T. ) ;
#601 = DIRECTION ( 'NONE',  ( 1.000000000000000000, 0.000000000000000000, -4.613626265895765162E-17 ) ) ;
#602 = AXIS2_PLACEMENT_3D ( 'NONE', #582, #1309, #868 ) ;
#603 = ADVANCED_FACE ( 'NONE', ( #1190 ), #1204, .T. ) ;
#604 = CARTESIAN_POINT ( 'NONE',  ( 1.000000000000000000, 0.000000000000000000, -0.4000000000000001887 ) ) ;
#605 = CIRCLE ( 'NONE', #1567, 0.2499999999999999445 ) ;
#606 = ORIENTED_EDGE ( 'NONE', *, *, #738, .F. ) ;
#607 = CIRCLE ( 'NONE', #1230, 0.2500000000000000000 ) ;
#608 = CARTESIAN_POINT ( 'NONE',  ( -1.000000000000000000, 0.2000000000000000111, 0.3999999999999999112 ) ) ;
#609 = DIRECTION ( 'NONE',  ( -0.000000000000000000, -1.000000000000000000, -0.000000000000000000 ) ) ;
#610 = VECTOR ( 'NONE', #1881, 999.9999999999998863 ) ;
#611 = PRESENTATION_LAYER_ASSIGNMENT (  '', '', ( #1916 ) ) ;
#612 = DIRECTION ( 'NONE',  ( 1.000000000000000000, 0.000000000000000000, 0.000000000000000000 ) ) ;
#613 = PLANE ( 'NONE',  #705 ) ;
#614 = ORIENTED_EDGE ( 'NONE', *, *, #450, .F. ) ;
#615 =( NAMED_UNIT ( * ) PLANE_ANGLE_UNIT ( ) SI_UNIT ( $, .RADIAN. ) );
#616 = DIRECTION ( 'NONE',  ( 0.000000000000000000, 0.000000000000000000, -1.000000000000000000 ) ) ;
#617 = ORIENTED_EDGE ( 'NONE', *, *, #666, .T. ) ;
#618 = DIRECTION ( 'NONE',  ( -1.000000000000000000, 0.000000000000000000, 3.657326945500655275E-16 ) ) ;
#619 = DIRECTION ( 'NONE',  ( 0.000000000000000000, 0.000000000000000000, -1.000000000000000000 ) ) ;
#620 = CARTESIAN_POINT ( 'NONE',  ( 0.3285533905932784271, 0.6999999999999999556, -0.5000000000000000000 ) ) ;
#621 = CARTESIAN_POINT ( 'NONE',  ( 0.3285533905932784826, 2.337306877479661704, -0.5000000000000000000 ) ) ;
#622 = ORIENTED_EDGE ( 'NONE', *, *, #1172, .F. ) ;
#623 = SURFACE_SIDE_STYLE ('',( #1660 ) ) ;
#624 = EDGE_CURVE ( 'NONE', #646, #1767, #1816, .T. ) ;
#625 = CARTESIAN_POINT ( 'NONE',  ( 0.6250000000000001110, 0.6999999999999999556, -0.2500000000000001110 ) ) ;
#626 = ORIENTED_EDGE ( 'NONE', *, *, #401, .T. ) ;
#627 = PLANE ( 'NONE',  #1226 ) ;
#628 = ADVANCED_FACE ( 'NONE', ( #30 ), #627, .T. ) ;
#629 = DIRECTION ( 'NONE',  ( -0.000000000000000000, -1.000000000000000000, -0.000000000000000000 ) ) ;
#630 = EDGE_CURVE ( 'NONE', #231, #575, #885, .T. ) ;
#631 = FACE_OUTER_BOUND ( 'NONE', #1007, .T. ) ;
#632 = DIRECTION ( 'NONE',  ( -0.7071067811865516806, -0.000000000000000000, 0.7071067811865434649 ) ) ;
#633 = VERTEX_POINT ( 'NONE', #189 ) ;
#634 = EDGE_CURVE ( 'NONE', #1484, #833, #1044, .T. ) ;
#635 = MANIFOLD_SOLID_BREP ( 'Boss-Extrude2', #1283 ) ;
#636 = DIRECTION ( 'NONE',  ( -0.000000000000000000, -1.000000000000000000, -0.000000000000000000 ) ) ;
#637 = ORIENTED_EDGE ( 'NONE', *, *, #1153, .T. ) ;
#638 = VECTOR ( 'NONE', #1269, 1000.000000000000000 ) ;
#639 = SURFACE_STYLE_USAGE ( .BOTH. , #1672 ) ;
#640 = CARTESIAN_POINT ( 'NONE',  ( -0.5250000000000000222, 0.2000000000000000111, 0.1999999999999999001 ) ) ;
#641 = VECTOR ( 'NONE', #1006, 1000.000000000000000 ) ;
#642 = APPLICATION_CONTEXT ( 'automotive_design' ) ;
#643 = CARTESIAN_POINT ( 'NONE',  ( -0.1714466094067271795, 0.6900000000000000577, 0.5000000000000002220 ) ) ;
#644 = MECHANICAL_DESIGN_GEOMETRIC_PRESENTATION_REPRESENTATION (  '', ( #1041 ), #675 ) ;
#645 = CARTESIAN_POINT ( 'NONE',  ( -0.2250000000000000888, 0.000000000000000000, 0.3499999999999996447 ) ) ;
#646 = VERTEX_POINT ( 'NONE', #249 ) ;
#647 = AXIS2_PLACEMENT_3D ( 'NONE', #1529, #1790, #200 ) ;
#648 =( LENGTH_UNIT ( ) NAMED_UNIT ( * ) SI_UNIT ( .MILLI., .METRE. ) );
#649 = CARTESIAN_POINT ( 'NONE',  ( -1.000000000000000000, 0.000000000000000000, 0.3999999999999999112 ) ) ;
#650 = ORIENTED_EDGE ( 'NONE', *, *, #1515, .F. ) ;
#651 =( NAMED_UNIT ( * ) SI_UNIT ( $, .STERADIAN. ) SOLID_ANGLE_UNIT ( ) );
#652 = PLANE ( 'NONE',  #1849 ) ;
#653 = CARTESIAN_POINT ( 'NONE',  ( -0.5750000000000002887, 0.000000000000000000, -0.4000000000000001332 ) ) ;
#654 = VERTEX_POINT ( 'NONE', #1719 ) ;
#655 = EDGE_CURVE ( 'NONE', #25, #1621, #270, .T. ) ;
#656 = ORIENTED_EDGE ( 'NONE', *, *, #1201, .F. ) ;
#657 = DIRECTION ( 'NONE',  ( 1.548860246407864815E-16, 0.000000000000000000, -1.000000000000000000 ) ) ;
#658 = DIRECTION ( 'NONE',  ( 0.000000000000000000, -1.000000000000000000, 0.000000000000000000 ) ) ;
#659 = ORIENTED_EDGE ( 'NONE', *, *, #1657, .T. ) ;
#660 = CARTESIAN_POINT ( 'NONE',  ( -0.5250000000000000222, 0.2000000000000000111, 0.1999999999999999001 ) ) ;
#661 = PLANE ( 'NONE',  #1012 ) ;
#662 = EDGE_CURVE ( 'NONE', #1024, #944, #1559, .T. ) ;
#663 = CARTESIAN_POINT ( 'NONE',  ( 0.1517766952966424499, 0.6900000000000000577, -0.4267766952966378646 ) ) ;
#664 = ORIENTED_EDGE ( 'NONE', *, *, #226, .T. ) ;
#665 = DIRECTION ( 'NONE',  ( -0.000000000000000000, 1.000000000000000000, -0.000000000000000000 ) ) ;
#666 = EDGE_CURVE ( 'NONE', #1760, #1180, #1839, .T. ) ;
#667 = CARTESIAN_POINT ( 'NONE',  ( 0.6249999999999982236, 0.6900000000000000577, -0.5000000000000001110 ) ) ;
#668 = ORIENTED_EDGE ( 'NONE', *, *, #662, .T. ) ;
#669 = VECTOR ( 'NONE', #1365, 1000.000000000000000 ) ;
#670 =( LENGTH_UNIT ( ) NAMED_UNIT ( * ) SI_UNIT ( .MILLI., .METRE. ) );
#671 = AXIS2_PLACEMENT_3D ( 'NONE', #1644, #766, #326 ) ;
#672 = CARTESIAN_POINT ( 'NONE',  ( -0.5750000000000002887, 0.2000000000000000111, -0.4000000000000001332 ) ) ;
#673 = CARTESIAN_POINT ( 'NONE',  ( -0.7250000000000024203, 0.2000000000000000111, 0.3999999999999999112 ) ) ;
#674 = AXIS2_PLACEMENT_3D ( 'NONE', #1623, #1313, #1299 ) ;
#675 =( GEOMETRIC_REPRESENTATION_CONTEXT ( 3 ) GLOBAL_UNCERTAINTY_ASSIGNED_CONTEXT ( ( #1445 ) ) GLOBAL_UNIT_ASSIGNED_CONTEXT ( ( #1512, #24, #934 ) ) REPRESENTATION_CONTEXT ( 'NONE', 'WORKASPACE' ) );
#676 = ORIENTED_EDGE ( 'NONE', *, *, #1223, .T. ) ;
#677 = AXIS2_PLACEMENT_3D ( 'NONE', #158, #609, #619 ) ;
#678 = CARTESIAN_POINT ( 'NONE',  ( -0.5749999999999999556, 0.2000000000000000111, -0.3500000000000001443 ) ) ;
#679 = ORIENTED_EDGE ( 'NONE', *, *, #1264, .T. ) ;
#680 = FACE_OUTER_BOUND ( 'NONE', #1295, .T. ) ;
#681 = DIRECTION ( 'NONE',  ( -0.7071067811865512365, 0.000000000000000000, 0.7071067811865439090 ) ) ;
#682 = EDGE_CURVE ( 'NONE', #1180, #1462, #1094, .T. ) ;
#683 = FACE_OUTER_BOUND ( 'NONE', #402, .T. ) ;
#684 = DIRECTION ( 'NONE',  ( -0.000000000000000000, -1.000000000000000000, -0.000000000000000000 ) ) ;
#685 = CARTESIAN_POINT ( 'NONE',  ( -0.7250000000000024203, 0.2000000000000000111, 0.3999999999999999112 ) ) ;
#686 = EDGE_CURVE ( 'NONE', #539, #476, #920, .T. ) ;
#687 = ORIENTED_EDGE ( 'NONE', *, *, #1090, .T. ) ;
#688 = ORIENTED_EDGE ( 'NONE', *, *, #1922, .F. ) ;
#689 = ADVANCED_FACE ( 'NONE', ( #680 ), #989, .F. ) ;
#690 = DIRECTION ( 'NONE',  ( 1.000000000000000000, 0.000000000000000000, -2.722598501092569276E-16 ) ) ;
#691 = CARTESIAN_POINT ( 'NONE',  ( -0.5749999999999999556, 0.000000000000000000, -0.3500000000000001443 ) ) ;
#692 = ORIENTED_EDGE ( 'NONE', *, *, #839, .F. ) ;
#693 = ADVANCED_FACE ( 'NONE', ( #1394 ), #63, .F. ) ;
#694 = DIRECTION ( 'NONE',  ( 0.000000000000000000, -1.000000000000000000, 0.000000000000000000 ) ) ;
#695 = ORIENTED_EDGE ( 'NONE', *, *, #1521, .F. ) ;
#696 = LINE ( 'NONE', #1766, #1321 ) ;
#697 = FACE_OUTER_BOUND ( 'NONE', #789, .T. ) ;
#698 = ORIENTED_EDGE ( 'NONE', *, *, #2, .T. ) ;
#699 = DIRECTION ( 'NONE',  ( 0.000000000000000000, 0.000000000000000000, -1.000000000000000000 ) ) ;
#700 = LINE ( 'NONE', #1291, #610 ) ;
#701 = AXIS2_PLACEMENT_3D ( 'NONE', #1388, #485, #769 ) ;
#702 = AXIS2_PLACEMENT_3D ( 'NONE', #1082, #185, #1360 ) ;
#703 = VERTEX_POINT ( 'NONE', #376 ) ;
#704 = CARTESIAN_POINT ( 'NONE',  ( -0.7250000000000024203, 0.2000000000000000111, 0.3999999999999999112 ) ) ;
#705 = AXIS2_PLACEMENT_3D ( 'NONE', #390, #1871, #1729 ) ;
#706 = ORIENTED_EDGE ( 'NONE', *, *, #1059, .T. ) ;
#707 = VECTOR ( 'NONE', #291, 1000.000000000000000 ) ;
#708 = DIRECTION ( 'NONE',  ( -0.000000000000000000, 1.000000000000000000, -0.000000000000000000 ) ) ;
#709 =( GEOMETRIC_REPRESENTATION_CONTEXT ( 3 ) GLOBAL_UNCERTAINTY_ASSIGNED_CONTEXT ( ( #1293 ) ) GLOBAL_UNIT_ASSIGNED_CONTEXT ( ( #670, #242, #1745 ) ) REPRESENTATION_CONTEXT ( 'NONE', 'WORKASPACE' ) );
#710 = VERTEX_POINT ( 'NONE', #972 ) ;
#711 = CARTESIAN_POINT ( 'NONE',  ( -0.1750000000000000722, 0.2000000000000000111, 0.3500000000000000333 ) ) ;
#712 = DIRECTION ( 'NONE',  ( 1.000000000000000000, 0.000000000000000000, -4.613626265895765162E-17 ) ) ;
#713 = EDGE_CURVE ( 'NONE', #1459, #633, #232, .T. ) ;
#714 = ORIENTED_EDGE ( 'NONE', *, *, #264, .F. ) ;
#715 = EDGE_CURVE ( 'NONE', #710, #415, #605, .T. ) ;
#716 = DIRECTION ( 'NONE',  ( 0.000000000000000000, 0.000000000000000000, 1.000000000000000000 ) ) ;
#717 = ORIENTED_EDGE ( 'NONE', *, *, #1177, .F. ) ;
#718 = FACE_OUTER_BOUND ( 'NONE', #1152, .T. ) ;
#719 = ORIENTED_EDGE ( 'NONE', *, *, #1824, .T. ) ;
#720 = CARTESIAN_POINT ( 'NONE',  ( 0.7999999999999999334, 0.1000000000000000056, -0.09999999999999995004 ) ) ;
#721 = CARTESIAN_POINT ( 'NONE',  ( -1.000000000000000000, 0.000000000000000000, -0.4000000000000001332 ) ) ;
#722 = ADVANCED_FACE ( 'NONE', ( #879 ), #1019, .F. ) ;
#723 = ORIENTED_EDGE ( 'NONE', *, *, #1521, .T. ) ;
#724 = VERTEX_POINT ( 'NONE', #1154 ) ;
#725 = ORIENTED_EDGE ( 'NONE', *, *, #74, .T. ) ;
#726 = CARTESIAN_POINT ( 'NONE',  ( 1.000000000000000000, 0.1000000000000000056, 0.09999999999999997780 ) ) ;
#727 = DIRECTION ( 'NONE',  ( 0.000000000000000000, 0.000000000000000000, -1.000000000000000000 ) ) ;
#728 = AXIS2_PLACEMENT_3D ( 'NONE', #41, #1213, #1234 ) ;
#729 = EDGE_LOOP ( 'NONE', ( #914, #518, #1793, #315, #717, #565, #897, #587 ) ) ;
#730 = VECTOR ( 'NONE', #1073, 1000.000000000000000 ) ;
#731 = VECTOR ( 'NONE', #18, 1000.000000000000000 ) ;
#732 = EDGE_LOOP ( 'NONE', ( #1856, #308, #1043, #223 ) ) ;
#733 = AXIS2_PLACEMENT_3D ( 'NONE', #995, #849, #1434 ) ;
#734 = DIRECTION ( 'NONE',  ( 0.000000000000000000, -1.000000000000000000, 0.000000000000000000 ) ) ;
#735 = ORIENTED_EDGE ( 'NONE', *, *, #1093, .F. ) ;
#736 = VECTOR ( 'NONE', #1921, 1000.000000000000000 ) ;
#737 = DIRECTION ( 'NONE',  ( 1.000000000000000000, 0.000000000000000000, 3.229538386127035428E-16 ) ) ;
#738 = EDGE_CURVE ( 'NONE', #1484, #422, #1258, .T. ) ;
#739 = PRODUCT_DEFINITION_FORMATION_WITH_SPECIFIED_SOURCE ( 'ANY', '', #1069, .NOT_KNOWN. ) ;
#740 = CARTESIAN_POINT ( 'NONE',  ( -0.5250000000000000222, 0.2000000000000000111, 0.1999999999999999001 ) ) ;
#741 = ADVANCED_FACE ( 'NONE', ( #406 ), #1451, .F. ) ;
#742 = ORIENTED_EDGE ( 'NONE', *, *, #713, .T. ) ;
#743 = ORIENTED_EDGE ( 'NONE', *, *, #1223, .F. ) ;
#744 = EDGE_CURVE ( 'NONE', #654, #193, #1740, .T. ) ;
#745 = DIRECTION ( 'NONE',  ( -1.000000000000000000, 0.000000000000000000, -0.000000000000000000 ) ) ;
#746 = ORIENTED_EDGE ( 'NONE', *, *, #890, .F. ) ;
#747 = DIRECTION ( 'NONE',  ( -3.229538386127035428E-16, 0.000000000000000000, 1.000000000000000000 ) ) ;
#748 = DIRECTION ( 'NONE',  ( 0.7071067811865433539, -0.000000000000000000, 0.7071067811865517916 ) ) ;
#749 = EDGE_CURVE ( 'NONE', #1315, #193, #358, .T. ) ;
#750 = LINE ( 'NONE', #1449, #1016 ) ;
#751 = EDGE_LOOP ( 'NONE', ( #1236, #1103, #1680, #1150 ) ) ;
#752 = DIRECTION ( 'NONE',  ( -0.000000000000000000, -1.000000000000000000, -0.000000000000000000 ) ) ;
#753 = ORIENTED_EDGE ( 'NONE', *, *, #600, .T. ) ;
#754 = LINE ( 'NONE', #1508, #1068 ) ;
#755 = CARTESIAN_POINT ( 'NONE',  ( -0.5749999999999999556, 0.2000000000000000111, -0.3500000000000001443 ) ) ;
#756 = LINE ( 'NONE', #1356, #481 ) ;
#757 = FACE_OUTER_BOUND ( 'NONE', #994, .T. ) ;
#758 = ORIENTED_EDGE ( 'NONE', *, *, #401, .F. ) ;
#759 =( GEOMETRIC_REPRESENTATION_CONTEXT ( 3 ) GLOBAL_UNCERTAINTY_ASSIGNED_CONTEXT ( ( #400 ) ) GLOBAL_UNIT_ASSIGNED_CONTEXT ( ( #648, #615, #1350 ) ) REPRESENTATION_CONTEXT ( 'NONE', 'WORKASPACE' ) );
#760 = SURFACE_STYLE_USAGE ( .BOTH. , #1368 ) ;
#761 = EDGE_CURVE ( 'NONE', #1379, #1078, #560, .T. ) ;
#762 = CARTESIAN_POINT ( 'NONE',  ( 1.000000000000000000, 0.2000000000000000111, 0.4000000000000004108 ) ) ;
#763 = AXIS2_PLACEMENT_3D ( 'NONE', #1537, #1557, #1401 ) ;
#764 = EDGE_LOOP ( 'NONE', ( #174, #1771, #155, #1061 ) ) ;
#765 = VECTOR ( 'NONE', #567, 1000.000000000000000 ) ;
#766 = DIRECTION ( 'NONE',  ( 0.000000000000000000, -1.000000000000000000, 0.000000000000000000 ) ) ;
#767 = CARTESIAN_POINT ( 'NONE',  ( -0.1749999999999997669, 0.000000000000000000, 0.4000000000000000222 ) ) ;
#768 = CIRCLE ( 'NONE', #1605, 0.2000000000000000944 ) ;
#769 = DIRECTION ( 'NONE',  ( 0.000000000000000000, 0.000000000000000000, -1.000000000000000000 ) ) ;
#770 = EDGE_CURVE ( 'NONE', #1593, #1439, #1025, .T. ) ;
#771 = DIRECTION ( 'NONE',  ( 1.548860246407864815E-16, 0.000000000000000000, -1.000000000000000000 ) ) ;
#772 = ORIENTED_EDGE ( 'NONE', *, *, #229, .F. ) ;
#773 = DIRECTION ( 'NONE',  ( 0.000000000000000000, 0.000000000000000000, 1.000000000000000000 ) ) ;
#774 = EDGE_CURVE ( 'NONE', #633, #1900, #696, .T. ) ;
#775 = FACE_OUTER_BOUND ( 'NONE', #332, .T. ) ;
#776 = ORIENTED_EDGE ( 'NONE', *, *, #1697, .T. ) ;
#777 = CARTESIAN_POINT ( 'NONE',  ( 1.000000000000000000, 0.6999999999999999556, 0.6249999999999998890 ) ) ;
#778 = LINE ( 'NONE', #1374, #1233 ) ;
#779 = DIRECTION ( 'NONE',  ( 0.000000000000000000, 0.000000000000000000, -1.000000000000000000 ) ) ;
#780 = LINE ( 'NONE', #1531, #1691 ) ;
#781 = ORIENTED_EDGE ( 'NONE', *, *, #241, .T. ) ;
#782 = FILL_AREA_STYLE_COLOUR ( '', #1466 ) ;
#783 = DIRECTION ( 'NONE',  ( 0.000000000000000000, 1.000000000000000000, 0.000000000000000000 ) ) ;
#784 = ORIENTED_EDGE ( 'NONE', *, *, #509, .F. ) ;
#785 = FILL_AREA_STYLE ('',( #1494 ) ) ;
#786 = DIRECTION ( 'NONE',  ( -0.000000000000000000, -1.000000000000000000, -0.000000000000000000 ) ) ;
#787 = CARTESIAN_POINT ( 'NONE',  ( 0.1517766952966424776, 0.6900000000000000577, -0.4267766952966378646 ) ) ;
#788 = CARTESIAN_POINT ( 'NONE',  ( 0.1517766952966424776, 2.337306877479661704, -0.4267766952966378646 ) ) ;
#789 = EDGE_LOOP ( 'NONE', ( #1137, #116, #426, #1887 ) ) ;
#790 = ORIENTED_EDGE ( 'NONE', *, *, #630, .F. ) ;
#791 = CARTESIAN_POINT ( 'NONE',  ( -0.1750000000000000722, 0.2000000000000000111, 0.3500000000000000333 ) ) ;
#792 = EDGE_CURVE ( 'NONE', #1418, #342, #1616, .T. ) ;
#793 = VECTOR ( 'NONE', #461, 1000.000000000000000 ) ;
#794 = ORIENTED_EDGE ( 'NONE', *, *, #366, .T. ) ;
#795 = VECTOR ( 'NONE', #910, 1000.000000000000000 ) ;
#796 = LINE ( 'NONE', #931, #296 ) ;
#797 = DIRECTION ( 'NONE',  ( 0.000000000000000000, 0.000000000000000000, 1.000000000000000000 ) ) ;
#798 = VECTOR ( 'NONE', #1700, 1000.000000000000000 ) ;
#799 = EDGE_CURVE ( 'NONE', #213, #1803, #858, .T. ) ;
#800 = DIRECTION ( 'NONE',  ( 0.000000000000000000, -1.000000000000000000, 0.000000000000000000 ) ) ;
#801 = AXIS2_PLACEMENT_3D ( 'NONE', #90, #828, #1416 ) ;
#802 = FILL_AREA_STYLE_COLOUR ( '', #427 ) ;
#803 = ORIENTED_EDGE ( 'NONE', *, *, #906, .T. ) ;
#804 = ADVANCED_FACE ( 'NONE', ( #1759 ), #295, .T. ) ;
#805 = VECTOR ( 'NONE', #681, 1000.000000000000000 ) ;
#806 = LINE ( 'NONE', #1391, #1436 ) ;
#807 = DIRECTION ( 'NONE',  ( 0.000000000000000000, -1.000000000000000000, 0.000000000000000000 ) ) ;
#808 = ORIENTED_EDGE ( 'NONE', *, *, #1795, .T. ) ;
#809 = ADVANCED_FACE ( 'NONE', ( #1875 ), #1608, .T. ) ;
#810 = DIRECTION ( 'NONE',  ( 0.000000000000000000, 0.000000000000000000, -1.000000000000000000 ) ) ;
#811 = LINE ( 'NONE', #660, #1296 ) ;
#812 = CARTESIAN_POINT ( 'NONE',  ( 0.3285533905932784271, 0.5000000000000000000, -0.2500000000000000000 ) ) ;
#813 = CARTESIAN_POINT ( 'NONE',  ( -1.000000000000000000, 0.2000000000000000111, -0.4000000000000001332 ) ) ;
#814 = ADVANCED_FACE ( 'NONE', ( #1464 ), #1889, .T. ) ;
#815 = ADVANCED_FACE ( 'NONE', ( #718 ), #1325, .F. ) ;
#816 = LINE ( 'NONE', #1400, #916 ) ;
#817 = CARTESIAN_POINT ( 'NONE',  ( 1.000000000000000000, 0.2000000000000000111, -0.4000000000000001887 ) ) ;
#818 = EDGE_LOOP ( 'NONE', ( #1919, #823, #13, #1272 ) ) ;
#819 = DIRECTION ( 'NONE',  ( -1.000000000000000000, 0.000000000000000000, 4.613626265895765778E-17 ) ) ;
#820 = CARTESIAN_POINT ( 'NONE',  ( 0.6249999999999982236, 2.337306877479661704, -0.5000000000000001110 ) ) ;
#821 = CARTESIAN_POINT ( 'NONE',  ( -0.1749999999999996558, 0.2000000000000000111, -0.4000000000000001332 ) ) ;
#822 = LINE ( 'NONE', #529, #798 ) ;
#823 = ORIENTED_EDGE ( 'NONE', *, *, #1614, .F. ) ;
#824 = CARTESIAN_POINT ( 'NONE',  ( -0.7250000000000024203, 0.000000000000000000, 0.3999999999999999112 ) ) ;
#825 = DIRECTION ( 'NONE',  ( 1.000000000000000000, 0.000000000000000000, 0.000000000000000000 ) ) ;
#826 = VECTOR ( 'NONE', #1920, 1000.000000000000000 ) ;
#827 = DIRECTION ( 'NONE',  ( 1.000000000000000000, 0.000000000000000000, -3.657326945500655768E-16 ) ) ;
#828 = DIRECTION ( 'NONE',  ( 1.000000000000000000, -0.000000000000000000, 0.000000000000000000 ) ) ;
#829 = VECTOR ( 'NONE', #810, 1000.000000000000000 ) ;
#830 = VECTOR ( 'NONE', #1896, 1000.000000000000000 ) ;
#831 = VECTOR ( 'NONE', #524, 1000.000000000000000 ) ;
#832 = DIRECTION ( 'NONE',  ( 0.000000000000000000, 0.000000000000000000, 1.000000000000000000 ) ) ;
#833 = VERTEX_POINT ( 'NONE', #95 ) ;
#834 = EDGE_CURVE ( 'NONE', #422, #1556, #997, .T. ) ;
#835 = DIRECTION ( 'NONE',  ( -4.613626265895765778E-17, 0.000000000000000000, -1.000000000000000000 ) ) ;
#836 = ORIENTED_EDGE ( 'NONE', *, *, #1539, .T. ) ;
#837 = DIRECTION ( 'NONE',  ( 0.000000000000000000, -1.000000000000000000, 0.000000000000000000 ) ) ;
#838 = LINE ( 'NONE', #1430, #1136 ) ;
#839 = EDGE_CURVE ( 'NONE', #1763, #1481, #1173, .T. ) ;
#840 = ORIENTED_EDGE ( 'NONE', *, *, #510, .F. ) ;
#841 = DIRECTION ( 'NONE',  ( -0.000000000000000000, -0.000000000000000000, 1.000000000000000000 ) ) ;
#842 = ORIENTED_EDGE ( 'NONE', *, *, #1689, .F. ) ;
#843 = CARTESIAN_POINT ( 'NONE',  ( -0.5749999999999999556, 0.2000000000000000111, -0.3500000000000001443 ) ) ;
#844 = EDGE_LOOP ( 'NONE', ( #999, #1527, #146, #1917 ) ) ;
#845 = CARTESIAN_POINT ( 'NONE',  ( 0.7999999999999999334, 0.1000000000000000056, 0.09999999999999995004 ) ) ;
#846 = CARTESIAN_POINT ( 'NONE',  ( -0.1749999999999997669, 0.2000000000000000111, 0.4000000000000000777 ) ) ;
#847 = UNCERTAINTY_MEASURE_WITH_UNIT (LENGTH_MEASURE( 1.000000000000000082E-05 ), #901, 'distance_accuracy_value', 'NONE');
#848 = ORIENTED_EDGE ( 'NONE', *, *, #655, .F. ) ;
#849 = DIRECTION ( 'NONE',  ( 0.000000000000000000, 0.000000000000000000, 1.000000000000000000 ) ) ;
#850 = ORIENTED_EDGE ( 'NONE', *, *, #1566, .F. ) ;
#851 = DIRECTION ( 'NONE',  ( 0.000000000000000000, -0.000000000000000000, -1.000000000000000000 ) ) ;
#852 = VERTEX_POINT ( 'NONE', #1492 ) ;
#853 = AXIS2_PLACEMENT_3D ( 'NONE', #191, #800, #329 ) ;
#854 = DIRECTION ( 'NONE',  ( 0.000000000000000000, 0.000000000000000000, -1.000000000000000000 ) ) ;
#855 = DIRECTION ( 'NONE',  ( -0.7071067811865512365, 0.000000000000000000, 0.7071067811865439090 ) ) ;
#856 = AXIS2_PLACEMENT_3D ( 'NONE', #820, #974, #827 ) ;
#857 = EDGE_CURVE ( 'NONE', #243, #1180, #336, .T. ) ;
#858 = CIRCLE ( 'NONE', #674, 0.05000000000000002359 ) ;
#859 = EDGE_CURVE ( 'NONE', #1239, #1760, #344, .T. ) ;
#860 = VERTEX_POINT ( 'NONE', #1662 ) ;
#861 = AXIS2_PLACEMENT_3D ( 'NONE', #691, #1406, #411 ) ;
#862 = LINE ( 'NONE', #548, #1847 ) ;
#863 = AXIS2_PLACEMENT_3D ( 'NONE', #1028, #1762, #1744 ) ;
#864 = VERTEX_POINT ( 'NONE', #1474 ) ;
#865 = DIRECTION ( 'NONE',  ( 0.000000000000000000, -1.000000000000000000, 0.000000000000000000 ) ) ;
#866 = ORIENTED_EDGE ( 'NONE', *, *, #294, .T. ) ;
#867 = ADVANCED_FACE ( 'NONE', ( #593 ), #1042, .T. ) ;
#868 = DIRECTION ( 'NONE',  ( 0.000000000000000000, 0.000000000000000000, 1.000000000000000000 ) ) ;
#869 = DIRECTION ( 'NONE',  ( -0.000000000000000000, 1.000000000000000000, -0.000000000000000000 ) ) ;
#870 = ORIENTED_EDGE ( 'NONE', *, *, #258, .F. ) ;
#871 = ORIENTED_EDGE ( 'NONE', *, *, #1635, .T. ) ;
#872 = CARTESIAN_POINT ( 'NONE',  ( 0.6249999999999982236, 0.6900000000000000577, -0.5000000000000001110 ) ) ;
#873 = ORIENTED_EDGE ( 'NONE', *, *, #1838, .F. ) ;
#874 = LINE ( 'NONE', #1467, #1534 ) ;
#875 = CARTESIAN_POINT ( 'NONE',  ( 0.1517766952966424499, 0.5000000000000000000, -0.4267766952966378091 ) ) ;
#876 = ORIENTED_EDGE ( 'NONE', *, *, #521, .F. ) ;
#877 = ORIENTED_EDGE ( 'NONE', *, *, #369, .T. ) ;
#878 = ADVANCED_FACE ( 'NONE', ( #1352 ), #1773, .F. ) ;
#879 = FACE_OUTER_BOUND ( 'NONE', #36, .T. ) ;
#880 = ADVANCED_FACE ( 'NONE', ( #1634 ), #478, .F. ) ;
#881 = ORIENTED_EDGE ( 'NONE', *, *, #258, .T. ) ;
#882 = DIRECTION ( 'NONE',  ( 1.000000000000000000, 0.000000000000000000, -2.722598501092569276E-16 ) ) ;
#883 = DIRECTION ( 'NONE',  ( 0.7071067811865517916, 0.000000000000000000, -0.7071067811865433539 ) ) ;
#884 = ORIENTED_EDGE ( 'NONE', *, *, #1741, .F. ) ;
#885 = CIRCLE ( 'NONE', #1380, 0.2499999999999999445 ) ;
#886 = AXIS2_PLACEMENT_3D ( 'NONE', #1437, #734, #260 ) ;
#887 = ORIENTED_EDGE ( 'NONE', *, *, #1081, .T. ) ;
#888 = AXIS2_PLACEMENT_3D ( 'NONE', #975, #1108, #371 ) ;
#889 = CARTESIAN_POINT ( 'NONE',  ( -1.000000000000000000, 0.2000000000000000111, -0.4000000000000001332 ) ) ;
#890 = EDGE_CURVE ( 'NONE', #710, #860, #1516, .T. ) ;
#891 = VERTEX_POINT ( 'NONE', #1483 ) ;
#892 = VECTOR ( 'NONE', #31, 1000.000000000000000 ) ;
#893 = DIRECTION ( 'NONE',  ( -1.000000000000000000, -0.000000000000000000, -0.000000000000000000 ) ) ;
#894 = CARTESIAN_POINT ( 'NONE',  ( -0.2250000000000000056, 0.2000000000000000111, -0.3499999999999997002 ) ) ;
#895 = LINE ( 'NONE', #1194, #517 ) ;
#896 = EDGE_CURVE ( 'NONE', #120, #1746, #154, .T. ) ;
#897 = ORIENTED_EDGE ( 'NONE', *, *, #1852, .T. ) ;
#898 = DIRECTION ( 'NONE',  ( -0.000000000000000000, -1.000000000000000000, -0.000000000000000000 ) ) ;
#899 = CARTESIAN_POINT ( 'NONE',  ( -1.000000000000000000, 0.2000000000000000111, 0.3999999999999999112 ) ) ;
#900 = ORIENTED_EDGE ( 'NONE', *, *, #1455, .F. ) ;
#901 =( LENGTH_UNIT ( ) NAMED_UNIT ( * ) SI_UNIT ( .MILLI., .METRE. ) );
#902 = FACE_OUTER_BOUND ( 'NONE', #1463, .T. ) ;
#903 = PLANE ( 'NONE',  #1596 ) ;
#904 = DIRECTION ( 'NONE',  ( -1.000000000000000000, 0.000000000000000000, -2.168404344971015771E-16 ) ) ;
#905 = ORIENTED_EDGE ( 'NONE', *, *, #489, .F. ) ;
#906 = EDGE_CURVE ( 'NONE', #1263, #1306, #163, .T. ) ;
#907 = FACE_OUTER_BOUND ( 'NONE', #969, .T. ) ;
#908 = ORIENTED_EDGE ( 'NONE', *, *, #335, .F. ) ;
#909 = EDGE_CURVE ( 'NONE', #1493, #1159, #1227, .T. ) ;
#910 = DIRECTION ( 'NONE',  ( -0.000000000000000000, 1.000000000000000000, -0.000000000000000000 ) ) ;
#911 = LINE ( 'NONE', #767, #333 ) ;
#912 = DIRECTION ( 'NONE',  ( -0.000000000000000000, 0.000000000000000000, 1.000000000000000000 ) ) ;
#913 = FILL_AREA_STYLE ('',( #802 ) ) ;
#914 = ORIENTED_EDGE ( 'NONE', *, *, #1622, .F. ) ;
#915 = EDGE_CURVE ( 'NONE', #1848, #1435, #1796, .T. ) ;
#916 = VECTOR ( 'NONE', #657, 1000.000000000000000 ) ;
#917 = CARTESIAN_POINT ( 'NONE',  ( 0.6250000000000001110, 0.5000000000000000000, -0.2500000000000001110 ) ) ;
#918 = CIRCLE ( 'NONE', #1166, 0.05000000000000002359 ) ;
#919 = CARTESIAN_POINT ( 'NONE',  ( -1.000000000000000000, 0.2000000000000000111, 0.3999999999999999112 ) ) ;
#920 = CIRCLE ( 'NONE', #1167, 0.2000000000000000666 ) ;
#921 = ORIENTED_EDGE ( 'NONE', *, *, #1181, .T. ) ;
#922 = AXIS2_PLACEMENT_3D ( 'NONE', #1271, #522, #1110 ) ;
#923 = DIRECTION ( 'NONE',  ( -0.000000000000000000, -1.000000000000000000, -0.000000000000000000 ) ) ;
#924 = CARTESIAN_POINT ( 'NONE',  ( -0.1749999999999997669, 0.2000000000000000111, 0.4000000000000000222 ) ) ;
#925 = AXIS2_PLACEMENT_3D ( 'NONE', #1386, #1219, #1807 ) ;
#926 = CARTESIAN_POINT ( 'NONE',  ( 1.000000000000000000, 0.000000000000000000, -0.4000000000000001887 ) ) ;
#927 = LINE ( 'NONE', #182, #985 ) ;
#928 = ORIENTED_EDGE ( 'NONE', *, *, #489, .T. ) ;
#929 = DIRECTION ( 'NONE',  ( 0.000000000000000000, 1.000000000000000000, 0.000000000000000000 ) ) ;
#930 = ORIENTED_EDGE ( 'NONE', *, *, #1198, .F. ) ;
#931 = CARTESIAN_POINT ( 'NONE',  ( 0.6249999999999982236, 0.5000000000000000000, -0.5000000000000001110 ) ) ;
#932 = FACE_OUTER_BOUND ( 'NONE', #1631, .T. ) ;
#933 = DIRECTION ( 'NONE',  ( 0.000000000000000000, 0.000000000000000000, 1.000000000000000000 ) ) ;
#934 =( NAMED_UNIT ( * ) SI_UNIT ( $, .STERADIAN. ) SOLID_ANGLE_UNIT ( ) );
#935 = ORIENTED_EDGE ( 'NONE', *, *, #1348, .T. ) ;
#936 = LINE ( 'NONE', #1197, #1625 ) ;
#937 = DIRECTION ( 'NONE',  ( -1.000000000000000000, 0.000000000000000000, -0.000000000000000000 ) ) ;
#938 = EDGE_LOOP ( 'NONE', ( #206, #178, #128, #568 ) ) ;
#939 = EDGE_CURVE ( 'NONE', #891, #359, #1814, .T. ) ;
#940 = CARTESIAN_POINT ( 'NONE',  ( -0.3482233047033629347, 0.5000000000000000000, 0.07322330470336226027 ) ) ;
#941 = CARTESIAN_POINT ( 'NONE',  ( 0.1517766952966424776, 0.5000000000000000000, -0.4267766952966378646 ) ) ;
#942 = CARTESIAN_POINT ( 'NONE',  ( -1.000000000000000000, 0.1000000000000000056, 0.09999999999999996392 ) ) ;
#943 = DIRECTION ( 'NONE',  ( -0.000000000000000000, 1.000000000000000000, -0.000000000000000000 ) ) ;
#944 = VERTEX_POINT ( 'NONE', #604 ) ;
#945 = ORIENTED_EDGE ( 'NONE', *, *, #1635, .F. ) ;
#946 = DIRECTION ( 'NONE',  ( 0.000000000000000000, 1.000000000000000000, 0.000000000000000000 ) ) ;
#947 = ADVANCED_FACE ( 'NONE', ( #775 ), #1200, .T. ) ;
#948 = AXIS2_PLACEMENT_3D ( 'NONE', #220, #946, #933 ) ;
#949 = PLANE ( 'NONE',  #1228 ) ;
#950 = VECTOR ( 'NONE', #541, 1000.000000000000000 ) ;
#951 = VERTEX_POINT ( 'NONE', #28 ) ;
#952 =( GEOMETRIC_REPRESENTATION_CONTEXT ( 3 ) GLOBAL_UNCERTAINTY_ASSIGNED_CONTEXT ( ( #847 ) ) GLOBAL_UNIT_ASSIGNED_CONTEXT ( ( #901, #1112, #651 ) ) REPRESENTATION_CONTEXT ( 'NONE', 'WORKASPACE' ) );
#953 = EDGE_CURVE ( 'NONE', #1439, #1195, #984, .T. ) ;
#954 = DIRECTION ( 'NONE',  ( 0.000000000000000000, -1.000000000000000000, 0.000000000000000000 ) ) ;
#955 = VECTOR ( 'NONE', #684, 1000.000000000000000 ) ;
#956 = DIRECTION ( 'NONE',  ( -1.000000000000000000, 0.000000000000000000, 3.657326945500655275E-16 ) ) ;
#957 = VECTOR ( 'NONE', #1392, 1000.000000000000000 ) ;
#958 = CARTESIAN_POINT ( 'NONE',  ( -0.1714466094067271795, 0.5000000000000000000, 0.5000000000000002220 ) ) ;
#959 = EDGE_LOOP ( 'NONE', ( #1667, #743, #1500, #464, #848, #1897 ) ) ;
#960 = VECTOR ( 'NONE', #130, 1000.000000000000000 ) ;
#961 = ORIENTED_EDGE ( 'NONE', *, *, #906, .F. ) ;
#962 = CARTESIAN_POINT ( 'NONE',  ( 0.1517766952966424776, 0.5000000000000000000, -0.4267766952966378646 ) ) ;
#963 = FACE_OUTER_BOUND ( 'NONE', #282, .T. ) ;
#964 = ORIENTED_EDGE ( 'NONE', *, *, #492, .T. ) ;
#965 = CARTESIAN_POINT ( 'NONE',  ( 0.6250000000000000000, 0.5000000000000000000, 0.2500000000000000555 ) ) ;
#966 = DIRECTION ( 'NONE',  ( -1.000000000000000000, -0.000000000000000000, -0.000000000000000000 ) ) ;
#967 = LINE ( 'NONE', #244, #1872 ) ;
#968 = CARTESIAN_POINT ( 'NONE',  ( 0.3285533905932784271, 0.5000000000000000000, -0.2500000000000000000 ) ) ;
#969 = EDGE_LOOP ( 'NONE', ( #453, #1047, #324, #1643 ) ) ;
#970 = PLANE ( 'NONE',  #763 ) ;
#971 = ORIENTED_EDGE ( 'NONE', *, *, #890, .T. ) ;
#972 = CARTESIAN_POINT ( 'NONE',  ( 0.6249999999999982236, 0.5000000000000000000, 0.5000000000000000000 ) ) ;
#973 = CARTESIAN_POINT ( 'NONE',  ( 0.8750000000000000000, 0.5000000000000000000, 0.2499999999999982236 ) ) ;
#974 = DIRECTION ( 'NONE',  ( 3.657326945500655768E-16, -0.000000000000000000, 1.000000000000000000 ) ) ;
#975 = CARTESIAN_POINT ( 'NONE',  ( 0.6250000000000000000, 2.337306877479661704, 0.2500000000000000555 ) ) ;
#976 = ADVANCED_FACE ( 'NONE', ( #147 ), #1786, .T. ) ;
#977 = LINE ( 'NONE', #649, #139 ) ;
#978 = VERTEX_POINT ( 'NONE', #314 ) ;
#979 = CLOSED_SHELL ( 'NONE', ( #1013, #1257, #1457, #1053, #343, #809, #689, #251, #1713, #1547, #525, #1134, #1610, #1882, #1543, #1237, #878, #880, #433, #561, #628, #162, #1574, #998, #1799, #815, #1894 ) ) ;
#980 = DIRECTION ( 'NONE',  ( 0.000000000000000000, -1.000000000000000000, 0.000000000000000000 ) ) ;
#981 = VECTOR ( 'NONE', #398, 1000.000000000000000 ) ;
#982 = DIRECTION ( 'NONE',  ( -0.000000000000000000, -0.000000000000000000, 1.000000000000000000 ) ) ;
#983 = CARTESIAN_POINT ( 'NONE',  ( 0.3285533905932784271, 0.6999999999999999556, -0.2500000000000000000 ) ) ;
#984 = CIRCLE ( 'NONE', #1382, 0.2499999999999999445 ) ;
#985 = VECTOR ( 'NONE', #42, 1000.000000000000000 ) ;
#986 = AXIS2_PLACEMENT_3D ( 'NONE', #973, #825, #1696 ) ;
#987 = DIRECTION ( 'NONE',  ( -0.000000000000000000, -1.000000000000000000, -0.000000000000000000 ) ) ;
#988 = EDGE_LOOP ( 'NONE', ( #1071, #337, #871, #1222 ) ) ;
#989 = CYLINDRICAL_SURFACE ( 'NONE', #106, 0.2499999999999999445 ) ;
#990 = DIRECTION ( 'NONE',  ( 0.000000000000000000, 0.000000000000000000, -1.000000000000000000 ) ) ;
#991 = ORIENTED_EDGE ( 'NONE', *, *, #1314, .T. ) ;
#992 = LINE ( 'NONE', #1853, #1499 ) ;
#993 = CARTESIAN_POINT ( 'NONE',  ( -0.5250000000000000222, 0.000000000000000000, 0.1999999999999999001 ) ) ;
#994 = EDGE_LOOP ( 'NONE', ( #594, #152, #1202, #352 ) ) ;
#995 = CARTESIAN_POINT ( 'NONE',  ( -1.000000000000000000, 0.6999999999999999556, -0.6250000000000001110 ) ) ;
#996 = ORIENTED_EDGE ( 'NONE', *, *, #492, .F. ) ;
#997 = LINE ( 'NONE', #108, #1658 ) ;
#998 = ADVANCED_FACE ( 'NONE', ( #907 ), #1381, .F. ) ;
#999 = ORIENTED_EDGE ( 'NONE', *, *, #1795, .F. ) ;
#1000 = DIRECTION ( 'NONE',  ( -0.000000000000000000, 1.000000000000000000, -0.000000000000000000 ) ) ;
#1001 = CARTESIAN_POINT ( 'NONE',  ( 1.000000000000000000, 0.1000000000000000056, 0.09999999999999997780 ) ) ;
#1002 = PRESENTATION_STYLE_ASSIGNMENT (( #1583 ) ) ;
#1003 = ORIENTED_EDGE ( 'NONE', *, *, #682, .T. ) ;
#1004 = DIRECTION ( 'NONE',  ( -0.000000000000000000, -1.000000000000000000, -0.000000000000000000 ) ) ;
#1005 = ORIENTED_EDGE ( 'NONE', *, *, #53, .F. ) ;
#1006 = DIRECTION ( 'NONE',  ( 0.000000000000000000, 0.000000000000000000, -1.000000000000000000 ) ) ;
#1007 = EDGE_LOOP ( 'NONE', ( #93, #1599, #961, #523 ) ) ;
#1008 = ADVANCED_FACE ( 'NONE', ( #1679 ), #51, .F. ) ;
#1009 = STYLED_ITEM ( 'NONE', ( #1 ), #22 ) ;
#1010 = DIRECTION ( 'NONE',  ( 0.000000000000000000, -1.000000000000000000, 0.000000000000000000 ) ) ;
#1011 = DIRECTION ( 'NONE',  ( 0.000000000000000000, -1.000000000000000000, 0.000000000000000000 ) ) ;
#1012 = AXIS2_PLACEMENT_3D ( 'NONE', #254, #1250, #690 ) ;
#1013 = ADVANCED_FACE ( 'NONE', ( #1118 ), #970, .F. ) ;
#1014 = VECTOR ( 'NONE', #215, 1000.000000000000000 ) ;
#1015 = ORIENTED_EDGE ( 'NONE', *, *, #40, .F. ) ;
#1016 = VECTOR ( 'NONE', #1781, 1000.000000000000000 ) ;
#1017 = VECTOR ( 'NONE', #1085, 1000.000000000000000 ) ;
#1018 = EDGE_LOOP ( 'NONE', ( #803, #1450, #585, #345, #776, #1833 ) ) ;
#1019 = PLANE ( 'NONE',  #1196 ) ;
#1020 = ORIENTED_EDGE ( 'NONE', *, *, #1913, .F. ) ;
#1021 = CARTESIAN_POINT ( 'NONE',  ( 1.000000000000000000, 0.2000000000000000111, 0.4000000000000004108 ) ) ;
#1022 = LINE ( 'NONE', #141, #707 ) ;
#1023 = ORIENTED_EDGE ( 'NONE', *, *, #1824, .F. ) ;
#1024 = VERTEX_POINT ( 'NONE', #817 ) ;
#1025 = LINE ( 'NONE', #442, #641 ) ;
#1026 = VERTEX_POINT ( 'NONE', #381 ) ;
#1027 = FACE_OUTER_BOUND ( 'NONE', #938, .T. ) ;
#1028 = CARTESIAN_POINT ( 'NONE',  ( -0.2250000000000000888, 0.2000000000000000111, 0.3499999999999996447 ) ) ;
#1029 = VERTEX_POINT ( 'NONE', #1101 ) ;
#1030 = ADVANCED_FACE ( 'NONE', ( #499 ), #68, .T. ) ;
#1031 = ORIENTED_EDGE ( 'NONE', *, *, #799, .T. ) ;
#1032 = DIRECTION ( 'NONE',  ( 0.000000000000000000, 0.000000000000000000, 1.000000000000000000 ) ) ;
#1033 = ORIENTED_EDGE ( 'NONE', *, *, #1862, .T. ) ;
#1034 = LINE ( 'NONE', #1175, #104 ) ;
#1035 = PLANE ( 'NONE',  #863 ) ;
#1036 = CARTESIAN_POINT ( 'NONE',  ( 0.8750000000000000000, 2.337306877479661704, 0.2500000000000000555 ) ) ;
#1037 = ORIENTED_EDGE ( 'NONE', *, *, #1925, .F. ) ;
#1038 = AXIS2_PLACEMENT_3D ( 'NONE', #726, #112, #1332 ) ;
#1039 = AXIS2_PLACEMENT_3D ( 'NONE', #428, #273, #1284 ) ;
#1040 = VERTEX_POINT ( 'NONE', #1091 ) ;
#1041 = STYLED_ITEM ( 'NONE', ( #1389 ), #1280 ) ;
#1042 = PLANE ( 'NONE',  #484 ) ;
#1043 = ORIENTED_EDGE ( 'NONE', *, *, #1264, .F. ) ;
#1044 = LINE ( 'NONE', #940, #795 ) ;
#1045 = CARTESIAN_POINT ( 'NONE',  ( -0.7250000000000024203, 0.2000000000000000111, 0.3999999999999999112 ) ) ;
#1046 = CARTESIAN_POINT ( 'NONE',  ( 1.000000000000000000, 0.000000000000000000, 0.4000000000000001887 ) ) ;
#1047 = ORIENTED_EDGE ( 'NONE', *, *, #1788, .F. ) ;
#1048 = PRESENTATION_STYLE_ASSIGNMENT (( #1641 ) ) ;
#1049 = EDGE_CURVE ( 'NONE', #1900, #1187, #977, .T. ) ;
#1050 = CARTESIAN_POINT ( 'NONE',  ( -1.000000000000000000, 0.2000000000000000111, -0.4000000000000001332 ) ) ;
#1051 = VERTEX_POINT ( 'NONE', #1238 ) ;
#1052 = DIRECTION ( 'NONE',  ( 0.000000000000000000, -1.000000000000000000, 0.000000000000000000 ) ) ;
#1053 = ADVANCED_FACE ( 'NONE', ( #963 ), #949, .F. ) ;
#1054 = DIRECTION ( 'NONE',  ( -0.000000000000000000, -1.000000000000000000, -0.000000000000000000 ) ) ;
#1055 = LINE ( 'NONE', #1653, #102 ) ;
#1056 = CARTESIAN_POINT ( 'NONE',  ( -0.5250000000000000222, 0.2000000000000000111, 0.1999999999999999001 ) ) ;
#1057 = ORIENTED_EDGE ( 'NONE', *, *, #1592, .T. ) ;
#1058 = CARTESIAN_POINT ( 'NONE',  ( -1.000000000000000000, 0.1000000000000000056, 0.09999999999999996392 ) ) ;
#1059 = EDGE_CURVE ( 'NONE', #1329, #1315, #822, .T. ) ;
#1060 = DIRECTION ( 'NONE',  ( 0.000000000000000000, -1.000000000000000000, 0.000000000000000000 ) ) ;
#1061 = ORIENTED_EDGE ( 'NONE', *, *, #1139, .T. ) ;
#1062 = LINE ( 'NONE', #1218, #1751 ) ;
#1063 = CARTESIAN_POINT ( 'NONE',  ( -0.5250000000000000222, 0.2000000000000000111, 0.1999999999999999001 ) ) ;
#1064 = DIRECTION ( 'NONE',  ( 0.000000000000000000, 0.000000000000000000, -1.000000000000000000 ) ) ;
#1065 = DIRECTION ( 'NONE',  ( 1.971276677246372998E-16, 0.000000000000000000, -1.000000000000000000 ) ) ;
#1066 = EDGE_LOOP ( 'NONE', ( #688, #361, #505, #1427 ) ) ;
#1067 =( GEOMETRIC_REPRESENTATION_CONTEXT ( 3 ) GLOBAL_UNCERTAINTY_ASSIGNED_CONTEXT ( ( #265 ) ) GLOBAL_UNIT_ASSIGNED_CONTEXT ( ( #322, #1785, #1812 ) ) REPRESENTATION_CONTEXT ( 'NONE', 'WORKASPACE' ) );
#1068 = VECTOR ( 'NONE', #179, 1000.000000000000000 ) ;
#1069 = PRODUCT ( 'VEMD4110X01', 'VEMD4110X01', '', ( #277 ) ) ;
#1070 = DIRECTION ( 'NONE',  ( -0.000000000000000000, 1.000000000000000000, -0.000000000000000000 ) ) ;
#1071 = ORIENTED_EDGE ( 'NONE', *, *, #1248, .F. ) ;
#1072 = PRESENTATION_LAYER_ASSIGNMENT (  '', '', ( #1041 ) ) ;
#1073 = DIRECTION ( 'NONE',  ( -1.000000000000000000, -0.000000000000000000, -0.000000000000000000 ) ) ;
#1074 = CARTESIAN_POINT ( 'NONE',  ( 0.8750000000000001110, 0.5000000000000000000, -0.2499999999999983347 ) ) ;
#1075 = VECTOR ( 'NONE', #1328, 1000.000000000000000 ) ;
#1076 = DIRECTION ( 'NONE',  ( 1.000000000000000000, 0.000000000000000000, -0.000000000000000000 ) ) ;
#1077 = LINE ( 'NONE', #621, #360 ) ;
#1078 = VERTEX_POINT ( 'NONE', #667 ) ;
#1079 = ADVANCED_FACE ( 'NONE', ( #1836 ), #212, .F. ) ;
#1080 = CARTESIAN_POINT ( 'NONE',  ( -0.1749999999999997669, 0.2000000000000000111, 0.4000000000000000777 ) ) ;
#1081 = EDGE_CURVE ( 'NONE', #29, #1803, #76, .T. ) ;
#1082 = CARTESIAN_POINT ( 'NONE',  ( 0.3285533905932784271, 2.337306877479661704, -0.2500000000000000000 ) ) ;
#1083 = VERTEX_POINT ( 'NONE', #61 ) ;
#1084 = CARTESIAN_POINT ( 'NONE',  ( -0.1749999999999997669, 0.2000000000000000111, 0.4000000000000000222 ) ) ;
#1085 = DIRECTION ( 'NONE',  ( -0.7071067811865513475, 0.000000000000000000, 0.7071067811865437980 ) ) ;
#1086 = DIRECTION ( 'NONE',  ( 0.000000000000000000, -1.000000000000000000, 0.000000000000000000 ) ) ;
#1087 = DIRECTION ( 'NONE',  ( 0.000000000000000000, -1.000000000000000000, 0.000000000000000000 ) ) ;
#1088 = ORIENTED_EDGE ( 'NONE', *, *, #253, .F. ) ;
#1089 = CARTESIAN_POINT ( 'NONE',  ( 0.8750000000000000000, 0.5000000000000000000, 0.2499999999999982236 ) ) ;
#1090 = EDGE_CURVE ( 'NONE', #1884, #1217, #1526, .T. ) ;
#1091 = CARTESIAN_POINT ( 'NONE',  ( 0.1517766952966424499, 0.5000000000000000000, -0.4267766952966378091 ) ) ;
#1092 = ORIENTED_EDGE ( 'NONE', *, *, #591, .F. ) ;
#1093 = EDGE_CURVE ( 'NONE', #1159, #1051, #507, .T. ) ;
#1094 = LINE ( 'NONE', #1827, #1014 ) ;
#1095 = FACE_OUTER_BOUND ( 'NONE', #1383, .T. ) ;
#1096 = CARTESIAN_POINT ( 'NONE',  ( 0.8750000000000000000, 0.5000000000000000000, 0.2500000000000000555 ) ) ;
#1097 = CARTESIAN_POINT ( 'NONE',  ( -1.000000000000000000, 0.2000000000000000111, 0.3999999999999999112 ) ) ;
#1098 = ORIENTED_EDGE ( 'NONE', *, *, #1922, .T. ) ;
#1099 = LINE ( 'NONE', #1535, #1906 ) ;
#1100 = AXIS2_PLACEMENT_3D ( 'NONE', #1343, #1510, #1683 ) ;
#1101 = CARTESIAN_POINT ( 'NONE',  ( -1.000000000000000000, 0.6999999999999999556, 0.6249999999999998890 ) ) ;
#1102 = CIRCLE ( 'NONE', #701, 0.05000000000000002359 ) ;
#1103 = ORIENTED_EDGE ( 'NONE', *, *, #450, .T. ) ;
#1104 = VECTOR ( 'NONE', #1804, 1000.000000000000000 ) ;
#1105 = CARTESIAN_POINT ( 'NONE',  ( -0.7999999999999999334, 0.1000000000000000056, 0.09999999999999995004 ) ) ;
#1106 = EDGE_CURVE ( 'NONE', #480, #1263, #196, .T. ) ;
#1107 = CARTESIAN_POINT ( 'NONE',  ( 0.7999999999999999334, 0.000000000000000000, 0.09999999999999995004 ) ) ;
#1108 = DIRECTION ( 'NONE',  ( -0.000000000000000000, -1.000000000000000000, -0.000000000000000000 ) ) ;
#1109 = ORIENTED_EDGE ( 'NONE', *, *, #309, .T. ) ;
#1110 = DIRECTION ( 'NONE',  ( -1.000000000000000000, 0.000000000000000000, 3.657326945500655768E-16 ) ) ;
#1111 = ORIENTED_EDGE ( 'NONE', *, *, #570, .F. ) ;
#1112 =( NAMED_UNIT ( * ) PLANE_ANGLE_UNIT ( ) SI_UNIT ( $, .RADIAN. ) );
#1113 = PLANE ( 'NONE',  #1880 ) ;
#1114 = EDGE_CURVE ( 'NONE', #1832, #1493, #1855, .T. ) ;
#1115 = CARTESIAN_POINT ( 'NONE',  ( 1.000000000000000000, 0.2000000000000000111, 0.4000000000000004108 ) ) ;
#1116 = CYLINDRICAL_SURFACE ( 'NONE', #1446, 0.2000000000000000944 ) ;
#1117 = VERTEX_POINT ( 'NONE', #86 ) ;
#1118 = FACE_OUTER_BOUND ( 'NONE', #1765, .T. ) ;
#1119 = VERTEX_POINT ( 'NONE', #365 ) ;
#1120 = DIRECTION ( 'NONE',  ( 0.000000000000000000, 1.000000000000000000, 0.000000000000000000 ) ) ;
#1121 = CARTESIAN_POINT ( 'NONE',  ( -0.1749999999999999889, 0.000000000000000000, -0.3500000000000000888 ) ) ;
#1122 = CARTESIAN_POINT ( 'NONE',  ( 0.6249999999999982236, 0.6900000000000000577, 0.5000000000000000000 ) ) ;
#1123 = DIRECTION ( 'NONE',  ( 0.000000000000000000, -1.000000000000000000, 0.000000000000000000 ) ) ;
#1124 = CARTESIAN_POINT ( 'NONE',  ( -0.1749999999999996558, 0.2000000000000000111, -0.4000000000000001332 ) ) ;
#1125 = EDGE_LOOP ( 'NONE', ( #1905, #1837, #1915, #1208 ) ) ;
#1126 = CARTESIAN_POINT ( 'NONE',  ( 1.000000000000000000, 0.000000000000000000, 0.6249999999999998890 ) ) ;
#1127 = PRESENTATION_LAYER_ASSIGNMENT (  '', '', ( #1009 ) ) ;
#1128 = DIRECTION ( 'NONE',  ( -0.000000000000000000, 1.000000000000000000, -0.000000000000000000 ) ) ;
#1129 = EDGE_LOOP ( 'NONE', ( #1609, #1517, #1524, #1650 ) ) ;
#1130 = CIRCLE ( 'NONE', #423, 0.05000000000000002359 ) ;
#1131 = DIRECTION ( 'NONE',  ( -0.000000000000000000, -1.000000000000000000, -0.000000000000000000 ) ) ;
#1132 = FACE_OUTER_BOUND ( 'NONE', #959, .T. ) ;
#1133 = VECTOR ( 'NONE', #1070, 1000.000000000000000 ) ;
#1134 = ADVANCED_FACE ( 'NONE', ( #1254 ), #1846, .F. ) ;
#1135 = PRODUCT_DEFINITION_CONTEXT ( 'detailed design', #221, 'design' ) ;
#1136 = VECTOR ( 'NONE', #855, 1000.000000000000000 ) ;
#1137 = ORIENTED_EDGE ( 'NONE', *, *, #770, .T. ) ;
#1138 = AXIS2_PLACEMENT_3D ( 'NONE', #1121, #1876, #990 ) ;
#1139 = EDGE_CURVE ( 'NONE', #397, #1832, #1413, .T. ) ;
#1140 = CARTESIAN_POINT ( 'NONE',  ( -0.1749999999999996558, 0.2000000000000000111, -0.4000000000000001332 ) ) ;
#1141 = VERTEX_POINT ( 'NONE', #1488 ) ;
#1142 = EDGE_CURVE ( 'NONE', #1701, #1377, #895, .T. ) ;
#1143 = DIRECTION ( 'NONE',  ( -0.000000000000000000, -1.000000000000000000, -0.000000000000000000 ) ) ;
#1144 = DIRECTION ( 'NONE',  ( 0.000000000000000000, -0.000000000000000000, -1.000000000000000000 ) ) ;
#1145 = EDGE_LOOP ( 'NONE', ( #1717, #1247, #571, #1458 ) ) ;
#1146 = CARTESIAN_POINT ( 'NONE',  ( 1.000000000000000000, 0.2000000000000000111, 0.4000000000000004108 ) ) ;
#1147 = DIRECTION ( 'NONE',  ( 0.000000000000000000, 0.000000000000000000, -1.000000000000000000 ) ) ;
#1148 = APPLICATION_PROTOCOL_DEFINITION ( 'draft international standard', 'automotive_design', 1998, #642 ) ;
#1149 = ADVANCED_FACE ( 'NONE', ( #1207 ), #613, .F. ) ;
#1150 = ORIENTED_EDGE ( 'NONE', *, *, #749, .T. ) ;
#1151 = CARTESIAN_POINT ( 'NONE',  ( -1.000000000000000000, 0.000000000000000000, -0.4000000000000001332 ) ) ;
#1152 = EDGE_LOOP ( 'NONE', ( #991, #1742, #1895, #138 ) ) ;
#1153 = EDGE_CURVE ( 'NONE', #183, #1141, #414, .T. ) ;
#1154 = CARTESIAN_POINT ( 'NONE',  ( 0.7999999999999999334, 0.1000000000000000056, 0.09999999999999995004 ) ) ;
#1155 = EDGE_CURVE ( 'NONE', #437, #476, #1281, .T. ) ;
#1156 = ORIENTED_EDGE ( 'NONE', *, *, #749, .F. ) ;
#1157 = FACE_OUTER_BOUND ( 'NONE', #764, .T. ) ;
#1158 = DIRECTION ( 'NONE',  ( 0.000000000000000000, 0.000000000000000000, 1.000000000000000000 ) ) ;
#1159 = VERTEX_POINT ( 'NONE', #1886 ) ;
#1160 = CARTESIAN_POINT ( 'NONE',  ( -0.1749999999999996558, 0.2000000000000000111, -0.4000000000000001332 ) ) ;
#1161 = ORIENTED_EDGE ( 'NONE', *, *, #253, .T. ) ;
#1162 = DIRECTION ( 'NONE',  ( 1.000000000000000000, 0.000000000000000000, -3.657326945500655768E-16 ) ) ;
#1163 = EDGE_LOOP ( 'NONE', ( #312, #1168, #1452, #1282 ) ) ;
#1164 = CARTESIAN_POINT ( 'NONE',  ( -1.000000000000000000, 0.2000000000000000111, -0.4000000000000001332 ) ) ;
#1165 = CYLINDRICAL_SURFACE ( 'NONE', #14, 0.2499999999999999445 ) ;
#1166 = AXIS2_PLACEMENT_3D ( 'NONE', #1453, #1590, #121 ) ;
#1167 = AXIS2_PLACEMENT_3D ( 'NONE', #1694, #1850, #394 ) ;
#1168 = ORIENTED_EDGE ( 'NONE', *, *, #1448, .F. ) ;
#1169 = VECTOR ( 'NONE', #1792, 1000.000000000000000 ) ;
#1170 = AXIS2_PLACEMENT_3D ( 'NONE', #755, #786, #21 ) ;
#1171 = ORIENTED_EDGE ( 'NONE', *, *, #1081, .F. ) ;
#1172 = EDGE_CURVE ( 'NONE', #1826, #183, #862, .T. ) ;
#1173 = LINE ( 'NONE', #323, #425 ) ;
#1174 = EDGE_LOOP ( 'NONE', ( #1308, #1722, #687, #52 ) ) ;
#1175 = CARTESIAN_POINT ( 'NONE',  ( -0.1714466094067270130, 0.6999999999999999556, 0.5000000000000002220 ) ) ;
#1176 = PLANE ( 'NONE',  #113 ) ;
#1177 = EDGE_CURVE ( 'NONE', #1083, #1029, #750, .T. ) ;
#1178 = ORIENTED_EDGE ( 'NONE', *, *, #624, .T. ) ;
#1179 = EDGE_CURVE ( 'NONE', #646, #633, #558, .T. ) ;
#1180 = VERTEX_POINT ( 'NONE', #1046 ) ;
#1181 = EDGE_CURVE ( 'NONE', #437, #1848, #257, .T. ) ;
#1182 = CARTESIAN_POINT ( 'NONE',  ( 0.1517766952966424776, 2.337306877479661704, -0.4267766952966378646 ) ) ;
#1183 = ORIENTED_EDGE ( 'NONE', *, *, #1748, .T. ) ;
#1184 = DIRECTION ( 'NONE',  ( 1.000000000000000000, 0.000000000000000000, -2.722598501092569276E-16 ) ) ;
#1185 = DIRECTION ( 'NONE',  ( 0.000000000000000000, -1.000000000000000000, 0.000000000000000000 ) ) ;
#1186 = EDGE_LOOP ( 'NONE', ( #1787, #1685, #97, #297 ) ) ;
#1187 = VERTEX_POINT ( 'NONE', #1305 ) ;
#1188 = DIRECTION ( 'NONE',  ( -1.000000000000000000, 0.000000000000000000, -0.000000000000000000 ) ) ;
#1189 = EDGE_LOOP ( 'NONE', ( #1757, #1252, #790, #443 ) ) ;
#1190 = FACE_OUTER_BOUND ( 'NONE', #1595, .T. ) ;
#1191 = PLANE ( 'NONE',  #1914 ) ;
#1192 = MECHANICAL_DESIGN_GEOMETRIC_PRESENTATION_REPRESENTATION (  '', ( #1342 ), #759 ) ;
#1193 = ADVANCED_FACE ( 'NONE', ( #757 ), #117, .F. ) ;
#1194 = CARTESIAN_POINT ( 'NONE',  ( -0.2250000000000000888, 0.2000000000000000111, 0.3499999999999996447 ) ) ;
#1195 = VERTEX_POINT ( 'NONE', #1344 ) ;
#1196 = AXIS2_PLACEMENT_3D ( 'NONE', #1182, #135, #281 ) ;
#1197 = CARTESIAN_POINT ( 'NONE',  ( -0.1749999999999996558, 0.000000000000000000, -0.4000000000000001332 ) ) ;
#1198 = EDGE_CURVE ( 'NONE', #1311, #1379, #1912, .T. ) ;
#1199 = VECTOR ( 'NONE', #596, 1000.000000000000000 ) ;
#1200 = CYLINDRICAL_SURFACE ( 'NONE', #702, 0.2500000000000000000 ) ;
#1201 = EDGE_CURVE ( 'NONE', #1493, #724, #1659, .T. ) ;
#1202 = ORIENTED_EDGE ( 'NONE', *, *, #744, .T. ) ;
#1203 = VECTOR ( 'NONE', #1011, 1000.000000000000000 ) ;
#1204 = PLANE ( 'NONE',  #1716 ) ;
#1205 = CARTESIAN_POINT ( 'NONE',  ( -0.5250000000000000222, 0.000000000000000000, -0.3499999999999998113 ) ) ;
#1206 = CARTESIAN_POINT ( 'NONE',  ( -1.000000000000000000, 0.6999999999999999556, 0.6249999999999998890 ) ) ;
#1207 = FACE_OUTER_BOUND ( 'NONE', #1585, .T. ) ;
#1208 = ORIENTED_EDGE ( 'NONE', *, *, #1155, .T. ) ;
#1209 = CARTESIAN_POINT ( 'NONE',  ( -0.2250000000000000888, 0.2000000000000000111, 0.3499999999999996447 ) ) ;
#1210 = ORIENTED_EDGE ( 'NONE', *, *, #313, .T. ) ;
#1211 = PLANE ( 'NONE',  #43 ) ;
#1212 = CARTESIAN_POINT ( 'NONE',  ( 1.000000000000000000, 0.000000000000000000, -0.09999999999999997780 ) ) ;
#1213 = DIRECTION ( 'NONE',  ( 0.000000000000000000, -1.000000000000000000, 0.000000000000000000 ) ) ;
#1214 = ORIENTED_EDGE ( 'NONE', *, *, #241, .F. ) ;
#1215 = DIRECTION ( 'NONE',  ( 0.000000000000000000, 0.000000000000000000, -1.000000000000000000 ) ) ;
#1216 = DIRECTION ( 'NONE',  ( -1.971276677246372752E-16, -0.000000000000000000, 1.000000000000000000 ) ) ;
#1217 = VERTEX_POINT ( 'NONE', #1630 ) ;
#1218 = CARTESIAN_POINT ( 'NONE',  ( -1.000000000000000000, 0.6999999999999999556, -0.6250000000000001110 ) ) ;
#1219 = DIRECTION ( 'NONE',  ( -0.000000000000000000, 1.000000000000000000, -0.000000000000000000 ) ) ;
#1220 = CARTESIAN_POINT ( 'NONE',  ( 0.8750000000000001110, 0.6900000000000000577, -0.2499999999999983347 ) ) ;
#1221 = CARTESIAN_POINT ( 'NONE',  ( -1.000000000000000000, 0.000000000000000000, 0.3999999999999999112 ) ) ;
#1222 = ORIENTED_EDGE ( 'NONE', *, *, #169, .T. ) ;
#1223 = EDGE_CURVE ( 'NONE', #103, #1826, #598, .T. ) ;
#1224 = CLOSED_SHELL ( 'NONE', ( #603, #1885, #804, #1578, #1030, #420, #1511, #188, #1504, #693, #1149, #477 ) ) ;
#1225 = FACE_OUTER_BOUND ( 'NONE', #1692, .T. ) ;
#1226 = AXIS2_PLACEMENT_3D ( 'NONE', #1664, #1052, #1789 ) ;
#1227 = LINE ( 'NONE', #1670, #170 ) ;
#1228 = AXIS2_PLACEMENT_3D ( 'NONE', #1825, #1863, #937 ) ;
#1229 = EDGE_LOOP ( 'NONE', ( #446, #448, #1274, #1420 ) ) ;
#1230 = AXIS2_PLACEMENT_3D ( 'NONE', #968, #1270, #1147 ) ;
#1231 = PRESENTATION_STYLE_ASSIGNMENT (( #639 ) ) ;
#1232 = DIRECTION ( 'NONE',  ( 0.000000000000000000, -1.000000000000000000, 0.000000000000000000 ) ) ;
#1233 = VECTOR ( 'NONE', #38, 1000.000000000000000 ) ;
#1234 = DIRECTION ( 'NONE',  ( 0.000000000000000000, -0.000000000000000000, -1.000000000000000000 ) ) ;
#1235 = CARTESIAN_POINT ( 'NONE',  ( 0.3285533905932784271, 0.6900000000000000577, -0.5000000000000000000 ) ) ;
#1236 = ORIENTED_EDGE ( 'NONE', *, *, #744, .F. ) ;
#1237 = ADVANCED_FACE ( 'NONE', ( #1747 ), #459, .F. ) ;
#1238 = CARTESIAN_POINT ( 'NONE',  ( 1.000000000000000000, 0.000000000000000000, 0.4000000000000004108 ) ) ;
#1239 = VERTEX_POINT ( 'NONE', #92 ) ;
#1240 = DIRECTION ( 'NONE',  ( -0.000000000000000000, -1.000000000000000000, -0.000000000000000000 ) ) ;
#1241 = DIRECTION ( 'NONE',  ( 0.000000000000000000, -1.000000000000000000, 0.000000000000000000 ) ) ;
#1242 = DIRECTION ( 'NONE',  ( 0.000000000000000000, 0.000000000000000000, 1.000000000000000000 ) ) ;
#1243 = ORIENTED_EDGE ( 'NONE', *, *, #26, .T. ) ;
#1244 = EDGE_LOOP ( 'NONE', ( #1339, #1931, #659, #706 ) ) ;
#1245 = DIRECTION ( 'NONE',  ( -0.000000000000000000, 1.000000000000000000, -0.000000000000000000 ) ) ;
#1246 = DIRECTION ( 'NONE',  ( -0.000000000000000000, -1.000000000000000000, -0.000000000000000000 ) ) ;
#1247 = ORIENTED_EDGE ( 'NONE', *, *, #761, .T. ) ;
#1248 = EDGE_CURVE ( 'NONE', #1575, #131, #1480, .T. ) ;
#1249 = CARTESIAN_POINT ( 'NONE',  ( 1.000000000000000000, 0.2000000000000000111, -0.4000000000000001887 ) ) ;
#1250 = DIRECTION ( 'NONE',  ( 2.722598501092569276E-16, 0.000000000000000000, 1.000000000000000000 ) ) ;
#1251 = CARTESIAN_POINT ( 'NONE',  ( 0.6250000000000000000, 0.6999999999999999556, 0.2500000000000000555 ) ) ;
#1252 = ORIENTED_EDGE ( 'NONE', *, *, #1396, .F. ) ;
#1253 = PLANE ( 'NONE',  #574 ) ;
#1254 = FACE_OUTER_BOUND ( 'NONE', #580, .T. ) ;
#1255 = AXIS2_PLACEMENT_3D ( 'NONE', #711, #1626, #1891 ) ;
#1256 = ORIENTED_EDGE ( 'NONE', *, *, #1710, .T. ) ;
#1257 = ADVANCED_FACE ( 'NONE', ( #1738 ), #403, .F. ) ;
#1258 = CIRCLE ( 'NONE', #207, 0.2500000000000002220 ) ;
#1259 = VECTOR ( 'NONE', #771, 1000.000000000000000 ) ;
#1260 = FACE_OUTER_BOUND ( 'NONE', #87, .T. ) ;
#1261 = AXIS2_PLACEMENT_3D ( 'NONE', #168, #954, #339 ) ;
#1262 = FACE_OUTER_BOUND ( 'NONE', #1186, .T. ) ;
#1263 = VERTEX_POINT ( 'NONE', #704 ) ;
#1264 = EDGE_CURVE ( 'NONE', #1701, #280, #204, .T. ) ;
#1265 = CARTESIAN_POINT ( 'NONE',  ( 1.000000000000000000, 0.000000000000000000, 0.4000000000000004108 ) ) ;
#1266 = ORIENTED_EDGE ( 'NONE', *, *, #1419, .T. ) ;
#1267 = DIRECTION ( 'NONE',  ( 0.000000000000000000, -1.000000000000000000, 0.000000000000000000 ) ) ;
#1268 = CARTESIAN_POINT ( 'NONE',  ( 0.8750000000000001110, 0.5000000000000000000, -0.2499999999999983347 ) ) ;
#1269 = DIRECTION ( 'NONE',  ( 0.000000000000000000, -1.000000000000000000, 0.000000000000000000 ) ) ;
#1270 = DIRECTION ( 'NONE',  ( 0.000000000000000000, 1.000000000000000000, -0.000000000000000000 ) ) ;
#1271 = CARTESIAN_POINT ( 'NONE',  ( 0.6249999999999982236, 0.5000000000000000000, -0.5000000000000001110 ) ) ;
#1272 = ORIENTED_EDGE ( 'NONE', *, *, #1477, .T. ) ;
#1273 = CARTESIAN_POINT ( 'NONE',  ( 1.000000000000000000, 0.2000000000000000111, -0.4000000000000001887 ) ) ;
#1274 = ORIENTED_EDGE ( 'NONE', *, *, #1106, .F. ) ;
#1275 = DIRECTION ( 'NONE',  ( 0.000000000000000000, -0.000000000000000000, -1.000000000000000000 ) ) ;
#1276 = CARTESIAN_POINT ( 'NONE',  ( 0.8750000000000001110, 0.6999999999999999556, -0.2499999999999983347 ) ) ;
#1277 = EDGE_CURVE ( 'NONE', #724, #397, #780, .T. ) ;
#1278 = EDGE_CURVE ( 'NONE', #1379, #1393, #1077, .T. ) ;
#1279 = ORIENTED_EDGE ( 'NONE', *, *, #774, .T. ) ;
#1280 = MANIFOLD_SOLID_BREP ( 'Cut-Extrude3[1]', #39 ) ;
#1281 = LINE ( 'NONE', #1334, #578 ) ;
#1282 = ORIENTED_EDGE ( 'NONE', *, *, #1830, .T. ) ;
#1283 = CLOSED_SHELL ( 'NONE', ( #17, #1008, #1720, #722, #947, #318, #156, #1193, #1405, #741 ) ) ;
#1284 = DIRECTION ( 'NONE',  ( 0.000000000000000000, 0.000000000000000000, -1.000000000000000000 ) ) ;
#1285 = MECHANICAL_DESIGN_GEOMETRIC_PRESENTATION_REPRESENTATION (  '', ( #205 ), #952 ) ;
#1286 = LINE ( 'NONE', #532, #581 ) ;
#1287 = ORIENTED_EDGE ( 'NONE', *, *, #1369, .F. ) ;
#1288 = EDGE_CURVE ( 'NONE', #1311, #88, #503, .T. ) ;
#1289 = VECTOR ( 'NONE', #956, 1000.000000000000000 ) ;
#1290 = DIRECTION ( 'NONE',  ( -0.000000000000000000, -1.000000000000000000, -0.000000000000000000 ) ) ;
#1291 = CARTESIAN_POINT ( 'NONE',  ( -0.7250000000000024203, 0.2000000000000000111, 0.3999999999999999112 ) ) ;
#1292 = AXIS2_PLACEMENT_3D ( 'NONE', #126, #436, #851 ) ;
#1293 = UNCERTAINTY_MEASURE_WITH_UNIT (LENGTH_MEASURE( 1.000000000000000082E-05 ), #670, 'distance_accuracy_value', 'NONE');
#1294 = CIRCLE ( 'NONE', #861, 0.05000000000000002359 ) ;
#1295 = EDGE_LOOP ( 'NONE', ( #723, #590, #349, #971 ) ) ;
#1296 = VECTOR ( 'NONE', #980, 1000.000000000000000 ) ;
#1297 = DIRECTION ( 'NONE',  ( -0.000000000000000000, -1.000000000000000000, -0.000000000000000000 ) ) ;
#1298 = ORIENTED_EDGE ( 'NONE', *, *, #1477, .F. ) ;
#1299 = DIRECTION ( 'NONE',  ( 0.000000000000000000, 0.000000000000000000, -1.000000000000000000 ) ) ;
#1300 = EDGE_LOOP ( 'NONE', ( #1617, #69, #500, #930, #194, #842, #1358, #614 ) ) ;
#1301 = CARTESIAN_POINT ( 'NONE',  ( -0.1749999999999997669, 0.2000000000000000111, 0.4000000000000000222 ) ) ;
#1302 = CARTESIAN_POINT ( 'NONE',  ( 0.8750000000000000000, 0.6999999999999999556, 0.2499999999999982236 ) ) ;
#1303 = APPLICATION_PROTOCOL_DEFINITION ( 'draft international standard', 'automotive_design', 1998, #221 ) ;
#1304 = ORIENTED_EDGE ( 'NONE', *, *, #1479, .F. ) ;
#1305 = CARTESIAN_POINT ( 'NONE',  ( -1.000000000000000000, 0.000000000000000000, 0.3000000000000000444 ) ) ;
#1306 = VERTEX_POINT ( 'NONE', #1097 ) ;
#1307 = DIRECTION ( 'NONE',  ( -1.000000000000000000, 0.000000000000000000, -0.000000000000000000 ) ) ;
#1308 = ORIENTED_EDGE ( 'NONE', *, *, #1657, .F. ) ;
#1309 = DIRECTION ( 'NONE',  ( 0.000000000000000000, 1.000000000000000000, 0.000000000000000000 ) ) ;
#1310 = CARTESIAN_POINT ( 'NONE',  ( -0.5250000000000000222, 0.2000000000000000111, 0.1999999999999999001 ) ) ;
#1311 = VERTEX_POINT ( 'NONE', #663 ) ;
#1312 = ORIENTED_EDGE ( 'NONE', *, *, #1899, .T. ) ;
#1313 = DIRECTION ( 'NONE',  ( 0.000000000000000000, -1.000000000000000000, 0.000000000000000000 ) ) ;
#1314 = EDGE_CURVE ( 'NONE', #1558, #1927, #1647, .T. ) ;
#1315 = VERTEX_POINT ( 'NONE', #218 ) ;
#1316 = AXIS2_PLACEMENT_3D ( 'NONE', #917, #27, #773 ) ;
#1317 = EDGE_CURVE ( 'NONE', #1481, #703, #1684, .T. ) ;
#1318 = CARTESIAN_POINT ( 'NONE',  ( -0.1749999999999999889, 0.2000000000000000111, -0.3500000000000000888 ) ) ;
#1319 = LINE ( 'NONE', #1333, #736 ) ;
#1320 = VECTOR ( 'NONE', #54, 1000.000000000000000 ) ;
#1321 = VECTOR ( 'NONE', #1597, 1000.000000000000000 ) ;
#1322 = EDGE_LOOP ( 'NONE', ( #1636, #592, #1178, #248 ) ) ;
#1323 = CIRCLE ( 'NONE', #362, 0.05000000000000002359 ) ;
#1324 = VERTEX_POINT ( 'NONE', #1221 ) ;
#1325 = PLANE ( 'NONE',  #1347 ) ;
#1326 = ORIENTED_EDGE ( 'NONE', *, *, #1888, .F. ) ;
#1327 = CARTESIAN_POINT ( 'NONE',  ( -1.000000000000000000, 0.000000000000000000, 0.6249999999999998890 ) ) ;
#1328 = DIRECTION ( 'NONE',  ( -1.971276677246372752E-16, -0.000000000000000000, 1.000000000000000000 ) ) ;
#1329 = VERTEX_POINT ( 'NONE', #958 ) ;
#1330 = ORIENTED_EDGE ( 'NONE', *, *, #45, .F. ) ;
#1331 = ORIENTED_EDGE ( 'NONE', *, *, #521, .T. ) ;
#1332 = DIRECTION ( 'NONE',  ( 0.000000000000000000, -0.000000000000000000, 1.000000000000000000 ) ) ;
#1333 = CARTESIAN_POINT ( 'NONE',  ( -1.000000000000000000, 0.2000000000000000111, 0.3999999999999999112 ) ) ;
#1334 = CARTESIAN_POINT ( 'NONE',  ( -0.7999999999999999334, 0.1000000000000000056, -0.09999999999999995004 ) ) ;
#1335 = EDGE_LOOP ( 'NONE', ( #554, #1399, #881, #1256 ) ) ;
#1336 = EDGE_CURVE ( 'NONE', #1580, #66, #1545, .T. ) ;
#1337 = DIRECTION ( 'NONE',  ( -0.000000000000000000, -1.000000000000000000, -0.000000000000000000 ) ) ;
#1338 = DIRECTION ( 'NONE',  ( -0.000000000000000000, -1.000000000000000000, -0.000000000000000000 ) ) ;
#1339 = ORIENTED_EDGE ( 'NONE', *, *, #1859, .F. ) ;
#1340 = LINE ( 'NONE', #777, #236 ) ;
#1341 = CARTESIAN_POINT ( 'NONE',  ( -0.1749999999999996558, 0.000000000000000000, -0.4000000000000001332 ) ) ;
#1342 = STYLED_ITEM ( 'NONE', ( #1048 ), #8 ) ;
#1343 = CARTESIAN_POINT ( 'NONE',  ( -0.1749999999999999889, 0.000000000000000000, -0.3500000000000000888 ) ) ;
#1344 = CARTESIAN_POINT ( 'NONE',  ( 0.6249999999999982236, 0.6999999999999999556, -0.5000000000000001110 ) ) ;
#1345 = VECTOR ( 'NONE', #465, 1000.000000000000000 ) ;
#1346 = ORIENTED_EDGE ( 'NONE', *, *, #909, .F. ) ;
#1347 = AXIS2_PLACEMENT_3D ( 'NONE', #889, #579, #1307 ) ;
#1348 = EDGE_CURVE ( 'NONE', #415, #231, #192, .T. ) ;
#1349 = VECTOR ( 'NONE', #1246, 1000.000000000000000 ) ;
#1350 =( NAMED_UNIT ( * ) SI_UNIT ( $, .STERADIAN. ) SOLID_ANGLE_UNIT ( ) );
#1351 = VECTOR ( 'NONE', #1858, 1000.000000000000000 ) ;
#1352 = FACE_OUTER_BOUND ( 'NONE', #549, .T. ) ;
#1353 = ORIENTED_EDGE ( 'NONE', *, *, #1049, .T. ) ;
#1354 = CARTESIAN_POINT ( 'NONE',  ( 0.6249999999999982236, 0.5000000000000000000, -0.5000000000000001110 ) ) ;
#1355 = LINE ( 'NONE', #941, #1017 ) ;
#1356 = CARTESIAN_POINT ( 'NONE',  ( 1.000000000000000000, 0.000000000000000000, 0.6249999999999998890 ) ) ;
#1357 = SURFACE_STYLE_USAGE ( .BOTH. , #331 ) ;
#1358 = ORIENTED_EDGE ( 'NONE', *, *, #137, .F. ) ;
#1359 = FILL_AREA_STYLE ('',( #782 ) ) ;
#1360 = DIRECTION ( 'NONE',  ( 0.000000000000000000, 0.000000000000000000, -1.000000000000000000 ) ) ;
#1361 = ORIENTED_EDGE ( 'NONE', *, *, #1592, .F. ) ;
#1362 = ADVANCED_FACE ( 'NONE', ( #1820 ), #1498, .T. ) ;
#1363 = CARTESIAN_POINT ( 'NONE',  ( -0.2250000000000000056, 0.2000000000000000111, -0.3499999999999997002 ) ) ;
#1364 = CARTESIAN_POINT ( 'NONE',  ( 1.000000000000000000, 0.000000000000000000, 0.6249999999999998890 ) ) ;
#1365 = DIRECTION ( 'NONE',  ( -0.000000000000000000, -1.000000000000000000, -0.000000000000000000 ) ) ;
#1366 = DIRECTION ( 'NONE',  ( 0.000000000000000000, 0.000000000000000000, -1.000000000000000000 ) ) ;
#1367 = ORIENTED_EDGE ( 'NONE', *, *, #570, .T. ) ;
#1368 = SURFACE_SIDE_STYLE ('',( #469 ) ) ;
#1369 = EDGE_CURVE ( 'NONE', #1159, #125, #1811, .T. ) ;
#1370 = DIRECTION ( 'NONE',  ( -1.548860246407864815E-16, 0.000000000000000000, 1.000000000000000000 ) ) ;
#1371 = ORIENTED_EDGE ( 'NONE', *, *, #1822, .T. ) ;
#1372 = SURFACE_STYLE_FILL_AREA ( #785 ) ;
#1373 = EDGE_CURVE ( 'NONE', #1078, #546, #927, .T. ) ;
#1374 = CARTESIAN_POINT ( 'NONE',  ( -0.1749999999999996558, 0.000000000000000000, -0.4000000000000001332 ) ) ;
#1375 = DIRECTION ( 'NONE',  ( 0.000000000000000000, -1.000000000000000000, 0.000000000000000000 ) ) ;
#1376 = CARTESIAN_POINT ( 'NONE',  ( 0.8750000000000000000, 0.5000000000000000000, 0.2499999999999982236 ) ) ;
#1377 = VERTEX_POINT ( 'NONE', #645 ) ;
#1378 = VECTOR ( 'NONE', #210, 1000.000000000000000 ) ;
#1379 = VERTEX_POINT ( 'NONE', #1235 ) ;
#1380 = AXIS2_PLACEMENT_3D ( 'NONE', #338, #316, #1518 ) ;
#1381 = PLANE ( 'NONE',  #1629 ) ;
#1382 = AXIS2_PLACEMENT_3D ( 'NONE', #625, #783, #462 ) ;
#1383 = EDGE_LOOP ( 'NONE', ( #626, #372, #606, #1815 ) ) ;
#1384 = VECTOR ( 'NONE', #841, 1000.000000000000000 ) ;
#1385 = CARTESIAN_POINT ( 'NONE',  ( 1.000000000000000000, 0.2000000000000000111, 0.4000000000000004108 ) ) ;
#1386 = CARTESIAN_POINT ( 'NONE',  ( -0.1714466094067267077, 0.5000000000000000000, 0.2500000000000000000 ) ) ;
#1387 = VECTOR ( 'NONE', #1468, 1000.000000000000000 ) ;
#1388 = CARTESIAN_POINT ( 'NONE',  ( -0.5749999999999999556, 0.2000000000000000111, -0.3500000000000001443 ) ) ;
#1389 = PRESENTATION_STYLE_ASSIGNMENT (( #1357 ) ) ;
#1390 = ORIENTED_EDGE ( 'NONE', *, *, #1090, .F. ) ;
#1391 = CARTESIAN_POINT ( 'NONE',  ( -1.000000000000000000, 0.6999999999999999556, -0.6250000000000001110 ) ) ;
#1392 = DIRECTION ( 'NONE',  ( -0.000000000000000000, -1.000000000000000000, -0.000000000000000000 ) ) ;
#1393 = VERTEX_POINT ( 'NONE', #497 ) ;
#1394 = FACE_OUTER_BOUND ( 'NONE', #1335, .T. ) ;
#1395 = DIRECTION ( 'NONE',  ( -0.000000000000000000, -1.000000000000000000, -0.000000000000000000 ) ) ;
#1396 = EDGE_CURVE ( 'NONE', #575, #1195, #1675, .T. ) ;
#1397 = FACE_OUTER_BOUND ( 'NONE', #161, .T. ) ;
#1398 = DIRECTION ( 'NONE',  ( 1.000000000000000000, 0.000000000000000000, 0.000000000000000000 ) ) ;
#1399 = ORIENTED_EDGE ( 'NONE', *, *, #1139, .F. ) ;
#1400 = CARTESIAN_POINT ( 'NONE',  ( -0.2250000000000000888, 0.000000000000000000, 0.3499999999999996447 ) ) ;
#1401 = DIRECTION ( 'NONE',  ( 0.000000000000000000, 0.000000000000000000, 1.000000000000000000 ) ) ;
#1402 = EDGE_LOOP ( 'NONE', ( #19, #650, #1749, #1020, #945, #1361 ) ) ;
#1403 = PLANE ( 'NONE',  #1633 ) ;
#1404 = LINE ( 'NONE', #72, #950 ) ;
#1405 = ADVANCED_FACE ( 'NONE', ( #1854 ), #1699, .T. ) ;
#1406 = DIRECTION ( 'NONE',  ( 0.000000000000000000, -1.000000000000000000, 0.000000000000000000 ) ) ;
#1407 = VECTOR ( 'NONE', #898, 1000.000000000000000 ) ;
#1408 = DIRECTION ( 'NONE',  ( 0.000000000000000000, -0.000000000000000000, -1.000000000000000000 ) ) ;
#1409 = VECTOR ( 'NONE', #1703, 1000.000000000000000 ) ;
#1410 = ORIENTED_EDGE ( 'NONE', *, *, #1431, .F. ) ;
#1411 = DIRECTION ( 'NONE',  ( -0.7071067811865516806, -0.000000000000000000, 0.7071067811865434649 ) ) ;
#1412 = LINE ( 'NONE', #1426, #805 ) ;
#1413 = CIRCLE ( 'NONE', #1603, 0.2000000000000000944 ) ;
#1414 = PLANE ( 'NONE',  #136 ) ;
#1415 = VECTOR ( 'NONE', #1128, 1000.000000000000000 ) ;
#1416 = DIRECTION ( 'NONE',  ( 0.000000000000000000, 0.000000000000000000, -1.000000000000000000 ) ) ;
#1417 = CARTESIAN_POINT ( 'NONE',  ( 1.000000000000000000, 0.1000000000000000056, 0.4000000000000004108 ) ) ;
#1418 = VERTEX_POINT ( 'NONE', #385 ) ;
#1419 = EDGE_CURVE ( 'NONE', #864, #1040, #607, .T. ) ;
#1420 = ORIENTED_EDGE ( 'NONE', *, *, #1788, .T. ) ;
#1421 = LINE ( 'NONE', #1711, #1843 ) ;
#1422 = DIRECTION ( 'NONE',  ( 0.000000000000000000, 0.000000000000000000, -1.000000000000000000 ) ) ;
#1423 = ORIENTED_EDGE ( 'NONE', *, *, #463, .T. ) ;
#1424 = DIRECTION ( 'NONE',  ( -1.000000000000000000, 0.000000000000000000, 4.613626265895765778E-17 ) ) ;
#1425 = ORIENTED_EDGE ( 'NONE', *, *, #859, .T. ) ;
#1426 = CARTESIAN_POINT ( 'NONE',  ( 0.1517766952966424499, 0.5000000000000000000, -0.4267766952966378091 ) ) ;
#1427 = ORIENTED_EDGE ( 'NONE', *, *, #1925, .T. ) ;
#1428 = EDGE_CURVE ( 'NONE', #293, #1117, #1712, .T. ) ;
#1429 = CARTESIAN_POINT ( 'NONE',  ( -1.000000000000000000, 0.1000000000000000056, -0.3000000000000000444 ) ) ;
#1430 = CARTESIAN_POINT ( 'NONE',  ( 0.1517766952966424499, 0.6999999999999999556, -0.4267766952966378091 ) ) ;
#1431 = EDGE_CURVE ( 'NONE', #118, #380, #1472, .T. ) ;
#1432 = SURFACE_SIDE_STYLE ('',( #1883 ) ) ;
#1433 = EDGE_LOOP ( 'NONE', ( #409, #935, #498, #1367, #1266, #1312, #1671, #1331 ) ) ;
#1434 = DIRECTION ( 'NONE',  ( 1.000000000000000000, 0.000000000000000000, -0.000000000000000000 ) ) ;
#1435 = VERTEX_POINT ( 'NONE', #235 ) ;
#1436 = VECTOR ( 'NONE', #60, 1000.000000000000000 ) ;
#1437 = CARTESIAN_POINT ( 'NONE',  ( -0.5749999999999999556, 0.2000000000000000111, -0.3500000000000001443 ) ) ;
#1438 = VECTOR ( 'NONE', #982, 1000.000000000000000 ) ;
#1439 = VERTEX_POINT ( 'NONE', #1276 ) ;
#1440 = VECTOR ( 'NONE', #35, 1000.000000000000000 ) ;
#1441 = CARTESIAN_POINT ( 'NONE',  ( -0.5250000000000000222, 0.2000000000000000111, -0.3499999999999998113 ) ) ;
#1442 = CARTESIAN_POINT ( 'NONE',  ( -0.3482233047033629347, 0.5000000000000000000, 0.07322330470336226027 ) ) ;
#1443 = VECTOR ( 'NONE', #1831, 1000.000000000000000 ) ;
#1444 = SHAPE_DEFINITION_REPRESENTATION ( #1520, #586 ) ;
#1445 = UNCERTAINTY_MEASURE_WITH_UNIT (LENGTH_MEASURE( 1.000000000000000082E-05 ), #1512, 'distance_accuracy_value', 'NONE');
#1446 = AXIS2_PLACEMENT_3D ( 'NONE', #1001, #379, #534 ) ;
#1447 = ORIENTED_EDGE ( 'NONE', *, *, #1317, .F. ) ;
#1448 = EDGE_CURVE ( 'NONE', #25, #508, #228, .T. ) ;
#1449 = CARTESIAN_POINT ( 'NONE',  ( -1.000000000000000000, 0.6999999999999999556, 0.6249999999999998890 ) ) ;
#1450 = ORIENTED_EDGE ( 'NONE', *, *, #1622, .T. ) ;
#1451 = PLANE ( 'NONE',  #1292 ) ;
#1452 = ORIENTED_EDGE ( 'NONE', *, *, #655, .T. ) ;
#1453 = CARTESIAN_POINT ( 'NONE',  ( -0.1750000000000000722, 0.2000000000000000111, 0.3500000000000000333 ) ) ;
#1454 = CARTESIAN_POINT ( 'NONE',  ( -0.1714466094067271795, 2.337306877479661704, 0.5000000000000002220 ) ) ;
#1455 = EDGE_CURVE ( 'NONE', #380, #833, #838, .T. ) ;
#1456 = ORIENTED_EDGE ( 'NONE', *, *, #79, .T. ) ;
#1457 = ADVANCED_FACE ( 'NONE', ( #1562 ), #1591, .F. ) ;
#1458 = ORIENTED_EDGE ( 'NONE', *, *, #545, .T. ) ;
#1459 = VERTEX_POINT ( 'NONE', #84 ) ;
#1460 = CYLINDRICAL_SURFACE ( 'NONE', #1255, 0.05000000000000002359 ) ;
#1461 = FACE_OUTER_BOUND ( 'NONE', #1189, .T. ) ;
#1462 = VERTEX_POINT ( 'NONE', #1735 ) ;
#1463 = EDGE_LOOP ( 'NONE', ( #528, #382, #794, #285 ) ) ;
#1464 = FACE_OUTER_BOUND ( 'NONE', #844, .T. ) ;
#1465 = ORIENTED_EDGE ( 'NONE', *, *, #799, .F. ) ;
#1466 = COLOUR_RGB ( '',1.000000000000000000, 0.8117647058823529438, 0.5019607843137254832 ) ;
#1467 = CARTESIAN_POINT ( 'NONE',  ( -1.000000000000000000, 0.6999999999999999556, 0.6249999999999998890 ) ) ;
#1468 = DIRECTION ( 'NONE',  ( 0.000000000000000000, 0.000000000000000000, -1.000000000000000000 ) ) ;
#1469 = AXIS2_PLACEMENT_3D ( 'NONE', #410, #1000, #167 ) ;
#1470 = VECTOR ( 'NONE', #1143, 1000.000000000000000 ) ;
#1471 = ORIENTED_EDGE ( 'NONE', *, *, #306, .T. ) ;
#1472 = CIRCLE ( 'NONE', #1723, 0.2500000000000000000 ) ;
#1473 = EDGE_LOOP ( 'NONE', ( #1287, #392, #1371, #1183, #877, #1033, #1864, #637, #1589, #559 ) ) ;
#1474 = CARTESIAN_POINT ( 'NONE',  ( 0.3285533905932784271, 0.5000000000000000000, -0.5000000000000000000 ) ) ;
#1475 = ORIENTED_EDGE ( 'NONE', *, *, #1278, .T. ) ;
#1476 = CARTESIAN_POINT ( 'NONE',  ( 0.6250000000000000000, 0.6900000000000000577, 0.2500000000000000555 ) ) ;
#1477 = EDGE_CURVE ( 'NONE', #103, #4, #1572, .T. ) ;
#1478 = FACE_OUTER_BOUND ( 'NONE', #1229, .T. ) ;
#1479 = EDGE_CURVE ( 'NONE', #1927, #1763, #1294, .T. ) ;
#1480 = LINE ( 'NONE', #1151, #830 ) ;
#1481 = VERTEX_POINT ( 'NONE', #993 ) ;
#1482 = LINE ( 'NONE', #153, #793 ) ;
#1483 = CARTESIAN_POINT ( 'NONE',  ( -0.5250000000000000222, 0.2000000000000000111, -0.3499999999999998113 ) ) ;
#1484 = VERTEX_POINT ( 'NONE', #1442 ) ;
#1485 = CARTESIAN_POINT ( 'NONE',  ( -0.1749999999999996558, 0.2000000000000000111, -0.4000000000000001332 ) ) ;
#1486 = EDGE_CURVE ( 'NONE', #1263, #703, #73, .T. ) ;
#1487 = DIRECTION ( 'NONE',  ( -0.000000000000000000, -1.000000000000000000, -0.000000000000000000 ) ) ;
#1488 = CARTESIAN_POINT ( 'NONE',  ( 1.000000000000000000, 0.000000000000000000, -0.3000000000000000999 ) ) ;
#1489 = ORIENTED_EDGE ( 'NONE', *, *, #226, .F. ) ;
#1490 = ADVANCED_FACE ( 'NONE', ( #1262 ), #527, .F. ) ;
#1491 = CARTESIAN_POINT ( 'NONE',  ( -0.1749999999999996558, 0.2000000000000000111, -0.4000000000000001332 ) ) ;
#1492 = CARTESIAN_POINT ( 'NONE',  ( -0.1749999999999997669, 0.2000000000000000111, 0.4000000000000000777 ) ) ;
#1493 = VERTEX_POINT ( 'NONE', #542 ) ;
#1494 = FILL_AREA_STYLE_COLOUR ( '', #544 ) ;
#1495 = DIRECTION ( 'NONE',  ( 0.000000000000000000, 0.000000000000000000, -1.000000000000000000 ) ) ;
#1496 = AXIS2_PLACEMENT_3D ( 'NONE', #340, #1086, #1646 ) ;
#1497 = LINE ( 'NONE', #474, #669 ) ;
#1498 = PLANE ( 'NONE',  #330 ) ;
#1499 = VECTOR ( 'NONE', #699, 1000.000000000000000 ) ;
#1500 = ORIENTED_EDGE ( 'NONE', *, *, #1695, .F. ) ;
#1501 = AXIS2_PLACEMENT_3D ( 'NONE', #287, #865, #1907 ) ;
#1502 = AXIS2_PLACEMENT_3D ( 'NONE', #1930, #694, #311 ) ;
#1503 = FILL_AREA_STYLE ('',( #195 ) ) ;
#1504 = ADVANCED_FACE ( 'NONE', ( #1861 ), #1116, .F. ) ;
#1505 = CIRCLE ( 'NONE', #1784, 0.2499999999999999445 ) ;
#1506 = CARTESIAN_POINT ( 'NONE',  ( 0.8750000000000001110, 2.337306877479661704, -0.2499999999999983347 ) ) ;
#1507 = ORIENTED_EDGE ( 'NONE', *, *, #1737, .F. ) ;
#1508 = CARTESIAN_POINT ( 'NONE',  ( 0.8750000000000000000, 0.6900000000000000577, 0.2500000000000000555 ) ) ;
#1509 = DIRECTION ( 'NONE',  ( 0.000000000000000000, -0.000000000000000000, -1.000000000000000000 ) ) ;
#1510 = DIRECTION ( 'NONE',  ( 0.000000000000000000, -1.000000000000000000, 0.000000000000000000 ) ) ;
#1511 = ADVANCED_FACE ( 'NONE', ( #1132 ), #114, .F. ) ;
#1512 =( LENGTH_UNIT ( ) NAMED_UNIT ( * ) SI_UNIT ( .MILLI., .METRE. ) );
#1513 = ORIENTED_EDGE ( 'NONE', *, *, #264, .T. ) ;
#1514 = LINE ( 'NONE', #1525, #1407 ) ;
#1515 = EDGE_CURVE ( 'NONE', #1565, #646, #700, .T. ) ;
#1516 = LINE ( 'NONE', #3, #1133 ) ;
#1517 = ORIENTED_EDGE ( 'NONE', *, *, #634, .F. ) ;
#1518 = DIRECTION ( 'NONE',  ( 0.000000000000000000, 0.000000000000000000, 1.000000000000000000 ) ) ;
#1519 = FACE_OUTER_BOUND ( 'NONE', #1174, .T. ) ;
#1520 = PRODUCT_DEFINITION_SHAPE ( 'NONE', 'NONE',  #1669 ) ;
#1521 = EDGE_CURVE ( 'NONE', #860, #1593, #1505, .T. ) ;
#1522 = FACE_OUTER_BOUND ( 'NONE', #1877, .T. ) ;
#1523 = SURFACE_STYLE_FILL_AREA ( #913 ) ;
#1524 = ORIENTED_EDGE ( 'NONE', *, *, #1899, .F. ) ;
#1525 = CARTESIAN_POINT ( 'NONE',  ( -0.5250000000000000222, 0.2000000000000000111, -0.3499999999999998113 ) ) ;
#1526 = LINE ( 'NONE', #1563, #1349 ) ;
#1527 = ORIENTED_EDGE ( 'NONE', *, *, #169, .F. ) ;
#1528 = LINE ( 'NONE', #1363, #1320 ) ;
#1529 = CARTESIAN_POINT ( 'NONE',  ( -0.1750000000000000722, 0.000000000000000000, 0.3500000000000000333 ) ) ;
#1530 = DIRECTION ( 'NONE',  ( 0.000000000000000000, -1.000000000000000000, 0.000000000000000000 ) ) ;
#1531 = CARTESIAN_POINT ( 'NONE',  ( 0.7999999999999999334, 0.1000000000000000056, 0.09999999999999995004 ) ) ;
#1532 = ORIENTED_EDGE ( 'NONE', *, *, #219, .T. ) ;
#1533 = PRESENTATION_LAYER_ASSIGNMENT (  '', '', ( #1342 ) ) ;
#1534 = VECTOR ( 'NONE', #275, 1000.000000000000000 ) ;
#1535 = CARTESIAN_POINT ( 'NONE',  ( 0.1517766952966424499, 0.5000000000000000000, -0.4267766952966378091 ) ) ;
#1536 = VECTOR ( 'NONE', #1338, 1000.000000000000000 ) ;
#1537 = CARTESIAN_POINT ( 'NONE',  ( 1.000000000000000000, 0.6999999999999999556, 0.6249999999999998890 ) ) ;
#1538 = VECTOR ( 'NONE', #1162, 1000.000000000000000 ) ;
#1539 = EDGE_CURVE ( 'NONE', #864, #118, #515, .T. ) ;
#1540 = ORIENTED_EDGE ( 'NONE', *, *, #405, .T. ) ;
#1541 = VECTOR ( 'NONE', #1576, 1000.000000000000000 ) ;
#1542 = CARTESIAN_POINT ( 'NONE',  ( 1.000000000000000000, 0.2000000000000000111, 0.4000000000000004108 ) ) ;
#1543 = ADVANCED_FACE ( 'NONE', ( #445 ), #1176, .T. ) ;
#1544 = FACE_BOUND ( 'NONE', #374, .T. ) ;
#1545 = LINE ( 'NONE', #813, #77 ) ;
#1546 = ORIENTED_EDGE ( 'NONE', *, *, #202, .T. ) ;
#1547 = ADVANCED_FACE ( 'NONE', ( #310 ), #1191, .F. ) ;
#1548 = ORIENTED_EDGE ( 'NONE', *, *, #1288, .F. ) ;
#1549 = DIRECTION ( 'NONE',  ( 1.000000000000000000, -0.000000000000000000, 0.000000000000000000 ) ) ;
#1550 = CARTESIAN_POINT ( 'NONE',  ( -0.1714466094067271795, 2.337306877479661704, 0.5000000000000002220 ) ) ;
#1551 = ORIENTED_EDGE ( 'NONE', *, *, #1604, .T. ) ;
#1552 = CARTESIAN_POINT ( 'NONE',  ( 1.000000000000000000, 0.1000000000000000056, -0.09999999999999997780 ) ) ;
#1553 = DIRECTION ( 'NONE',  ( 0.000000000000000000, 0.000000000000000000, -1.000000000000000000 ) ) ;
#1554 = PLANE ( 'NONE',  #166 ) ;
#1555 = DIRECTION ( 'NONE',  ( 0.000000000000000000, 1.000000000000000000, -0.000000000000000000 ) ) ;
#1556 = VERTEX_POINT ( 'NONE', #1602 ) ;
#1557 = DIRECTION ( 'NONE',  ( -1.000000000000000000, 0.000000000000000000, 0.000000000000000000 ) ) ;
#1558 = VERTEX_POINT ( 'NONE', #1612 ) ;
#1559 = LINE ( 'NONE', #1249, #1845 ) ;
#1560 = DIRECTION ( 'NONE',  ( 0.000000000000000000, -1.000000000000000000, 0.000000000000000000 ) ) ;
#1561 = LINE ( 'NONE', #1867, #638 ) ;
#1562 = FACE_OUTER_BOUND ( 'NONE', #729, .T. ) ;
#1563 = CARTESIAN_POINT ( 'NONE',  ( -0.3482233047033629347, 2.337306877479661704, 0.07322330470336214925 ) ) ;
#1564 = VECTOR ( 'NONE', #431, 1000.000000000000000 ) ;
#1565 = VERTEX_POINT ( 'NONE', #1310 ) ;
#1566 = EDGE_CURVE ( 'NONE', #1435, #1187, #302, .T. ) ;
#1567 = AXIS2_PLACEMENT_3D ( 'NONE', #531, #1120, #1708 ) ;
#1568 = CARTESIAN_POINT ( 'NONE',  ( -0.5750000000000002887, 0.000000000000000000, -0.4000000000000001332 ) ) ;
#1569 = VECTOR ( 'NONE', #632, 999.9999999999998863 ) ;
#1570 = LINE ( 'NONE', #672, #981 ) ;
#1571 = CIRCLE ( 'NONE', #1138, 0.05000000000000002359 ) ;
#1572 = LINE ( 'NONE', #821, #209 ) ;
#1573 = FILL_AREA_STYLE ('',( #123 ) ) ;
#1574 = ADVANCED_FACE ( 'NONE', ( #1478 ), #1619, .F. ) ;
#1575 = VERTEX_POINT ( 'NONE', #721 ) ;
#1576 = DIRECTION ( 'NONE',  ( 1.000000000000000000, 0.000000000000000000, -4.613626265895765162E-17 ) ) ;
#1577 = ORIENTED_EDGE ( 'NONE', *, *, #1179, .T. ) ;
#1578 = ADVANCED_FACE ( 'NONE', ( #902 ), #1035, .T. ) ;
#1579 = LINE ( 'NONE', #250, #143 ) ;
#1580 = VERTEX_POINT ( 'NONE', #1754 ) ;
#1581 = DIRECTION ( 'NONE',  ( 0.7071067811865433539, 0.000000000000000000, 0.7071067811865517916 ) ) ;
#1582 = DIRECTION ( 'NONE',  ( 0.000000000000000000, -0.000000000000000000, -1.000000000000000000 ) ) ;
#1583 = SURFACE_STYLE_USAGE ( .BOTH. , #1432 ) ;
#1584 = UNCERTAINTY_MEASURE_WITH_UNIT (LENGTH_MEASURE( 1.000000000000000082E-05 ), #1903, 'distance_accuracy_value', 'NONE');
#1585 = EDGE_LOOP ( 'NONE', ( #1210, #870, #148, #1513 ) ) ;
#1586 = DIRECTION ( 'NONE',  ( -2.168404344971015771E-16, 0.000000000000000000, 1.000000000000000000 ) ) ;
#1587 = ORIENTED_EDGE ( 'NONE', *, *, #713, .F. ) ;
#1588 = CARTESIAN_POINT ( 'NONE',  ( 1.000000000000000000, 0.6999999999999999556, -0.6250000000000001110 ) ) ;
#1589 = ORIENTED_EDGE ( 'NONE', *, *, #1710, .F. ) ;
#1590 = DIRECTION ( 'NONE',  ( 0.000000000000000000, -1.000000000000000000, 0.000000000000000000 ) ) ;
#1591 = PLANE ( 'NONE',  #801 ) ;
#1592 = EDGE_CURVE ( 'NONE', #1767, #504, #439, .T. ) ;
#1593 = VERTEX_POINT ( 'NONE', #1302 ) ;
#1594 = DIRECTION ( 'NONE',  ( 0.000000000000000000, -1.000000000000000000, 0.000000000000000000 ) ) ;
#1595 = EDGE_LOOP ( 'NONE', ( #1346, #1810, #1326, #133, #622, #866, #1423, #735 ) ) ;
#1596 = AXIS2_PLACEMENT_3D ( 'NONE', #467, #912, #612 ) ;
#1597 = DIRECTION ( 'NONE',  ( -1.000000000000000000, -0.000000000000000000, -0.000000000000000000 ) ) ;
#1598 = VECTOR ( 'NONE', #1131, 1000.000000000000000 ) ;
#1599 = ORIENTED_EDGE ( 'NONE', *, *, #1772, .F. ) ;
#1600 = AXIS2_PLACEMENT_3D ( 'NONE', #1550, #1715, #222 ) ;
#1601 = DIRECTION ( 'NONE',  ( 0.000000000000000000, 0.000000000000000000, -1.000000000000000000 ) ) ;
#1602 = CARTESIAN_POINT ( 'NONE',  ( -0.1714466094067270130, 0.6999999999999999556, 0.5000000000000002220 ) ) ;
#1603 = AXIS2_PLACEMENT_3D ( 'NONE', #247, #105, #424 ) ;
#1604 = EDGE_CURVE ( 'NONE', #29, #1024, #564, .T. ) ;
#1605 = AXIS2_PLACEMENT_3D ( 'NONE', #1212, #1682, #797 ) ;
#1606 = ORIENTED_EDGE ( 'NONE', *, *, #408, .T. ) ;
#1607 = ORIENTED_EDGE ( 'NONE', *, *, #79, .F. ) ;
#1608 = PLANE ( 'NONE',  #1501 ) ;
#1609 = ORIENTED_EDGE ( 'NONE', *, *, #1455, .T. ) ;
#1610 = ADVANCED_FACE ( 'NONE', ( #1461 ), #1165, .F. ) ;
#1611 = CARTESIAN_POINT ( 'NONE',  ( -1.000000000000000000, 0.000000000000000000, 0.6249999999999998890 ) ) ;
#1612 = CARTESIAN_POINT ( 'NONE',  ( -1.000000000000000000, 0.000000000000000000, -0.4000000000000001887 ) ) ;
#1613 = ORIENTED_EDGE ( 'NONE', *, *, #540, .T. ) ;
#1614 = EDGE_CURVE ( 'NONE', #1119, #951, #419, .T. ) ;
#1615 = EDGE_LOOP ( 'NONE', ( #1243, #719, #964, #679, #928, #1551 ) ) ;
#1616 = LINE ( 'NONE', #1588, #1718 ) ;
#1617 = ORIENTED_EDGE ( 'NONE', *, *, #597, .F. ) ;
#1618 = CARTESIAN_POINT ( 'NONE',  ( -0.1714466094067270130, 0.5000000000000000000, 0.5000000000000002220 ) ) ;
#1619 = PLANE ( 'NONE',  #1693 ) ;
#1620 = EDGE_LOOP ( 'NONE', ( #471, #921, #664, #1904 ) ) ;
#1621 = VERTEX_POINT ( 'NONE', #432 ) ;
#1622 = EDGE_CURVE ( 'NONE', #1306, #1580, #1319, .T. ) ;
#1623 = CARTESIAN_POINT ( 'NONE',  ( -0.1749999999999999889, 0.000000000000000000, -0.3500000000000000888 ) ) ;
#1624 = ORIENTED_EDGE ( 'NONE', *, *, #1566, .T. ) ;
#1625 = VECTOR ( 'NONE', #601, 1000.000000000000000 ) ;
#1626 = DIRECTION ( 'NONE',  ( -0.000000000000000000, -1.000000000000000000, -0.000000000000000000 ) ) ;
#1627 = DIRECTION ( 'NONE',  ( -0.7071067811865512365, 0.000000000000000000, 0.7071067811865439090 ) ) ;
#1628 = VECTOR ( 'NONE', #882, 1000.000000000000000 ) ;
#1629 = AXIS2_PLACEMENT_3D ( 'NONE', #351, #238, #1706 ) ;
#1630 = CARTESIAN_POINT ( 'NONE',  ( -0.3482233047033629347, 0.5000000000000000000, 0.07322330470336214925 ) ) ;
#1631 = EDGE_LOOP ( 'NONE', ( #1656, #1330, #772, #292 ) ) ;
#1632 = AXIS2_PLACEMENT_3D ( 'NONE', #487, #1087, #1654 ) ;
#1633 = AXIS2_PLACEMENT_3D ( 'NONE', #843, #1560, #1144 ) ;
#1634 = FACE_OUTER_BOUND ( 'NONE', #732, .T. ) ;
#1635 = EDGE_CURVE ( 'NONE', #504, #91, #1022, .T. ) ;
#1636 = ORIENTED_EDGE ( 'NONE', *, *, #774, .F. ) ;
#1637 = CARTESIAN_POINT ( 'NONE',  ( -0.1750000000000000722, 0.2000000000000000111, 0.3500000000000000333 ) ) ;
#1638 = CARTESIAN_POINT ( 'NONE',  ( 0.6250000000000001110, 0.5000000000000000000, -0.2500000000000001110 ) ) ;
#1639 = CARTESIAN_POINT ( 'NONE',  ( -0.7250000000000024203, 0.2000000000000000111, 0.3999999999999999112 ) ) ;
#1640 = ORIENTED_EDGE ( 'NONE', *, *, #1198, .T. ) ;
#1641 = SURFACE_STYLE_USAGE ( .BOTH. , #623 ) ;
#1642 = DIRECTION ( 'NONE',  ( 0.000000000000000000, 0.000000000000000000, -1.000000000000000000 ) ) ;
#1643 = ORIENTED_EDGE ( 'NONE', *, *, #45, .T. ) ;
#1644 = CARTESIAN_POINT ( 'NONE',  ( 0.6250000000000001110, 0.6900000000000000577, -0.2500000000000001110 ) ) ;
#1645 = CARTESIAN_POINT ( 'NONE',  ( -1.000000000000000000, 0.2000000000000000111, 0.3999999999999999112 ) ) ;
#1646 = DIRECTION ( 'NONE',  ( 0.000000000000000000, 0.000000000000000000, -1.000000000000000000 ) ) ;
#1647 = LINE ( 'NONE', #1802, #1780 ) ;
#1648 = ORIENTED_EDGE ( 'NONE', *, *, #792, .F. ) ;
#1649 = CARTESIAN_POINT ( 'NONE',  ( -0.1749999999999999889, 0.2000000000000000111, -0.3500000000000000888 ) ) ;
#1650 = ORIENTED_EDGE ( 'NONE', *, *, #94, .T. ) ;
#1651 = LINE ( 'NONE', #1354, #5 ) ;
#1652 = DIRECTION ( 'NONE',  ( -1.000000000000000000, -0.000000000000000000, -3.229538386127035428E-16 ) ) ;
#1653 = CARTESIAN_POINT ( 'NONE',  ( -0.5750000000000002887, 0.2000000000000000111, -0.4000000000000001332 ) ) ;
#1654 = DIRECTION ( 'NONE',  ( 0.000000000000000000, 0.000000000000000000, -1.000000000000000000 ) ) ;
#1655 = VECTOR ( 'NONE', #1743, 1000.000000000000000 ) ;
#1656 = ORIENTED_EDGE ( 'NONE', *, *, #1479, .T. ) ;
#1657 = EDGE_CURVE ( 'NONE', #1026, #1329, #1929, .T. ) ;
#1658 = VECTOR ( 'NONE', #708, 1000.000000000000000 ) ;
#1659 = CIRCLE ( 'NONE', #1783, 0.2000000000000000944 ) ;
#1660 = SURFACE_STYLE_FILL_AREA ( #1503 ) ;
#1661 = VECTOR ( 'NONE', #1395, 1000.000000000000000 ) ;
#1662 = CARTESIAN_POINT ( 'NONE',  ( 0.6249999999999982236, 0.6999999999999999556, 0.5000000000000000000 ) ) ;
#1663 = ORIENTED_EDGE ( 'NONE', *, *, #389, .F. ) ;
#1664 = CARTESIAN_POINT ( 'NONE',  ( -0.1749999999999999889, 0.2000000000000000111, -0.3500000000000000888 ) ) ;
#1665 = CARTESIAN_POINT ( 'NONE',  ( -0.2250000000000000888, 0.2000000000000000111, 0.3499999999999996447 ) ) ;
#1666 = CYLINDRICAL_SURFACE ( 'NONE', #353, 0.2500000000000000000 ) ;
#1667 = ORIENTED_EDGE ( 'NONE', *, *, #294, .F. ) ;
#1668 = CARTESIAN_POINT ( 'NONE',  ( 1.000000000000000000, 0.2000000000000000111, 0.4000000000000004108 ) ) ;
#1669 = PRODUCT_DEFINITION ( 'UNKNOWN', '', #739, #1135 ) ;
#1670 = CARTESIAN_POINT ( 'NONE',  ( 1.000000000000000000, 0.1000000000000000056, 0.3000000000000000999 ) ) ;
#1671 = ORIENTED_EDGE ( 'NONE', *, *, #738, .T. ) ;
#1672 = SURFACE_SIDE_STYLE ('',( #1372 ) ) ;
#1673 = LINE ( 'NONE', #483, #490 ) ;
#1674 = PLANE ( 'NONE',  #728 ) ;
#1675 = LINE ( 'NONE', #348, #142 ) ;
#1676 = ORIENTED_EDGE ( 'NONE', *, *, #1314, .F. ) ;
#1677 = EDGE_CURVE ( 'NONE', #891, #1565, #150, .T. ) ;
#1678 = CARTESIAN_POINT ( 'NONE',  ( -0.7999999999999999334, 0.1000000000000000056, 0.09999999999999995004 ) ) ;
#1679 = FACE_OUTER_BOUND ( 'NONE', #1244, .T. ) ;
#1680 = ORIENTED_EDGE ( 'NONE', *, *, #1859, .T. ) ;
#1681 = EDGE_CURVE ( 'NONE', #1923, #25, #1911, .T. ) ;
#1682 = DIRECTION ( 'NONE',  ( -0.000000000000000000, -1.000000000000000000, -0.000000000000000000 ) ) ;
#1683 = DIRECTION ( 'NONE',  ( 0.000000000000000000, -0.000000000000000000, -1.000000000000000000 ) ) ;
#1684 = LINE ( 'NONE', #357, #1569 ) ;
#1685 = ORIENTED_EDGE ( 'NONE', *, *, #686, .T. ) ;
#1686 = CIRCLE ( 'NONE', #1809, 0.2500000000000000000 ) ;
#1687 = ORIENTED_EDGE ( 'NONE', *, *, #115, .F. ) ;
#1688 = LINE ( 'NONE', #1089, #421 ) ;
#1689 = EDGE_CURVE ( 'NONE', #1026, #1884, #240, .T. ) ;
#1690 = DIRECTION ( 'NONE',  ( -0.7071067811865516806, -0.000000000000000000, 0.7071067811865434649 ) ) ;
#1691 = VECTOR ( 'NONE', #1366, 1000.000000000000000 ) ;
#1692 = EDGE_LOOP ( 'NONE', ( #1456, #1489, #107, #1624 ) ) ;
#1693 = AXIS2_PLACEMENT_3D ( 'NONE', #1045, #748, #883 ) ;
#1694 = CARTESIAN_POINT ( 'NONE',  ( -1.000000000000000000, 0.000000000000000000, -0.09999999999999996392 ) ) ;
#1695 = EDGE_CURVE ( 'NONE', #1119, #103, #1323, .T. ) ;
#1696 = DIRECTION ( 'NONE',  ( 0.000000000000000000, 0.000000000000000000, -1.000000000000000000 ) ) ;
#1697 = EDGE_CURVE ( 'NONE', #460, #480, #1817, .T. ) ;
#1698 = CARTESIAN_POINT ( 'NONE',  ( 0.6249999999999982236, 0.6999999999999999556, -0.5000000000000001110 ) ) ;
#1699 = CYLINDRICAL_SURFACE ( 'NONE', #888, 0.2500000000000000000 ) ;
#1700 = DIRECTION ( 'NONE',  ( 1.000000000000000000, 0.000000000000000000, -2.722598501092568783E-16 ) ) ;
#1701 = VERTEX_POINT ( 'NONE', #1665 ) ;
#1702 = CARTESIAN_POINT ( 'NONE',  ( -0.1749999999999996558, 0.2000000000000000111, -0.4000000000000001332 ) ) ;
#1703 = DIRECTION ( 'NONE',  ( 0.000000000000000000, 0.000000000000000000, -1.000000000000000000 ) ) ;
#1704 = CARTESIAN_POINT ( 'NONE',  ( -1.000000000000000000, 0.1000000000000000056, -0.09999999999999996392 ) ) ;
#1705 = EDGE_CURVE ( 'NONE', #1580, #1558, #1673, .T. ) ;
#1706 = DIRECTION ( 'NONE',  ( 1.971276677246372998E-16, 0.000000000000000000, -1.000000000000000000 ) ) ;
#1707 = ORIENTED_EDGE ( 'NONE', *, *, #859, .F. ) ;
#1708 = DIRECTION ( 'NONE',  ( 0.000000000000000000, 0.000000000000000000, 1.000000000000000000 ) ) ;
#1709 = PLANE ( 'NONE',  #986 ) ;
#1710 = EDGE_CURVE ( 'NONE', #978, #1141, #768, .T. ) ;
#1711 = CARTESIAN_POINT ( 'NONE',  ( -0.2250000000000000888, 0.2000000000000000111, 0.3499999999999996447 ) ) ;
#1712 = LINE ( 'NONE', #245, #391 ) ;
#1713 = ADVANCED_FACE ( 'NONE', ( #1095 ), #495, .F. ) ;
#1714 = VECTOR ( 'NONE', #305, 1000.000000000000000 ) ;
#1715 = DIRECTION ( 'NONE',  ( -2.722598501092568783E-16, 0.000000000000000000, -1.000000000000000000 ) ) ;
#1716 = AXIS2_PLACEMENT_3D ( 'NONE', #1385, #1777, #455 ) ;
#1717 = ORIENTED_EDGE ( 'NONE', *, *, #1278, .F. ) ;
#1718 = VECTOR ( 'NONE', #1898, 1000.000000000000000 ) ;
#1719 = CARTESIAN_POINT ( 'NONE',  ( 0.8750000000000000000, 0.6900000000000000577, 0.2500000000000000555 ) ) ;
#1720 = ADVANCED_FACE ( 'NONE', ( #1519 ), #1800, .T. ) ;
#1721 = DIRECTION ( 'NONE',  ( -0.000000000000000000, -0.000000000000000000, 1.000000000000000000 ) ) ;
#1722 = ORIENTED_EDGE ( 'NONE', *, *, #1689, .T. ) ;
#1723 = AXIS2_PLACEMENT_3D ( 'NONE', #983, #1555, #1422 ) ;
#1724 = DIRECTION ( 'NONE',  ( 1.548860246407864815E-16, 0.000000000000000000, -1.000000000000000000 ) ) ;
#1725 = AXIS2_PLACEMENT_3D ( 'NONE', #233, #82, #1553 ) ;
#1726 = CARTESIAN_POINT ( 'NONE',  ( -0.1749999999999999889, 0.2000000000000000111, -0.3500000000000000888 ) ) ;
#1727 = DIRECTION ( 'NONE',  ( 0.000000000000000000, 0.000000000000000000, 1.000000000000000000 ) ) ;
#1728 = ORIENTED_EDGE ( 'NONE', *, *, #666, .F. ) ;
#1729 = DIRECTION ( 'NONE',  ( 0.000000000000000000, 0.000000000000000000, 1.000000000000000000 ) ) ;
#1730 = EDGE_LOOP ( 'NONE', ( #1607, #33, #1005, #1057, #1471, #44, #908, #62 ) ) ;
#1731 = CARTESIAN_POINT ( 'NONE',  ( 0.6250000000000000000, 0.5000000000000000000, 0.2500000000000000555 ) ) ;
#1732 = DIRECTION ( 'NONE',  ( -1.971276677246372752E-16, -0.000000000000000000, 1.000000000000000000 ) ) ;
#1733 = ORIENTED_EDGE ( 'NONE', *, *, #545, .F. ) ;
#1734 = CYLINDRICAL_SURFACE ( 'NONE', #1469, 0.2500000000000000000 ) ;
#1735 = CARTESIAN_POINT ( 'NONE',  ( -0.1749999999999997669, 0.000000000000000000, 0.4000000000000000777 ) ) ;
#1736 = ORIENTED_EDGE ( 'NONE', *, *, #74, .F. ) ;
#1737 = EDGE_CURVE ( 'NONE', #193, #1746, #55, .T. ) ;
#1738 = FACE_OUTER_BOUND ( 'NONE', #186, .T. ) ;
#1739 = ORIENTED_EDGE ( 'NONE', *, *, #834, .T. ) ;
#1740 = LINE ( 'NONE', #416, #1470 ) ;
#1741 = EDGE_CURVE ( 'NONE', #88, #1217, #1355, .T. ) ;
#1742 = ORIENTED_EDGE ( 'NONE', *, *, #375, .F. ) ;
#1743 = DIRECTION ( 'NONE',  ( 1.000000000000000000, 0.000000000000000000, 0.000000000000000000 ) ) ;
#1744 = DIRECTION ( 'NONE',  ( -1.548860246407864815E-16, 0.000000000000000000, 1.000000000000000000 ) ) ;
#1745 =( NAMED_UNIT ( * ) SI_UNIT ( $, .STERADIAN. ) SOLID_ANGLE_UNIT ( ) );
#1746 = VERTEX_POINT ( 'NONE', #1074 ) ;
#1747 = FACE_OUTER_BOUND ( 'NONE', #304, .T. ) ;
#1748 = EDGE_CURVE ( 'NONE', #508, #278, #80, .T. ) ;
#1749 = ORIENTED_EDGE ( 'NONE', *, *, #1677, .F. ) ;
#1750 = VECTOR ( 'NONE', #1487, 1000.000000000000000 ) ;
#1751 = VECTOR ( 'NONE', #923, 1000.000000000000000 ) ;
#1752 = ORIENTED_EDGE ( 'NONE', *, *, #2, .F. ) ;
#1753 = LINE ( 'NONE', #1327, #1564 ) ;
#1754 = CARTESIAN_POINT ( 'NONE',  ( -1.000000000000000000, 0.2000000000000000111, -0.4000000000000001332 ) ) ;
#1755 = VECTOR ( 'NONE', #832, 1000.000000000000000 ) ;
#1756 = AXIS2_PLACEMENT_3D ( 'NONE', #589, #1185, #1769 ) ;
#1757 = ORIENTED_EDGE ( 'NONE', *, *, #953, .T. ) ;
#1758 = ORIENTED_EDGE ( 'NONE', *, *, #1741, .T. ) ;
#1759 = FACE_OUTER_BOUND ( 'NONE', #818, .T. ) ;
#1760 = VERTEX_POINT ( 'NONE', #1364 ) ;
#1761 = LINE ( 'NONE', #1618, #1628 ) ;
#1762 = DIRECTION ( 'NONE',  ( -1.000000000000000000, 0.000000000000000000, -1.548860246407864815E-16 ) ) ;
#1763 = VERTEX_POINT ( 'NONE', #1205 ) ;
#1764 = ADVANCED_FACE ( 'NONE', ( #473 ), #652, .T. ) ;
#1765 = EDGE_LOOP ( 'NONE', ( #387, #668, #781, #1648, #1821, #1425, #617, #59 ) ) ;
#1766 = CARTESIAN_POINT ( 'NONE',  ( -1.000000000000000000, 0.000000000000000000, 0.3999999999999999112 ) ) ;
#1767 = VERTEX_POINT ( 'NONE', #7 ) ;
#1768 = FACE_OUTER_BOUND ( 'NONE', #1924, .T. ) ;
#1769 = DIRECTION ( 'NONE',  ( 0.000000000000000000, 0.000000000000000000, -1.000000000000000000 ) ) ;
#1770 = ORIENTED_EDGE ( 'NONE', *, *, #792, .T. ) ;
#1771 = ORIENTED_EDGE ( 'NONE', *, *, #1201, .T. ) ;
#1772 = EDGE_CURVE ( 'NONE', #1306, #1324, #354, .T. ) ;
#1773 = CYLINDRICAL_SURFACE ( 'NONE', #46, 0.05000000000000002359 ) ;
#1774 = AXIS2_PLACEMENT_3D ( 'NONE', #1058, #1337, #1215 ) ;
#1775 = ORIENTED_EDGE ( 'NONE', *, *, #202, .F. ) ;
#1776 = AXIS2_PLACEMENT_3D ( 'NONE', #1476, #563, #854 ) ;
#1777 = DIRECTION ( 'NONE',  ( 1.000000000000000000, 0.000000000000000000, 0.000000000000000000 ) ) ;
#1778 = DIRECTION ( 'NONE',  ( 0.000000000000000000, 1.000000000000000000, 0.000000000000000000 ) ) ;
#1779 = AXIS2_PLACEMENT_3D ( 'NONE', #1050, #1642, #745 ) ;
#1780 = VECTOR ( 'NONE', #475, 1000.000000000000000 ) ;
#1781 = DIRECTION ( 'NONE',  ( -0.000000000000000000, -0.000000000000000000, 1.000000000000000000 ) ) ;
#1782 = ORIENTED_EDGE ( 'NONE', *, *, #1288, .T. ) ;
#1783 = AXIS2_PLACEMENT_3D ( 'NONE', #12, #987, #716 ) ;
#1784 = AXIS2_PLACEMENT_3D ( 'NONE', #1251, #556, #1841 ) ;
#1785 =( NAMED_UNIT ( * ) PLANE_ANGLE_UNIT ( ) SI_UNIT ( $, .RADIAN. ) );
#1786 = PLANE ( 'NONE',  #1779 ) ;
#1787 = ORIENTED_EDGE ( 'NONE', *, *, #335, .T. ) ;
#1788 = EDGE_CURVE ( 'NONE', #480, #1481, #466, .T. ) ;
#1789 = DIRECTION ( 'NONE',  ( 0.000000000000000000, -0.000000000000000000, -1.000000000000000000 ) ) ;
#1790 = DIRECTION ( 'NONE',  ( 0.000000000000000000, -1.000000000000000000, 0.000000000000000000 ) ) ;
#1791 = LINE ( 'NONE', #787, #1870 ) ;
#1792 = DIRECTION ( 'NONE',  ( 0.000000000000000000, 0.000000000000000000, -1.000000000000000000 ) ) ;
#1793 = ORIENTED_EDGE ( 'NONE', *, *, #509, .T. ) ;
#1794 = DIRECTION ( 'NONE',  ( 0.000000000000000000, -0.000000000000000000, 1.000000000000000000 ) ) ;
#1795 = EDGE_CURVE ( 'NONE', #131, #359, #458, .T. ) ;
#1796 = LINE ( 'NONE', #470, #1536 ) ;
#1797 = ORIENTED_EDGE ( 'NONE', *, *, #127, .T. ) ;
#1798 = FACE_OUTER_BOUND ( 'NONE', #435, .T. ) ;
#1799 = ADVANCED_FACE ( 'NONE', ( #932 ), #317, .F. ) ;
#1800 = CYLINDRICAL_SURFACE ( 'NONE', #677, 0.2500000000000002220 ) ;
#1801 = CARTESIAN_POINT ( 'NONE',  ( 0.6250000000000001110, 2.337306877479661704, -0.2500000000000001110 ) ) ;
#1802 = CARTESIAN_POINT ( 'NONE',  ( -1.000000000000000000, 0.000000000000000000, -0.4000000000000001332 ) ) ;
#1803 = VERTEX_POINT ( 'NONE', #1341 ) ;
#1804 = DIRECTION ( 'NONE',  ( -0.000000000000000000, -1.000000000000000000, -0.000000000000000000 ) ) ;
#1805 = EDGE_LOOP ( 'NONE', ( #1546, #440, #996, #252 ) ) ;
#1806 = DIRECTION ( 'NONE',  ( -3.229538386127035428E-16, 0.000000000000000000, 1.000000000000000000 ) ) ;
#1807 = DIRECTION ( 'NONE',  ( 0.000000000000000000, 0.000000000000000000, 1.000000000000000000 ) ) ;
#1808 = DIRECTION ( 'NONE',  ( 0.000000000000000000, 0.000000000000000000, -1.000000000000000000 ) ) ;
#1809 = AXIS2_PLACEMENT_3D ( 'NONE', #812, #555, #83 ) ;
#1810 = ORIENTED_EDGE ( 'NONE', *, *, #1114, .F. ) ;
#1811 = CIRCLE ( 'NONE', #1632, 0.2000000000000000944 ) ;
#1812 =( NAMED_UNIT ( * ) SI_UNIT ( $, .STERADIAN. ) SOLID_ANGLE_UNIT ( ) );
#1813 = VECTOR ( 'NONE', #180, 1000.000000000000000 ) ;
#1814 = LINE ( 'NONE', #177, #298 ) ;
#1815 = ORIENTED_EDGE ( 'NONE', *, *, #634, .T. ) ;
#1816 = LINE ( 'NONE', #608, #730 ) ;
#1817 = LINE ( 'NONE', #640, #892 ) ;
#1818 = EDGE_CURVE ( 'NONE', #4, #183, #778, .T. ) ;
#1819 = PLANE ( 'NONE',  #1100 ) ;
#1820 = FACE_OUTER_BOUND ( 'NONE', #1066, .T. ) ;
#1821 = ORIENTED_EDGE ( 'NONE', *, *, #600, .F. ) ;
#1822 = EDGE_CURVE ( 'NONE', #1051, #508, #911, .T. ) ;
#1823 = FACE_OUTER_BOUND ( 'NONE', #367, .T. ) ;
#1824 = EDGE_CURVE ( 'NONE', #243, #852, #327, .T. ) ;
#1825 = CARTESIAN_POINT ( 'NONE',  ( -1.000000000000000000, 0.6999999999999999556, 0.6249999999999998890 ) ) ;
#1826 = VERTEX_POINT ( 'NONE', #1273 ) ;
#1827 = CARTESIAN_POINT ( 'NONE',  ( -0.1749999999999997669, 0.000000000000000000, 0.4000000000000000222 ) ) ;
#1828 = CARTESIAN_POINT ( 'NONE',  ( -0.1749999999999999889, 0.2000000000000000111, -0.3500000000000000888 ) ) ;
#1829 = DIRECTION ( 'NONE',  ( 0.7071067811865513475, 0.000000000000000000, -0.7071067811865437980 ) ) ;
#1830 = EDGE_CURVE ( 'NONE', #1621, #278, #512, .T. ) ;
#1831 = DIRECTION ( 'NONE',  ( -0.000000000000000000, -1.000000000000000000, -0.000000000000000000 ) ) ;
#1832 = VERTEX_POINT ( 'NONE', #407 ) ;
#1833 = ORIENTED_EDGE ( 'NONE', *, *, #1106, .T. ) ;
#1834 = CARTESIAN_POINT ( 'NONE',  ( -0.5750000000000002887, 0.2000000000000000111, -0.4000000000000001332 ) ) ;
#1835 = EDGE_CURVE ( 'NONE', #231, #1439, #64, .T. ) ;
#1836 = FACE_OUTER_BOUND ( 'NONE', #1402, .T. ) ;
#1837 = ORIENTED_EDGE ( 'NONE', *, *, #915, .F. ) ;
#1838 = EDGE_CURVE ( 'NONE', #703, #1324, #1286, .T. ) ;
#1839 = LINE ( 'NONE', #1126, #829 ) ;
#1840 = CARTESIAN_POINT ( 'NONE',  ( -0.7250000000000024203, 0.2000000000000000111, 0.3999999999999999112 ) ) ;
#1841 = DIRECTION ( 'NONE',  ( 0.000000000000000000, 0.000000000000000000, 1.000000000000000000 ) ) ;
#1842 = AXIS2_PLACEMENT_3D ( 'NONE', #49, #929, #1794 ) ;
#1843 = VECTOR ( 'NONE', #1724, 1000.000000000000000 ) ;
#1844 = FACE_OUTER_BOUND ( 'NONE', #1125, .T. ) ;
#1845 = VECTOR ( 'NONE', #1240, 1000.000000000000000 ) ;
#1846 = PLANE ( 'NONE',  #922 ) ;
#1847 = VECTOR ( 'NONE', #151, 1000.000000000000000 ) ;
#1848 = VERTEX_POINT ( 'NONE', #1105 ) ;
#1849 = AXIS2_PLACEMENT_3D ( 'NONE', #501, #1232, #1509 ) ;
#1850 = DIRECTION ( 'NONE',  ( 0.000000000000000000, -1.000000000000000000, 0.000000000000000000 ) ) ;
#1851 = LINE ( 'NONE', #395, #1661 ) ;
#1852 = EDGE_CURVE ( 'NONE', #434, #1558, #216, .T. ) ;
#1853 = CARTESIAN_POINT ( 'NONE',  ( -1.000000000000000000, 0.000000000000000000, 0.3999999999999999112 ) ) ;
#1854 = FACE_OUTER_BOUND ( 'NONE', #751, .T. ) ;
#1855 = LINE ( 'NONE', #1417, #1755 ) ;
#1856 = ORIENTED_EDGE ( 'NONE', *, *, #58, .T. ) ;
#1857 = DIRECTION ( 'NONE',  ( 0.000000000000000000, 0.000000000000000000, 1.000000000000000000 ) ) ;
#1858 = DIRECTION ( 'NONE',  ( -1.000000000000000000, -0.000000000000000000, -3.229538386127035428E-16 ) ) ;
#1859 = EDGE_CURVE ( 'NONE', #321, #1315, #1851, .T. ) ;
#1860 = PLANE ( 'NONE',  #856 ) ;
#1861 = FACE_OUTER_BOUND ( 'NONE', #599, .T. ) ;
#1862 = EDGE_CURVE ( 'NONE', #951, #4, #1571, .T. ) ;
#1863 = DIRECTION ( 'NONE',  ( 0.000000000000000000, 0.000000000000000000, -1.000000000000000000 ) ) ;
#1864 = ORIENTED_EDGE ( 'NONE', *, *, #1818, .T. ) ;
#1865 = FACE_OUTER_BOUND ( 'NONE', #413, .T. ) ;
#1866 = ORIENTED_EDGE ( 'NONE', *, *, #909, .T. ) ;
#1867 = CARTESIAN_POINT ( 'NONE',  ( -1.000000000000000000, 0.2000000000000000111, -0.4000000000000001332 ) ) ;
#1868 = DIRECTION ( 'NONE',  ( 0.000000000000000000, 0.000000000000000000, -1.000000000000000000 ) ) ;
#1869 = ORIENTED_EDGE ( 'NONE', *, *, #1369, .T. ) ;
#1870 = VECTOR ( 'NONE', #1829, 1000.000000000000000 ) ;
#1871 = DIRECTION ( 'NONE',  ( -1.000000000000000000, 0.000000000000000000, 0.000000000000000000 ) ) ;
#1872 = VECTOR ( 'NONE', #1290, 1000.000000000000000 ) ;
#1873 = ORIENTED_EDGE ( 'NONE', *, *, #279, .T. ) ;
#1874 = AXIS2_PLACEMENT_3D ( 'NONE', #678, #807, #1408 ) ;
#1875 = FACE_OUTER_BOUND ( 'NONE', #57, .T. ) ;
#1876 = DIRECTION ( 'NONE',  ( 0.000000000000000000, -1.000000000000000000, 0.000000000000000000 ) ) ;
#1877 = EDGE_LOOP ( 'NONE', ( #850, #468, #404, #1873, #256, #808, #1098, #742, #1279, #1353 ) ) ;
#1878 = AXIS2_PLACEMENT_3D ( 'NONE', #1160, #303, #1424 ) ;
#1879 = CARTESIAN_POINT ( 'NONE',  ( -0.2250000000000000056, 0.2000000000000000111, -0.3499999999999997002 ) ) ;
#1880 = AXIS2_PLACEMENT_3D ( 'NONE', #1702, #835, #819 ) ;
#1881 = DIRECTION ( 'NONE',  ( -0.7071067811865516806, -0.000000000000000000, 0.7071067811865434649 ) ) ;
#1882 = ADVANCED_FACE ( 'NONE', ( #697 ), #1709, .F. ) ;
#1883 = SURFACE_STYLE_FILL_AREA ( #1573 ) ;
#1884 = VERTEX_POINT ( 'NONE', #553 ) ;
#1885 = ADVANCED_FACE ( 'NONE', ( #1865 ), #1113, .T. ) ;
#1886 = CARTESIAN_POINT ( 'NONE',  ( 1.000000000000000000, 0.000000000000000000, 0.3000000000000000999 ) ) ;
#1887 = ORIENTED_EDGE ( 'NONE', *, *, #100, .T. ) ;
#1888 = EDGE_CURVE ( 'NONE', #1141, #1832, #1579, .T. ) ;
#1889 = CYLINDRICAL_SURFACE ( 'NONE', #886, 0.05000000000000002359 ) ;
#1890 = ORIENTED_EDGE ( 'NONE', *, *, #58, .F. ) ;
#1891 = DIRECTION ( 'NONE',  ( 0.000000000000000000, 0.000000000000000000, -1.000000000000000000 ) ) ;
#1892 = CARTESIAN_POINT ( 'NONE',  ( -0.1749999999999997669, 0.2000000000000000111, 0.4000000000000000222 ) ) ;
#1893 =( NAMED_UNIT ( * ) PLANE_ANGLE_UNIT ( ) SI_UNIT ( $, .RADIAN. ) );
#1894 = ADVANCED_FACE ( 'NONE', ( #368 ), #1403, .T. ) ;
#1895 = ORIENTED_EDGE ( 'NONE', *, *, #1336, .F. ) ;
#1896 = DIRECTION ( 'NONE',  ( 1.000000000000000000, 0.000000000000000000, 0.000000000000000000 ) ) ;
#1897 = ORIENTED_EDGE ( 'NONE', *, *, #1681, .F. ) ;
#1898 = DIRECTION ( 'NONE',  ( -0.000000000000000000, -1.000000000000000000, -0.000000000000000000 ) ) ;
#1899 = EDGE_CURVE ( 'NONE', #1040, #1484, #1412, .T. ) ;
#1900 = VERTEX_POINT ( 'NONE', #383 ) ;
#1901 = CARTESIAN_POINT ( 'NONE',  ( -1.000000000000000000, 0.000000000000000000, -0.6250000000000001110 ) ) ;
#1902 = CARTESIAN_POINT ( 'NONE',  ( -1.000000000000000000, 0.000000000000000000, 0.09999999999999996392 ) ) ;
#1903 =( LENGTH_UNIT ( ) NAMED_UNIT ( * ) SI_UNIT ( .MILLI., .METRE. ) );
#1904 = ORIENTED_EDGE ( 'NONE', *, *, #1428, .F. ) ;
#1905 = ORIENTED_EDGE ( 'NONE', *, *, #552, .T. ) ;
#1906 = VECTOR ( 'NONE', #1245, 1000.000000000000000 ) ;
#1907 = DIRECTION ( 'NONE',  ( 0.000000000000000000, -0.000000000000000000, -1.000000000000000000 ) ) ;
#1908 = CIRCLE ( 'NONE', #602, 0.2500000000000002220 ) ;
#1909 = ORIENTED_EDGE ( 'NONE', *, *, #857, .T. ) ;
#1910 = CARTESIAN_POINT ( 'NONE',  ( -0.1749999999999997669, 0.000000000000000000, 0.4000000000000000777 ) ) ;
#1911 = LINE ( 'NONE', #1892, #1199 ) ;
#1912 = CIRCLE ( 'NONE', #1502, 0.2500000000000000000 ) ;
#1913 = EDGE_CURVE ( 'NONE', #91, #891, #393, .T. ) ;
#1914 = AXIS2_PLACEMENT_3D ( 'NONE', #875, #276, #1627 ) ;
#1915 = ORIENTED_EDGE ( 'NONE', *, *, #1181, .F. ) ;
#1916 = STYLED_ITEM ( 'NONE', ( #1002 ), #586 ) ;
#1917 = ORIENTED_EDGE ( 'NONE', *, *, #939, .T. ) ;
#1918 = DIRECTION ( 'NONE',  ( 0.000000000000000000, 0.000000000000000000, 1.000000000000000000 ) ) ;
#1919 = ORIENTED_EDGE ( 'NONE', *, *, #1862, .F. ) ;
#1920 = DIRECTION ( 'NONE',  ( 0.000000000000000000, -1.000000000000000000, 0.000000000000000000 ) ) ;
#1921 = DIRECTION ( 'NONE',  ( 0.000000000000000000, 0.000000000000000000, -1.000000000000000000 ) ) ;
#1922 = EDGE_CURVE ( 'NONE', #359, #1459, #96, .T. ) ;
#1923 = VERTEX_POINT ( 'NONE', #1542 ) ;
#1924 = EDGE_LOOP ( 'NONE', ( #488, #267, #271, #836 ) ) ;
#1925 = EDGE_CURVE ( 'NONE', #1565, #1459, #811, .T. ) ;
#1926 = CARTESIAN_POINT ( 'NONE',  ( 1.000000000000000000, 0.6999999999999999556, 0.6249999999999998890 ) ) ;
#1927 = VERTEX_POINT ( 'NONE', #1568 ) ;
#1928 = CARTESIAN_POINT ( 'NONE',  ( -1.000000000000000000, 0.000000000000000000, -0.6250000000000001110 ) ) ;
#1929 = LINE ( 'NONE', #1454, #110 ) ;
#1930 = CARTESIAN_POINT ( 'NONE',  ( 0.3285533905932784271, 0.6900000000000000577, -0.2500000000000000000 ) ) ;
#1931 = ORIENTED_EDGE ( 'NONE', *, *, #137, .T. ) ;
ENDSEC;
END-ISO-10303-21;
